timestamp,datetime,source_agent,target_agent,conflict_type,parameter,affected_service,affected_kpi,observed_value,threshold_value,observed_delta_from_threshold,previous_observed_value,observed_delta_from_previous,conflict_decision,mitigation_action,latest_energy_command,latest_power_percent,rapp_decision,rapp_confidence,energy_state,slicer_state,ml_decision,ml_confidence,ml_predicted_cvar_ms,sim_time_s,cvar_ms,p95_ms,throughput_mbps,global_packet_loss_percent,total_active_cameras,total_active_ues,graph_path,conflict_reason,rapp_reason
1777011299,2026-04-24 03:14:59,rApp-CVaR/ML-Arbiter,xApp1-RANSlicer,implicit,global_health_policy,App1-Vigilancia,camera_throughput_mbps,22.5,25.0,-2.5,,,BLOCKED,FULL_POWER,FULL_POWER,100,BLOCKED,1.0,POWER_DOWN_ECO,NORMAL,,0.0,0.0,145.0,3.54025,3.5006967768595043,474.98512661157025,0.10629183839789753,3,20,CVaR/ML global KPI -> energy recommendation -> App1 KPI -> rApp mitigation,CÂMERA SLA: Throughput 22.5Mbps < 25Mbps (mínimo),CÂMERA SLA: Throughput 22.5Mbps < 25Mbps (mínimo)
1777011304,2026-04-24 03:15:04,rApp-CVaR/ML-Arbiter,xApp1-RANSlicer,implicit,global_health_policy,App1-Vigilancia,camera_throughput_mbps,22.5,25.0,-2.5,22.5,0.0,BLOCKED,FULL_POWER,FULL_POWER,100,BLOCKED,1.0,POWER_DOWN_ECO,NORMAL,,0.0,0.0,145.25,3.54025,3.500579338842975,1.38336,0.104545620680466,3,20,CVaR/ML global KPI -> energy recommendation -> App1 KPI -> rApp mitigation,CÂMERA SLA: Throughput 22.5Mbps < 25Mbps (mínimo),CÂMERA SLA: Throughput 22.5Mbps < 25Mbps (mínimo)
1777011310,2026-04-24 03:15:10,rApp-CVaR/ML-Arbiter,xApp1-RANSlicer,implicit,global_health_policy,App1-Vigilancia,camera_throughput_mbps,22.5,25.0,-2.5,22.5,0.0,BLOCKED,FULL_POWER,FULL_POWER,100,BLOCKED,1.0,POWER_DOWN_ECO,NORMAL,,0.0,0.0,145.25,3.54025,3.500579338842975,474.996559338843,0.10487411301125181,3,20,CVaR/ML global KPI -> energy recommendation -> App1 KPI -> rApp mitigation,CÂMERA SLA: Throughput 22.5Mbps < 25Mbps (mínimo),CÂMERA SLA: Throughput 22.5Mbps < 25Mbps (mínimo)
1777011315,2026-04-24 03:15:15,rApp-CVaR/ML-Arbiter,xApp1-RANSlicer,implicit,global_health_policy,App1-Vigilancia,camera_throughput_mbps,22.5,25.0,-2.5,22.5,0.0,BLOCKED,FULL_POWER,FULL_POWER,100,BLOCKED,1.0,POWER_DOWN_ECO,NORMAL,,0.0,0.0,145.5,3.54025,3.5003404958677686,0.0,0.10457402602160076,3,20,CVaR/ML global KPI -> energy recommendation -> App1 KPI -> rApp mitigation,CÂMERA SLA: Throughput 22.5Mbps < 25Mbps (mínimo),CÂMERA SLA: Throughput 22.5Mbps < 25Mbps (mínimo)
1777011320,2026-04-24 03:15:20,rApp-CVaR/ML-Arbiter,xApp1-RANSlicer,implicit,global_health_policy,App1-Vigilancia,camera_throughput_mbps,22.5,25.0,-2.5,22.5,0.0,BLOCKED,FULL_POWER,FULL_POWER,100,BLOCKED,1.0,POWER_DOWN_ECO,NORMAL,,0.0,0.0,145.75,3.54025,3.500210082644628,0.0,0.10154906348132318,3,20,CVaR/ML global KPI -> energy recommendation -> App1 KPI -> rApp mitigation,CÂMERA SLA: Throughput 22.5Mbps < 25Mbps (mínimo),CÂMERA SLA: Throughput 22.5Mbps < 25Mbps (mínimo)
1777011325,2026-04-24 03:15:25,rApp-CVaR/ML-Arbiter,xApp1-RANSlicer,implicit,global_health_policy,App1-Vigilancia,camera_throughput_mbps,22.5,25.0,-2.5,22.5,0.0,BLOCKED,FULL_POWER,FULL_POWER,100,BLOCKED,1.0,POWER_DOWN_ECO,NORMAL,,0.0,0.0,145.75,3.54025,3.500210082644628,474.98200859504135,0.1006110096053879,3,20,CVaR/ML global KPI -> energy recommendation -> App1 KPI -> rApp mitigation,CÂMERA SLA: Throughput 22.5Mbps < 25Mbps (mínimo),CÂMERA SLA: Throughput 22.5Mbps < 25Mbps (mínimo)
1777011330,2026-04-24 03:15:30,rApp-CVaR/ML-Arbiter,xApp1-RANSlicer,implicit,global_health_policy,App1-Vigilancia,camera_throughput_mbps,22.5,25.0,-2.5,22.5,0.0,BLOCKED,FULL_POWER,FULL_POWER,100,BLOCKED,1.0,POWER_DOWN_ECO,NORMAL,,0.0,0.0,146.0,3.54025,3.5003532231404955,0.54496,0.10137282619811444,3,20,CVaR/ML global KPI -> energy recommendation -> App1 KPI -> rApp mitigation,CÂMERA SLA: Throughput 22.5Mbps < 25Mbps (mínimo),CÂMERA SLA: Throughput 22.5Mbps < 25Mbps (mínimo)
1777011335,2026-04-24 03:15:35,rApp-CVaR/ML-Arbiter,xApp1-RANSlicer,implicit,global_health_policy,App1-Vigilancia,camera_throughput_mbps,22.5,25.0,-2.5,22.5,0.0,BLOCKED,FULL_POWER,FULL_POWER,100,BLOCKED,1.0,POWER_DOWN_ECO,NORMAL,,0.0,0.0,146.0,3.54025,3.5003532231404955,0.54496,0.10137282619811444,3,20,CVaR/ML global KPI -> energy recommendation -> App1 KPI -> rApp mitigation,CÂMERA SLA: Throughput 22.5Mbps < 25Mbps (mínimo),CÂMERA SLA: Throughput 22.5Mbps < 25Mbps (mínimo)
1777011340,2026-04-24 03:15:40,rApp-CVaR/ML-Arbiter,xApp1-RANSlicer,implicit,global_health_policy,App1-Vigilancia,camera_throughput_mbps,22.5,25.0,-2.5,22.5,0.0,BLOCKED,FULL_POWER,FULL_POWER,100,BLOCKED,1.0,POWER_DOWN_ECO,NORMAL,,0.0,0.0,146.25,3.54025,3.500278429752066,0.0,0.0988836557072356,3,20,CVaR/ML global KPI -> energy recommendation -> App1 KPI -> rApp mitigation,CÂMERA SLA: Throughput 22.5Mbps < 25Mbps (mínimo),CÂMERA SLA: Throughput 22.5Mbps < 25Mbps (mínimo)
1777011345,2026-04-24 03:15:45,rApp-CVaR/ML-Arbiter,xApp1-RANSlicer,implicit,global_health_policy,App1-Vigilancia,camera_throughput_mbps,22.5,25.0,-2.5,22.5,0.0,BLOCKED,FULL_POWER,FULL_POWER,100,BLOCKED,1.0,POWER_DOWN_ECO,NORMAL,,0.0,0.0,146.25,3.54025,3.500278429752066,474.98200859504135,0.09807419780337272,3,20,CVaR/ML global KPI -> energy recommendation -> App1 KPI -> rApp mitigation,CÂMERA SLA: Throughput 22.5Mbps < 25Mbps (mínimo),CÂMERA SLA: Throughput 22.5Mbps < 25Mbps (mínimo)
1777011350,2026-04-24 03:15:50,rApp-CVaR/ML-Arbiter,xApp1-RANSlicer,implicit,global_health_policy,App1-Vigilancia,camera_throughput_mbps,22.5,25.0,-2.5,22.5,0.0,BLOCKED,FULL_POWER,FULL_POWER,100,BLOCKED,1.0,POWER_DOWN_ECO,NORMAL,,0.0,0.0,146.5,3.54025,3.500474214876033,0.12576,0.09845810171762992,3,20,CVaR/ML global KPI -> energy recommendation -> App1 KPI -> rApp mitigation,CÂMERA SLA: Throughput 22.5Mbps < 25Mbps (mínimo),CÂMERA SLA: Throughput 22.5Mbps < 25Mbps (mínimo)
1777011355,2026-04-24 03:15:55,rApp-CVaR/ML-Arbiter,xApp1-RANSlicer,implicit,global_health_policy,App1-Vigilancia,camera_throughput_mbps,22.5,25.0,-2.5,22.5,0.0,BLOCKED,FULL_POWER,FULL_POWER,100,BLOCKED,1.0,POWER_DOWN_ECO,NORMAL,,0.0,0.0,146.5,3.54025,3.500474214876033,474.98304793388434,0.09473206461371896,3,20,CVaR/ML global KPI -> energy recommendation -> App1 KPI -> rApp mitigation,CÂMERA SLA: Throughput 22.5Mbps < 25Mbps (mínimo),CÂMERA SLA: Throughput 22.5Mbps < 25Mbps (mínimo)
