time_index,z0,z1,z2,z3,z4,z5,z6,z7,z8,z9,z10,z11,z12,z13,z14,z15,z16,z17,z18,z19,z20,z21,z22,z23,z24,z25,z26,z27,z28,z29,z30,z31
0,0.052414,0.0,1.596229,3.371277,2.36213,0.640179,0.138367,0.121148,0.0,1.721236,0.0,0.0,1.392736,0.0,0.0,0.661325,0.0,0.0,0.980318,2.895589,1.178786,0.0,0.0,2.178289,1.65786,0.0,0.0,0.0,1.332458,0.491057,0.415422,0.0
1,0.0,0.0,1.229545,3.311566,2.237881,0.391814,0.073768,0.476376,0.040351,1.909436,0.0,0.0,1.192963,0.0,0.0,0.531111,0.0,0.0,0.719787,2.501586,0.823549,0.0,0.0,2.10059,1.490057,0.0,0.0,0.0,1.180839,0.324326,0.352406,0.0
2,0.0,0.0,1.053548,3.110152,2.262573,0.053767,0.0,0.140788,0.385436,1.699757,0.0,0.0,1.46755,0.0,0.438888,1.066544,0.0,0.0,0.516688,2.378532,0.658367,0.0,0.0,1.900574,1.310886,0.0,0.0,0.0,1.152369,0.121937,0.0,0.0
3,0.0,0.110626,1.170171,2.578243,2.092772,0.418076,0.0,0.474054,0.044954,1.724207,0.0,0.0,1.115379,0.022943,0.0,0.530571,0.0,0.0,0.404848,2.202592,0.98089,0.0,0.0,1.547177,1.005298,0.0,0.0,0.0,0.75911,0.388944,0.079585,0.0
4,0.0,0.441625,1.077107,1.976217,1.79723,0.710265,0.0,0.793626,0.011704,1.579342,0.0,0.0,0.621178,0.175338,0.0,0.213224,0.0,0.0,0.194378,1.815507,1.094395,0.0,0.0,1.037006,0.80935,0.0,0.0,0.0,0.297399,0.700479,0.240894,0.0
5,0.0,0.977183,1.300394,1.314902,1.826595,1.205273,0.0,0.853403,0.0,1.251092,0.0,0.0,0.348386,0.140085,0.0,0.0,0.0,0.0,0.131903,1.470795,1.452576,0.0,0.0,0.600659,0.32207,0.0,0.0,0.0,0.0,1.089756,0.218542,0.0
6,0.0,1.137555,1.210947,0.707243,1.470593,1.396645,0.0,0.854862,0.0,0.969962,0.0,0.0,0.0,0.209387,0.0,0.0,0.0,0.0,0.244507,1.22224,1.565597,0.0,0.0,0.445348,0.069488,0.0,0.0,0.0,0.0,1.25629,0.435076,0.014768
7,0.0,1.298839,0.793872,0.742888,1.144047,1.313606,0.0,0.642933,0.0,0.819755,0.0,0.0,0.238666,0.318725,0.0,0.0,0.0,0.333474,0.0,0.906108,1.290701,0.0,0.551971,0.206216,0.0,0.0,0.0,0.0,0.0,1.233744,0.07909,0.0
8,0.0,1.302631,0.59474,0.233357,0.87449,1.444943,0.0,0.739319,0.0,0.663037,0.0,0.0,0.020018,0.804714,0.0,0.0,0.0,0.78316,0.13452,0.652837,1.275183,0.0,0.963891,0.048698,0.0,0.146154,0.123652,0.0,0.0,1.06932,0.441245,0.065145
9,0.035091,0.993902,0.127253,0.622016,0.347817,1.382001,0.0,0.455298,0.0,0.69047,0.0,0.0,0.282451,0.982324,0.0,0.041193,0.0,0.836915,0.0,0.344362,1.070548,0.0,1.712681,0.0,0.0,0.0,1.040504,0.0,0.0,0.841839,0.423238,0.0
10,0.0,0.779596,0.225672,0.379384,0.101795,1.279558,0.0,0.570358,0.0,0.313107,0.0,0.0,0.283751,0.615747,0.153857,0.069666,0.0,0.715786,0.455574,0.049482,0.898472,0.0,1.463007,0.0,0.0,0.0,1.040372,0.0,0.0,0.711029,0.399985,0.0
11,0.0,0.74198,0.458071,0.048352,0.0,1.114308,0.0,0.733866,0.0,0.034581,0.0,0.0,0.254982,0.565811,0.038933,0.124199,0.0,0.993236,0.790673,0.0,0.807119,0.0,1.379431,0.0,0.0,0.281473,0.705698,0.0,0.0,0.731058,0.377583,0.262649
12,0.0,0.586914,0.752075,0.023174,0.0,1.135436,0.0,0.634064,0.0,0.0,0.0,0.0,0.492665,0.0,0.508465,0.514158,0.0,0.808078,1.397841,0.0,0.588565,0.0,1.103643,0.0,0.0,0.351675,0.658781,0.0,0.0,0.413084,0.322432,0.561464
13,0.0,0.554692,0.762783,0.0,0.0,1.328883,0.0,0.865819,0.0,0.0,0.0,0.0,0.0,0.456335,0.0,0.0,0.0,0.775448,1.327296,0.0,0.603045,0.0,1.158161,0.0,0.179104,0.872615,0.499284,0.014106,0.0,0.782355,0.708264,0.507996
14,0.0,0.408747,0.562696,0.526905,0.0,1.272138,0.0,0.874354,0.0,0.147551,0.0,0.0,0.220486,0.646816,0.0,0.198423,0.0,0.947748,1.23026,0.0,0.248235,0.0,1.583396,0.0,0.141776,0.825876,0.895494,0.0,0.0,0.78388,0.458633,0.598048
15,0.0,0.309284,0.28201,1.345458,0.0,1.432416,0.0,0.405857,0.007709,0.08029,0.0,0.0,0.876638,0.460678,0.384886,0.987391,0.0,0.567988,1.148378,0.269939,0.0,0.0,2.28723,0.0,0.058978,0.462338,1.948615,0.186437,0.0,0.794609,0.527819,0.544676
16,0.0,0.313091,0.262927,1.981946,0.0,1.806087,0.0,0.0,0.142645,0.0,0.0,0.0,1.073495,0.464269,0.713524,1.335941,0.0,0.063691,1.094551,0.618872,0.0,0.0,2.605336,0.0,0.0,0.0,2.60944,0.499839,0.0,0.752026,0.610489,0.183891
17,0.0,0.355625,0.980995,1.450447,0.0,1.722024,0.0,0.011199,0.400751,0.0,0.0,0.0,1.164278,0.043832,1.075836,1.637705,0.0,0.0,1.632423,0.627099,0.0,0.0,1.77449,0.160287,0.0,0.0,1.676639,0.448865,0.0,0.39463,0.405951,0.406625
18,0.0,0.0,1.30015,0.941238,0.0,0.917858,0.0,0.534099,0.373838,0.0,0.0,0.0,1.325875,0.057477,1.044041,1.572148,0.0,0.508104,1.654465,0.427587,0.0,0.0,1.3077,0.2579,0.058302,0.0,0.777623,0.0,0.28051,0.054767,0.0,0.704843
19,0.0,0.0,1.527788,0.552894,0.0,0.606812,0.0,0.852266,0.270495,0.0,0.0,0.0,0.783975,0.51396,0.588243,1.087527,0.0,0.510509,1.786583,0.304423,0.0,0.0,0.592225,0.313385,0.325081,0.0,0.072832,0.0,0.331087,0.066757,0.435288,0.638431
20,0.0,0.0,1.550543,0.502384,0.0,0.0,0.0,0.809107,0.272972,0.0,0.0,0.0,1.15142,0.406705,1.240709,1.51996,0.0,0.802759,1.927603,0.213627,0.0,0.0,0.171187,0.425184,0.445092,0.0,0.0,0.0,0.483941,0.0,0.092644,0.611245
21,0.0,0.0,1.257864,0.646789,0.13055,0.03994,0.0,0.678971,0.697655,0.0,0.0,0.0,0.962331,0.250206,1.01393,1.520686,0.0,0.528149,1.436903,0.288755,0.0,0.0,0.106327,0.372368,0.297089,0.0,0.033722,0.0,0.344111,0.0,0.243469,0.475743
22,0.0,0.0,1.269691,0.654877,0.460798,0.515097,0.0,0.704977,0.778902,0.0,0.0,0.0,0.423305,0.282397,0.416542,0.737377,0.0,0.0,1.118476,0.530144,0.019796,0.0,0.03594,0.352617,0.017619,0.092949,0.0,0.0,0.26197,0.256266,0.598575,0.106396
23,0.0,0.0,0.679663,0.879853,0.18271,0.054798,0.0,0.996855,1.066897,0.183172,0.0,0.0,0.693875,0.113297,0.524816,0.990938,0.0,0.328001,0.497266,0.462923,0.0,0.0,0.265152,0.197917,0.163925,0.191749,0.239323,0.0,0.0,0.193089,0.276261,0.447017
24,0.0,0.0,0.235392,0.97423,0.176667,0.081537,0.0,1.003602,0.821709,0.458723,0.0,0.0,0.608994,0.306755,0.33385,0.693295,0.0,0.287705,0.0,0.544507,0.0,0.0,0.674296,0.0,0.181392,0.281681,0.442599,0.0,0.081355,0.435265,0.170582,0.106235
25,0.0,0.0,0.400686,0.756141,0.245197,0.0,0.0,1.267594,0.913065,0.466717,0.0,0.0,0.541194,0.292915,0.182994,0.664936,0.0,0.671215,0.0,0.349951,0.0,0.0,0.51405,0.016737,0.120768,0.472107,0.110516,0.0,0.0,0.520621,0.0,0.254511
26,0.0,0.0,0.281193,0.468859,0.131068,0.0,0.0,1.638837,0.901943,0.462359,0.0,0.0,0.431138,0.536541,0.051795,0.718592,0.0,1.369321,0.085362,0.201174,0.0,0.0,0.54989,0.0,0.13843,0.804936,0.0,0.0,0.0,0.475377,0.0,0.54842
27,0.0,0.129634,0.216532,0.547119,0.208075,0.359435,0.0,1.131899,0.993085,0.306653,0.0,0.0,0.60995,0.531124,0.032844,0.567439,0.0,0.606713,0.286994,0.203163,0.0,0.0,0.905871,0.0,0.0,0.997756,0.685857,0.0,0.0,0.761021,0.331523,0.338571
28,0.0,0.0,0.320578,0.14642,0.0,0.26529,0.0,1.538859,0.818882,0.259153,0.0,0.0,0.854236,0.203376,0.522885,1.004107,0.0,1.60844,0.698003,0.0,0.0,0.0,0.773101,0.0,0.084478,1.061496,0.137684,0.0,0.0,0.348201,0.0,1.049223
29,0.0,0.051324,0.178583,0.663285,0.0,0.39259,0.0,1.197292,0.991836,0.343294,0.0,0.0,0.954588,0.458527,0.182819,0.833625,0.0,0.839266,0.493627,0.078866,0.0,0.0,1.198686,0.0,0.0,1.180559,0.936585,0.0,0.0,0.820655,0.168923,0.533261
30,0.0,0.0,0.0,1.186903,0.0,0.333544,0.0,0.923669,0.841182,0.470768,0.0,0.0,1.456365,0.348938,0.802697,1.293159,0.0,0.717649,0.310012,0.127516,0.0,0.0,1.657831,0.0,0.0,0.834011,1.677611,0.0,0.0,0.625979,0.0,0.325667
31,0.0,0.021311,0.0,0.957033,0.064387,0.221311,0.0,1.282949,1.283824,0.50914,0.0,0.0,1.165504,0.61439,0.346829,1.18851,0.0,0.847259,0.263085,0.099358,0.0,0.0,1.490964,0.0,0.083566,1.235561,1.291244,0.0,0.0,0.905859,0.135332,0.563387
32,0.0,0.271703,0.165313,0.549588,0.333702,0.198499,0.0,1.70335,0.937135,0.63989,0.0,0.0,0.608333,0.833213,0.0,0.548988,0.0,1.447904,0.008379,0.0,0.0,0.0,0.851389,0.029112,0.030233,1.160187,0.281757,0.0,0.0,0.897187,0.0,0.552954
33,0.0,0.251848,0.023101,0.280713,0.458342,0.078891,0.0,1.681389,1.010996,0.813389,0.0,0.0,0.493458,1.232257,0.152095,0.531175,0.0,1.564446,0.0,0.0,0.183372,0.0,0.993773,0.0,0.245795,1.235157,0.498632,0.0,0.0,0.877328,0.187438,0.47266
34,0.0,0.173679,0.12436,0.059167,0.680458,0.158145,0.0,1.558872,1.032016,0.688938,0.0,0.0,0.354815,0.849965,0.708775,0.40532,0.0,1.506553,0.210006,0.0,0.400865,0.0,0.620838,0.001452,0.258517,1.017899,0.294515,0.0,0.0,0.806878,0.450547,0.47661
35,0.0,0.169401,0.145172,0.114994,0.882522,0.388953,0.0,1.254221,1.101814,0.579019,0.0,0.0,0.068939,0.833942,0.976456,0.282291,0.0,1.150906,0.524411,0.0,0.621558,0.0,0.283882,0.0,0.290446,0.939154,0.288642,0.0,0.0,0.878181,1.077023,0.283526
36,0.0,0.0,0.32672,0.009737,0.905909,0.239448,0.021879,1.221081,1.005109,0.540708,0.0,0.0,0.202299,0.443782,1.540769,0.797398,0.0,1.782503,1.039738,0.0,0.644846,0.0,0.0,0.247826,0.400626,0.58277,0.186732,0.0,0.0,0.517244,1.138535,0.618243
37,0.0,0.0,0.34809,0.0,0.959571,0.0,0.061315,1.541935,0.7635,0.813526,0.0,0.0,0.095725,0.727048,1.718519,0.9619,0.0,2.709685,1.404075,0.0,0.70388,0.0,0.0,0.501735,0.541378,0.434115,0.0,0.0,0.0,0.190796,1.097052,0.984927
38,0.0,0.0,0.442857,0.097407,1.287333,0.117763,0.166087,1.214114,0.62303,0.848651,0.0,0.0,0.0,0.989971,1.398587,0.525254,0.0,2.187533,1.406233,0.0,1.071005,0.0,0.0,0.699574,0.438026,0.367189,0.0,0.0,0.279965,0.526062,1.547018,0.450614
39,0.02341,0.0,0.713955,0.597724,1.249078,0.216862,0.155439,0.700162,0.285785,0.913211,0.0,0.0,0.124328,0.89024,1.32032,0.388362,0.0,1.568971,1.745073,0.0,1.478608,0.0,0.0,0.890577,0.531973,0.184526,0.129107,0.0,0.55842,0.479095,1.579281,0.008583
40,0.245594,0.0,0.828962,0.738232,1.281164,0.104375,0.222818,0.253546,0.104633,0.889242,0.0,0.0,0.407088,0.725058,1.402099,0.728118,0.0,1.366682,2.057242,0.0,1.599957,0.0,0.0,0.98317,0.722881,0.036356,0.060044,0.0,0.76149,0.183642,1.408023,0.0
41,0.078397,0.0,0.650101,1.145147,0.92853,0.474035,0.339278,0.302336,0.0,1.071695,0.0,0.0,0.087092,0.907856,0.862027,0.0,0.0,0.816018,1.75838,0.170253,1.688302,0.0,0.0,0.964177,0.873084,0.205738,0.507337,0.0,0.762997,0.450166,1.650943,0.0
42,0.068383,0.0,0.282695,1.246622,0.777648,0.253799,0.267031,0.208004,0.0,1.014237,0.0,0.0,0.260697,0.764066,0.92062,0.163211,0.0,0.923334,1.591363,0.0,1.204995,0.0,0.0,0.89161,0.998667,0.187402,0.821285,0.0,0.944749,0.311404,1.704415,0.0
43,0.0,0.0,0.336109,0.986003,0.827819,0.0,0.331509,0.450949,0.130243,0.890865,0.0,0.0,0.503756,0.68336,1.258173,0.487248,0.0,1.604926,1.894676,0.0,1.117685,0.0,0.0,1.049031,0.73332,0.426962,0.723661,0.0,0.906073,0.0,1.324013,0.363417
44,0.0,0.0,0.158711,1.02431,0.498328,0.0,0.277233,0.464696,0.246185,0.702693,0.0,0.0,0.540815,0.55478,1.393477,0.561416,0.0,1.48624,1.905579,0.0,0.756134,0.0,0.0,0.74751,0.830898,0.687832,1.11651,0.0,0.752961,0.003863,1.416711,0.641312
45,0.0,0.0,0.284661,1.229646,0.418128,0.219166,0.279735,0.0,0.498602,0.273497,0.0,0.0,0.84508,0.175163,1.906329,1.059981,0.0,1.24777,2.035512,0.0,0.596105,0.0,0.091403,0.582617,0.688674,0.486076,1.72118,0.44781,0.604534,0.0,1.19084,0.553851
46,0.0,0.0,0.426044,1.166526,0.409122,0.510336,0.321284,0.0,0.662907,0.0,0.0,0.0,0.90813,0.064279,1.88397,1.334102,0.0,0.952639,2.31556,0.0,0.41379,0.0,0.04224,0.479063,0.712216,0.821674,1.788906,0.534776,0.33982,0.076112,1.558758,0.763067
47,0.0,0.0,0.052913,1.043921,0.173404,0.435227,0.372278,0.207412,0.429558,0.1741,0.0,0.0,0.648455,0.466574,1.513808,0.731047,0.0,1.036238,2.000739,0.0,0.478429,0.0,0.530589,0.216894,0.791343,1.2957,1.944134,0.481148,0.255665,0.253263,1.688876,0.933368
48,0.0,0.0,0.122234,0.97841,0.007049,0.623767,0.327319,0.269923,0.0,0.358714,0.0,0.0,0.278604,0.827906,1.052937,0.0,0.0,0.777771,1.964097,0.0,0.896834,0.0,0.718747,0.124153,0.708343,1.492272,1.818556,0.376823,0.43727,0.399483,1.739105,0.687968
49,0.0,0.0,0.385583,0.929118,0.063534,0.564835,0.375554,0.005369,0.102117,0.138524,0.0,0.0,0.73556,0.035231,1.681391,0.415627,0.0,1.154982,2.02031,0.0,0.856296,0.0,0.592982,0.498569,0.443285,0.980282,1.819472,0.414221,0.162089,0.050402,0.973433,0.692851
