Time,CellId,Rnti,Imsi,AssociationEpoch,EvidenceVersion,CampaignId,SourceGeneration,TransactionId,NativeControlSequence,DecisionId,ActionCorrelationId
0.1,2,1,1,rrc-epoch-1,v3,,native-v3,0,0,0,
0.1,2,2,2,rrc-epoch-1,v3,,native-v3,0,0,0,
0.1,2,3,3,rrc-epoch-1,v3,,native-v3,0,0,0,
0.1,2,4,4,rrc-epoch-1,v3,,native-v3,0,0,0,
0.1,2,5,5,rrc-epoch-1,v3,,native-v3,0,0,0,
0.1,2,6,6,rrc-epoch-1,v3,,native-v3,0,0,0,
0.1,2,7,7,rrc-epoch-1,v3,,native-v3,0,0,0,
0.1,2,8,8,rrc-epoch-1,v3,,native-v3,0,0,0,
0.1,2,9,10,rrc-epoch-1,v3,,native-v3,0,0,0,
0.1,2,10,11,rrc-epoch-1,v3,,native-v3,0,0,0,
0.1,2,11,13,rrc-epoch-1,v3,,native-v3,0,0,0,
0.1,2,12,14,rrc-epoch-1,v3,,native-v3,0,0,0,
0.1,3,1,15,rrc-epoch-1,v3,,native-v3,0,0,0,
0.2,2,1,1,rrc-epoch-2,v3,,native-v3,0,0,0,
0.2,2,2,2,rrc-epoch-2,v3,,native-v3,0,0,0,
0.2,2,3,3,rrc-epoch-2,v3,,native-v3,0,0,0,
0.2,2,4,4,rrc-epoch-2,v3,,native-v3,0,0,0,
0.2,2,5,5,rrc-epoch-2,v3,,native-v3,0,0,0,
0.2,2,6,6,rrc-epoch-2,v3,,native-v3,0,0,0,
0.2,2,7,7,rrc-epoch-2,v3,,native-v3,0,0,0,
0.2,2,8,8,rrc-epoch-2,v3,,native-v3,0,0,0,
0.2,2,13,9,rrc-epoch-2,v3,,native-v3,0,0,0,
0.2,2,9,10,rrc-epoch-2,v3,,native-v3,0,0,0,
0.2,2,10,11,rrc-epoch-2,v3,,native-v3,0,0,0,
0.2,2,14,12,rrc-epoch-2,v3,,native-v3,0,0,0,
0.2,2,11,13,rrc-epoch-2,v3,,native-v3,0,0,0,
0.2,2,12,14,rrc-epoch-2,v3,,native-v3,0,0,0,
0.9,4,1,8,rrc-epoch-1,v3,,native-v3,0,0,0,
5.5,2,1,1,rrc-epoch-3,v3,,native-v3,0,0,0,
5.5,2,2,2,rrc-epoch-3,v3,,native-v3,0,0,0,
5.5,2,3,3,rrc-epoch-3,v3,,native-v3,0,0,0,
5.5,2,4,4,rrc-epoch-3,v3,,native-v3,0,0,0,
5.5,2,5,5,rrc-epoch-3,v3,,native-v3,0,0,0,
5.5,2,6,6,rrc-epoch-3,v3,,native-v3,0,0,0,
5.5,2,7,7,rrc-epoch-3,v3,,native-v3,0,0,0,
5.5,2,15,8,rrc-epoch-3,v3,,native-v3,0,0,0,
5.5,2,13,9,rrc-epoch-3,v3,,native-v3,0,0,0,
5.5,2,9,10,rrc-epoch-3,v3,,native-v3,0,0,0,
5.5,2,10,11,rrc-epoch-3,v3,,native-v3,0,0,0,
5.5,2,14,12,rrc-epoch-3,v3,,native-v3,0,0,0,
5.5,2,11,13,rrc-epoch-3,v3,,native-v3,0,0,0,
5.5,2,12,14,rrc-epoch-3,v3,,native-v3,0,0,0,
8.1,4,2,8,rrc-epoch-2,v3,,native-v3,0,0,0,
