Time,CellId,SchedulerTransactionId,PowerTransactionId,ActiveUes,TxPowerPercent,TxPowerDbm,NominalTxPowerDbm,ObservationKind,PolicyActive,PolicyExpiryTime,SourceGeneration,AssociationEpoch,ActiveDlSymbols,ActiveDlSymbolCapacity,CampaignId,EvidenceVersion,CampaignGeneration,DecisionId,ActionCorrelationId,NativeControlSequence,NativeAllocationSource
0.1,2,0,0,0,100,30,30,power_readback,0,0,native-v3,rrc-epoch-0,0,0,,v3,native-v3,0,,0,legacy_native
0.1,2,0,0,0,100,30,30,state_snapshot,0,0,native-v3,rrc-epoch-0,0,0,,v3,native-v3,0,,0,legacy_native
0.1,3,0,0,0,100,30,30,power_readback,0,0,native-v3,rrc-epoch-0,0,0,,v3,native-v3,0,,0,legacy_native
0.1,3,0,0,0,100,30,30,state_snapshot,0,0,native-v3,rrc-epoch-0,0,0,,v3,native-v3,0,,0,legacy_native
0.1,4,0,0,0,100,30,30,power_readback,0,0,native-v3,rrc-epoch-0,0,0,,v3,native-v3,0,,0,legacy_native
0.1,4,0,0,0,100,30,30,state_snapshot,0,0,native-v3,rrc-epoch-0,0,0,,v3,native-v3,0,,0,legacy_native
0.1,5,0,0,0,100,0,-1,power_readback,0,0,native-v3,rrc-epoch-0,0,0,,v3,native-v3,0,,0,legacy_native
0.1,5,0,0,0,100,0,-1,state_snapshot,0,0,native-v3,rrc-epoch-0,0,0,,v3,native-v3,0,,0,legacy_native
0.2,2,0,0,0,100,30,30,power_readback,0,0,native-v3,rrc-epoch-0,0,0,,v3,native-v3,0,,0,legacy_native
0.2,2,0,0,0,100,30,30,state_snapshot,0,0,native-v3,rrc-epoch-0,0,0,,v3,native-v3,0,,0,legacy_native
0.2,3,0,0,0,100,30,30,power_readback,0,0,native-v3,rrc-epoch-0,0,0,,v3,native-v3,0,,0,legacy_native
0.2,3,0,0,0,100,30,30,state_snapshot,0,0,native-v3,rrc-epoch-0,0,0,,v3,native-v3,0,,0,legacy_native
0.2,4,0,0,0,100,30,30,power_readback,0,0,native-v3,rrc-epoch-0,0,0,,v3,native-v3,0,,0,legacy_native
0.2,4,0,0,0,100,30,30,state_snapshot,0,0,native-v3,rrc-epoch-0,0,0,,v3,native-v3,0,,0,legacy_native
0.2,5,0,0,0,100,0,-1,power_readback,0,0,native-v3,rrc-epoch-0,0,0,,v3,native-v3,0,,0,legacy_native
0.2,5,0,0,0,100,0,-1,state_snapshot,0,0,native-v3,rrc-epoch-0,0,0,,v3,native-v3,0,,0,legacy_native
0.3,2,0,0,0,100,30,30,power_readback,0,0,native-v3,rrc-epoch-0,0,0,,v3,native-v3,0,,0,legacy_native
0.3,2,0,0,0,100,30,30,state_snapshot,0,0,native-v3,rrc-epoch-0,0,0,,v3,native-v3,0,,0,legacy_native
0.3,3,0,0,0,100,30,30,power_readback,0,0,native-v3,rrc-epoch-0,0,0,,v3,native-v3,0,,0,legacy_native
0.3,3,0,0,0,100,30,30,state_snapshot,0,0,native-v3,rrc-epoch-0,0,0,,v3,native-v3,0,,0,legacy_native
0.3,4,0,0,0,100,30,30,power_readback,0,0,native-v3,rrc-epoch-0,0,0,,v3,native-v3,0,,0,legacy_native
0.3,4,0,0,0,100,30,30,state_snapshot,0,0,native-v3,rrc-epoch-0,0,0,,v3,native-v3,0,,0,legacy_native
0.3,5,0,0,0,100,0,-1,power_readback,0,0,native-v3,rrc-epoch-0,0,0,,v3,native-v3,0,,0,legacy_native
0.3,5,0,0,0,100,0,-1,state_snapshot,0,0,native-v3,rrc-epoch-0,0,0,,v3,native-v3,0,,0,legacy_native
0.4,2,0,0,0,100,30,30,power_readback,0,0,native-v3,rrc-epoch-0,0,0,,v3,native-v3,0,,0,legacy_native
0.4,2,0,0,0,100,30,30,state_snapshot,0,0,native-v3,rrc-epoch-0,0,0,,v3,native-v3,0,,0,legacy_native
0.4,3,0,0,0,100,30,30,power_readback,0,0,native-v3,rrc-epoch-0,0,0,,v3,native-v3,0,,0,legacy_native
0.4,3,0,0,0,100,30,30,state_snapshot,0,0,native-v3,rrc-epoch-0,0,0,,v3,native-v3,0,,0,legacy_native
0.4,4,0,0,0,100,30,30,power_readback,0,0,native-v3,rrc-epoch-0,0,0,,v3,native-v3,0,,0,legacy_native
0.4,4,0,0,0,100,30,30,state_snapshot,0,0,native-v3,rrc-epoch-0,0,0,,v3,native-v3,0,,0,legacy_native
0.4,5,0,0,0,100,0,-1,power_readback,0,0,native-v3,rrc-epoch-0,0,0,,v3,native-v3,0,,0,legacy_native
0.4,5,0,0,0,100,0,-1,state_snapshot,0,0,native-v3,rrc-epoch-0,0,0,,v3,native-v3,0,,0,legacy_native
0.5,2,0,0,0,100,30,30,power_readback,0,0,native-v3,rrc-epoch-0,0,0,,v3,native-v3,0,,0,legacy_native
0.5,2,0,0,0,100,30,30,state_snapshot,0,0,native-v3,rrc-epoch-0,0,0,,v3,native-v3,0,,0,legacy_native
0.5,3,0,0,0,100,30,30,power_readback,0,0,native-v3,rrc-epoch-0,0,0,,v3,native-v3,0,,0,legacy_native
0.5,3,0,0,0,100,30,30,state_snapshot,0,0,native-v3,rrc-epoch-0,0,0,,v3,native-v3,0,,0,legacy_native
0.5,4,0,0,0,100,30,30,power_readback,0,0,native-v3,rrc-epoch-0,0,0,,v3,native-v3,0,,0,legacy_native
0.5,4,0,0,0,100,30,30,state_snapshot,0,0,native-v3,rrc-epoch-0,0,0,,v3,native-v3,0,,0,legacy_native
0.5,5,0,0,0,100,0,-1,power_readback,0,0,native-v3,rrc-epoch-0,0,0,,v3,native-v3,0,,0,legacy_native
0.5,5,0,0,0,100,0,-1,state_snapshot,0,0,native-v3,rrc-epoch-0,0,0,,v3,native-v3,0,,0,legacy_native
0.6,2,0,0,0,100,30,30,power_readback,0,0,native-v3,rrc-epoch-0,0,0,,v3,native-v3,0,,0,legacy_native
0.6,2,0,0,0,100,30,30,state_snapshot,0,0,native-v3,rrc-epoch-0,0,0,,v3,native-v3,0,,0,legacy_native
0.6,3,0,0,0,100,30,30,power_readback,0,0,native-v3,rrc-epoch-0,0,0,,v3,native-v3,0,,0,legacy_native
0.6,3,0,0,0,100,30,30,state_snapshot,0,0,native-v3,rrc-epoch-0,0,0,,v3,native-v3,0,,0,legacy_native
0.6,4,0,0,0,100,30,30,power_readback,0,0,native-v3,rrc-epoch-0,0,0,,v3,native-v3,0,,0,legacy_native
0.6,4,0,0,0,100,30,30,state_snapshot,0,0,native-v3,rrc-epoch-0,0,0,,v3,native-v3,0,,0,legacy_native
0.6,5,0,0,0,100,0,-1,power_readback,0,0,native-v3,rrc-epoch-0,0,0,,v3,native-v3,0,,0,legacy_native
0.6,5,0,0,0,100,0,-1,state_snapshot,0,0,native-v3,rrc-epoch-0,0,0,,v3,native-v3,0,,0,legacy_native
0.7,2,0,0,0,100,30,30,power_readback,0,0,native-v3,rrc-epoch-0,0,0,,v3,native-v3,0,,0,legacy_native
0.7,2,0,0,0,100,30,30,state_snapshot,0,0,native-v3,rrc-epoch-0,0,0,,v3,native-v3,0,,0,legacy_native
0.7,3,0,0,0,100,30,30,power_readback,0,0,native-v3,rrc-epoch-0,0,0,,v3,native-v3,0,,0,legacy_native
0.7,3,0,0,0,100,30,30,state_snapshot,0,0,native-v3,rrc-epoch-0,0,0,,v3,native-v3,0,,0,legacy_native
0.7,4,0,0,0,100,30,30,power_readback,0,0,native-v3,rrc-epoch-0,0,0,,v3,native-v3,0,,0,legacy_native
0.7,4,0,0,0,100,30,30,state_snapshot,0,0,native-v3,rrc-epoch-0,0,0,,v3,native-v3,0,,0,legacy_native
0.7,5,0,0,0,100,0,-1,power_readback,0,0,native-v3,rrc-epoch-0,0,0,,v3,native-v3,0,,0,legacy_native
0.7,5,0,0,0,100,0,-1,state_snapshot,0,0,native-v3,rrc-epoch-0,0,0,,v3,native-v3,0,,0,legacy_native
0.8,2,0,0,0,100,30,30,power_readback,0,0,native-v3,rrc-epoch-0,0,0,,v3,native-v3,0,,0,legacy_native
0.8,2,0,0,0,100,30,30,state_snapshot,0,0,native-v3,rrc-epoch-0,0,0,,v3,native-v3,0,,0,legacy_native
0.8,3,0,0,0,100,30,30,power_readback,0,0,native-v3,rrc-epoch-0,0,0,,v3,native-v3,0,,0,legacy_native
0.8,3,0,0,0,100,30,30,state_snapshot,0,0,native-v3,rrc-epoch-0,0,0,,v3,native-v3,0,,0,legacy_native
0.8,4,0,0,0,100,30,30,power_readback,0,0,native-v3,rrc-epoch-0,0,0,,v3,native-v3,0,,0,legacy_native
0.8,4,0,0,0,100,30,30,state_snapshot,0,0,native-v3,rrc-epoch-0,0,0,,v3,native-v3,0,,0,legacy_native
0.8,5,0,0,0,100,0,-1,power_readback,0,0,native-v3,rrc-epoch-0,0,0,,v3,native-v3,0,,0,legacy_native
0.8,5,0,0,0,100,0,-1,state_snapshot,0,0,native-v3,rrc-epoch-0,0,0,,v3,native-v3,0,,0,legacy_native
0.9,2,0,0,0,100,30,30,power_readback,0,0,native-v3,rrc-epoch-0,0,0,,v3,native-v3,0,,0,legacy_native
0.9,2,0,0,0,100,30,30,state_snapshot,0,0,native-v3,rrc-epoch-0,0,0,,v3,native-v3,0,,0,legacy_native
0.9,3,0,0,0,100,30,30,power_readback,0,0,native-v3,rrc-epoch-0,0,0,,v3,native-v3,0,,0,legacy_native
0.9,3,0,0,0,100,30,30,state_snapshot,0,0,native-v3,rrc-epoch-0,0,0,,v3,native-v3,0,,0,legacy_native
0.9,4,0,0,0,100,30,30,power_readback,0,0,native-v3,rrc-epoch-0,0,0,,v3,native-v3,0,,0,legacy_native
0.9,4,0,0,0,100,30,30,state_snapshot,0,0,native-v3,rrc-epoch-0,0,0,,v3,native-v3,0,,0,legacy_native
0.9,5,0,0,0,100,0,-1,power_readback,0,0,native-v3,rrc-epoch-0,0,0,,v3,native-v3,0,,0,legacy_native
0.9,5,0,0,0,100,0,-1,state_snapshot,0,0,native-v3,rrc-epoch-0,0,0,,v3,native-v3,0,,0,legacy_native
1,2,0,0,0,100,30,30,power_readback,0,0,native-v3,rrc-epoch-0,0,0,,v3,native-v3,0,,0,legacy_native
1,2,0,0,0,100,30,30,state_snapshot,0,0,native-v3,rrc-epoch-0,0,0,,v3,native-v3,0,,0,legacy_native
1,3,0,0,0,100,30,30,power_readback,0,0,native-v3,rrc-epoch-0,0,0,,v3,native-v3,0,,0,legacy_native
1,3,0,0,0,100,30,30,state_snapshot,0,0,native-v3,rrc-epoch-0,0,0,,v3,native-v3,0,,0,legacy_native
1,4,0,0,0,100,30,30,power_readback,0,0,native-v3,rrc-epoch-0,0,0,,v3,native-v3,0,,0,legacy_native
1,4,0,0,0,100,30,30,state_snapshot,0,0,native-v3,rrc-epoch-0,0,0,,v3,native-v3,0,,0,legacy_native
1,5,0,0,0,100,0,-1,power_readback,0,0,native-v3,rrc-epoch-0,0,0,,v3,native-v3,0,,0,legacy_native
1,5,0,0,0,100,0,-1,state_snapshot,0,0,native-v3,rrc-epoch-0,0,0,,v3,native-v3,0,,0,legacy_native
1.1,2,0,0,0,100,30,30,power_readback,0,0,native-v3,rrc-epoch-0,0,0,,v3,native-v3,0,,0,legacy_native
1.1,2,0,0,0,100,30,30,state_snapshot,0,0,native-v3,rrc-epoch-0,0,0,,v3,native-v3,0,,0,legacy_native
1.1,3,0,0,0,100,30,30,power_readback,0,0,native-v3,rrc-epoch-0,0,0,,v3,native-v3,0,,0,legacy_native
1.1,3,0,0,0,100,30,30,state_snapshot,0,0,native-v3,rrc-epoch-0,0,0,,v3,native-v3,0,,0,legacy_native
1.1,4,0,0,0,100,30,30,power_readback,0,0,native-v3,rrc-epoch-0,0,0,,v3,native-v3,0,,0,legacy_native
1.1,4,0,0,0,100,30,30,state_snapshot,0,0,native-v3,rrc-epoch-0,0,0,,v3,native-v3,0,,0,legacy_native
1.1,5,0,0,0,100,0,-1,power_readback,0,0,native-v3,rrc-epoch-0,0,0,,v3,native-v3,0,,0,legacy_native
1.1,5,0,0,0,100,0,-1,state_snapshot,0,0,native-v3,rrc-epoch-0,0,0,,v3,native-v3,0,,0,legacy_native
1.2,2,0,0,0,100,30,30,power_readback,0,0,native-v3,rrc-epoch-0,0,0,,v3,native-v3,0,,0,legacy_native
1.2,2,0,0,0,100,30,30,state_snapshot,0,0,native-v3,rrc-epoch-0,0,0,,v3,native-v3,0,,0,legacy_native
1.2,3,0,0,0,100,30,30,power_readback,0,0,native-v3,rrc-epoch-0,0,0,,v3,native-v3,0,,0,legacy_native
1.2,3,0,0,0,100,30,30,state_snapshot,0,0,native-v3,rrc-epoch-0,0,0,,v3,native-v3,0,,0,legacy_native
1.2,4,0,0,0,100,30,30,power_readback,0,0,native-v3,rrc-epoch-0,0,0,,v3,native-v3,0,,0,legacy_native
1.2,4,0,0,0,100,30,30,state_snapshot,0,0,native-v3,rrc-epoch-0,0,0,,v3,native-v3,0,,0,legacy_native
1.2,5,0,0,0,100,0,-1,power_readback,0,0,native-v3,rrc-epoch-0,0,0,,v3,native-v3,0,,0,legacy_native
1.2,5,0,0,0,100,0,-1,state_snapshot,0,0,native-v3,rrc-epoch-0,0,0,,v3,native-v3,0,,0,legacy_native
1.3,2,0,0,0,100,30,30,power_readback,0,0,native-v3,rrc-epoch-0,0,0,,v3,native-v3,0,,0,legacy_native
1.3,2,0,0,0,100,30,30,state_snapshot,0,0,native-v3,rrc-epoch-0,0,0,,v3,native-v3,0,,0,legacy_native
1.3,3,0,0,0,100,30,30,power_readback,0,0,native-v3,rrc-epoch-0,0,0,,v3,native-v3,0,,0,legacy_native
1.3,3,0,0,0,100,30,30,state_snapshot,0,0,native-v3,rrc-epoch-0,0,0,,v3,native-v3,0,,0,legacy_native
1.3,4,0,0,0,100,30,30,power_readback,0,0,native-v3,rrc-epoch-0,0,0,,v3,native-v3,0,,0,legacy_native
1.3,4,0,0,0,100,30,30,state_snapshot,0,0,native-v3,rrc-epoch-0,0,0,,v3,native-v3,0,,0,legacy_native
1.3,5,0,0,0,100,0,-1,power_readback,0,0,native-v3,rrc-epoch-0,0,0,,v3,native-v3,0,,0,legacy_native
1.3,5,0,0,0,100,0,-1,state_snapshot,0,0,native-v3,rrc-epoch-0,0,0,,v3,native-v3,0,,0,legacy_native
1.4,2,0,0,0,100,30,30,power_readback,0,0,native-v3,rrc-epoch-0,0,0,,v3,native-v3,0,,0,legacy_native
1.4,2,0,0,0,100,30,30,state_snapshot,0,0,native-v3,rrc-epoch-0,0,0,,v3,native-v3,0,,0,legacy_native
1.4,3,0,0,0,100,30,30,power_readback,0,0,native-v3,rrc-epoch-0,0,0,,v3,native-v3,0,,0,legacy_native
1.4,3,0,0,0,100,30,30,state_snapshot,0,0,native-v3,rrc-epoch-0,0,0,,v3,native-v3,0,,0,legacy_native
1.4,4,0,0,0,100,30,30,power_readback,0,0,native-v3,rrc-epoch-0,0,0,,v3,native-v3,0,,0,legacy_native
1.4,4,0,0,0,100,30,30,state_snapshot,0,0,native-v3,rrc-epoch-0,0,0,,v3,native-v3,0,,0,legacy_native
1.4,5,0,0,0,100,0,-1,power_readback,0,0,native-v3,rrc-epoch-0,0,0,,v3,native-v3,0,,0,legacy_native
1.4,5,0,0,0,100,0,-1,state_snapshot,0,0,native-v3,rrc-epoch-0,0,0,,v3,native-v3,0,,0,legacy_native
1.5,2,0,0,0,100,30,30,power_readback,0,0,native-v3,rrc-epoch-0,0,0,,v3,native-v3,0,,0,legacy_native
1.5,2,0,0,0,100,30,30,state_snapshot,0,0,native-v3,rrc-epoch-0,0,0,,v3,native-v3,0,,0,legacy_native
1.5,3,0,0,0,100,30,30,power_readback,0,0,native-v3,rrc-epoch-0,0,0,,v3,native-v3,0,,0,legacy_native
1.5,3,0,0,0,100,30,30,state_snapshot,0,0,native-v3,rrc-epoch-0,0,0,,v3,native-v3,0,,0,legacy_native
1.5,4,0,0,0,100,30,30,power_readback,0,0,native-v3,rrc-epoch-0,0,0,,v3,native-v3,0,,0,legacy_native
1.5,4,0,0,0,100,30,30,state_snapshot,0,0,native-v3,rrc-epoch-0,0,0,,v3,native-v3,0,,0,legacy_native
1.5,5,0,0,0,100,0,-1,power_readback,0,0,native-v3,rrc-epoch-0,0,0,,v3,native-v3,0,,0,legacy_native
1.5,5,0,0,0,100,0,-1,state_snapshot,0,0,native-v3,rrc-epoch-0,0,0,,v3,native-v3,0,,0,legacy_native
1.6,2,0,0,0,100,30,30,power_readback,0,0,native-v3,rrc-epoch-0,0,0,,v3,native-v3,0,,0,legacy_native
1.6,2,0,0,0,100,30,30,state_snapshot,0,0,native-v3,rrc-epoch-0,0,0,,v3,native-v3,0,,0,legacy_native
1.6,3,0,0,0,100,30,30,power_readback,0,0,native-v3,rrc-epoch-0,0,0,,v3,native-v3,0,,0,legacy_native
1.6,3,0,0,0,100,30,30,state_snapshot,0,0,native-v3,rrc-epoch-0,0,0,,v3,native-v3,0,,0,legacy_native
1.6,4,0,0,0,100,30,30,power_readback,0,0,native-v3,rrc-epoch-0,0,0,,v3,native-v3,0,,0,legacy_native
1.6,4,0,0,0,100,30,30,state_snapshot,0,0,native-v3,rrc-epoch-0,0,0,,v3,native-v3,0,,0,legacy_native
1.6,5,0,0,0,100,0,-1,power_readback,0,0,native-v3,rrc-epoch-0,0,0,,v3,native-v3,0,,0,legacy_native
1.6,5,0,0,0,100,0,-1,state_snapshot,0,0,native-v3,rrc-epoch-0,0,0,,v3,native-v3,0,,0,legacy_native
1.7,2,0,0,0,100,30,30,power_readback,0,0,native-v3,rrc-epoch-0,0,0,,v3,native-v3,0,,0,legacy_native
1.7,2,0,0,0,100,30,30,state_snapshot,0,0,native-v3,rrc-epoch-0,0,0,,v3,native-v3,0,,0,legacy_native
1.7,3,0,0,0,100,30,30,power_readback,0,0,native-v3,rrc-epoch-0,0,0,,v3,native-v3,0,,0,legacy_native
1.7,3,0,0,0,100,30,30,state_snapshot,0,0,native-v3,rrc-epoch-0,0,0,,v3,native-v3,0,,0,legacy_native
1.7,4,0,0,0,100,30,30,power_readback,0,0,native-v3,rrc-epoch-0,0,0,,v3,native-v3,0,,0,legacy_native
1.7,4,0,0,0,100,30,30,state_snapshot,0,0,native-v3,rrc-epoch-0,0,0,,v3,native-v3,0,,0,legacy_native
1.7,5,0,0,0,100,0,-1,power_readback,0,0,native-v3,rrc-epoch-0,0,0,,v3,native-v3,0,,0,legacy_native
1.7,5,0,0,0,100,0,-1,state_snapshot,0,0,native-v3,rrc-epoch-0,0,0,,v3,native-v3,0,,0,legacy_native
1.8,2,0,0,0,100,30,30,power_readback,0,0,native-v3,rrc-epoch-0,0,0,,v3,native-v3,0,,0,legacy_native
1.8,2,0,0,0,100,30,30,state_snapshot,0,0,native-v3,rrc-epoch-0,0,0,,v3,native-v3,0,,0,legacy_native
1.8,3,0,0,0,100,30,30,power_readback,0,0,native-v3,rrc-epoch-0,0,0,,v3,native-v3,0,,0,legacy_native
1.8,3,0,0,0,100,30,30,state_snapshot,0,0,native-v3,rrc-epoch-0,0,0,,v3,native-v3,0,,0,legacy_native
1.8,4,0,0,0,100,30,30,power_readback,0,0,native-v3,rrc-epoch-0,0,0,,v3,native-v3,0,,0,legacy_native
1.8,4,0,0,0,100,30,30,state_snapshot,0,0,native-v3,rrc-epoch-0,0,0,,v3,native-v3,0,,0,legacy_native
1.8,5,0,0,0,100,0,-1,power_readback,0,0,native-v3,rrc-epoch-0,0,0,,v3,native-v3,0,,0,legacy_native
1.8,5,0,0,0,100,0,-1,state_snapshot,0,0,native-v3,rrc-epoch-0,0,0,,v3,native-v3,0,,0,legacy_native
1.9,2,0,0,0,100,30,30,power_readback,0,0,native-v3,rrc-epoch-0,0,0,,v3,native-v3,0,,0,legacy_native
1.9,2,0,0,0,100,30,30,state_snapshot,0,0,native-v3,rrc-epoch-0,0,0,,v3,native-v3,0,,0,legacy_native
1.9,3,0,0,0,100,30,30,power_readback,0,0,native-v3,rrc-epoch-0,0,0,,v3,native-v3,0,,0,legacy_native
1.9,3,0,0,0,100,30,30,state_snapshot,0,0,native-v3,rrc-epoch-0,0,0,,v3,native-v3,0,,0,legacy_native
1.9,4,0,0,0,100,30,30,power_readback,0,0,native-v3,rrc-epoch-0,0,0,,v3,native-v3,0,,0,legacy_native
1.9,4,0,0,0,100,30,30,state_snapshot,0,0,native-v3,rrc-epoch-0,0,0,,v3,native-v3,0,,0,legacy_native
1.9,5,0,0,0,100,0,-1,power_readback,0,0,native-v3,rrc-epoch-0,0,0,,v3,native-v3,0,,0,legacy_native
1.9,5,0,0,0,100,0,-1,state_snapshot,0,0,native-v3,rrc-epoch-0,0,0,,v3,native-v3,0,,0,legacy_native
2,2,0,0,0,100,30,30,power_readback,0,0,native-v3,rrc-epoch-0,0,0,,v3,native-v3,0,,0,legacy_native
2,2,0,0,0,100,30,30,state_snapshot,0,0,native-v3,rrc-epoch-0,0,0,,v3,native-v3,0,,0,legacy_native
2,3,0,0,0,100,30,30,power_readback,0,0,native-v3,rrc-epoch-0,0,0,,v3,native-v3,0,,0,legacy_native
2,3,0,0,0,100,30,30,state_snapshot,0,0,native-v3,rrc-epoch-0,0,0,,v3,native-v3,0,,0,legacy_native
2,4,0,0,0,100,30,30,power_readback,0,0,native-v3,rrc-epoch-0,0,0,,v3,native-v3,0,,0,legacy_native
2,4,0,0,0,100,30,30,state_snapshot,0,0,native-v3,rrc-epoch-0,0,0,,v3,native-v3,0,,0,legacy_native
2,5,0,0,0,100,0,-1,power_readback,0,0,native-v3,rrc-epoch-0,0,0,,v3,native-v3,0,,0,legacy_native
2,5,0,0,0,100,0,-1,state_snapshot,0,0,native-v3,rrc-epoch-0,0,0,,v3,native-v3,0,,0,legacy_native
2.1,2,0,0,0,100,30,30,power_readback,0,0,native-v3,rrc-epoch-0,0,0,,v3,native-v3,0,,0,legacy_native
2.1,2,0,0,0,100,30,30,state_snapshot,0,0,native-v3,rrc-epoch-0,0,0,,v3,native-v3,0,,0,legacy_native
2.1,3,0,0,0,100,30,30,power_readback,0,0,native-v3,rrc-epoch-0,0,0,,v3,native-v3,0,,0,legacy_native
2.1,3,0,0,0,100,30,30,state_snapshot,0,0,native-v3,rrc-epoch-0,0,0,,v3,native-v3,0,,0,legacy_native
2.1,4,0,0,0,100,30,30,power_readback,0,0,native-v3,rrc-epoch-0,0,0,,v3,native-v3,0,,0,legacy_native
2.1,4,0,0,0,100,30,30,state_snapshot,0,0,native-v3,rrc-epoch-0,0,0,,v3,native-v3,0,,0,legacy_native
2.1,5,0,0,0,100,0,-1,power_readback,0,0,native-v3,rrc-epoch-0,0,0,,v3,native-v3,0,,0,legacy_native
2.1,5,0,0,0,100,0,-1,state_snapshot,0,0,native-v3,rrc-epoch-0,0,0,,v3,native-v3,0,,0,legacy_native
2.2,2,0,0,0,100,30,30,power_readback,0,0,native-v3,rrc-epoch-0,0,0,,v3,native-v3,0,,0,legacy_native
2.2,2,0,0,0,100,30,30,state_snapshot,0,0,native-v3,rrc-epoch-0,0,0,,v3,native-v3,0,,0,legacy_native
2.2,3,0,0,0,100,30,30,power_readback,0,0,native-v3,rrc-epoch-0,0,0,,v3,native-v3,0,,0,legacy_native
2.2,3,0,0,0,100,30,30,state_snapshot,0,0,native-v3,rrc-epoch-0,0,0,,v3,native-v3,0,,0,legacy_native
2.2,4,0,0,0,100,30,30,power_readback,0,0,native-v3,rrc-epoch-0,0,0,,v3,native-v3,0,,0,legacy_native
2.2,4,0,0,0,100,30,30,state_snapshot,0,0,native-v3,rrc-epoch-0,0,0,,v3,native-v3,0,,0,legacy_native
2.2,5,0,0,0,100,0,-1,power_readback,0,0,native-v3,rrc-epoch-0,0,0,,v3,native-v3,0,,0,legacy_native
2.2,5,0,0,0,100,0,-1,state_snapshot,0,0,native-v3,rrc-epoch-0,0,0,,v3,native-v3,0,,0,legacy_native
2.3,2,0,0,0,100,30,30,power_readback,0,0,native-v3,rrc-epoch-0,0,0,,v3,native-v3,0,,0,legacy_native
2.3,2,0,0,0,100,30,30,state_snapshot,0,0,native-v3,rrc-epoch-0,0,0,,v3,native-v3,0,,0,legacy_native
2.3,3,0,0,0,100,30,30,power_readback,0,0,native-v3,rrc-epoch-0,0,0,,v3,native-v3,0,,0,legacy_native
2.3,3,0,0,0,100,30,30,state_snapshot,0,0,native-v3,rrc-epoch-0,0,0,,v3,native-v3,0,,0,legacy_native
2.3,4,0,0,0,100,30,30,power_readback,0,0,native-v3,rrc-epoch-0,0,0,,v3,native-v3,0,,0,legacy_native
2.3,4,0,0,0,100,30,30,state_snapshot,0,0,native-v3,rrc-epoch-0,0,0,,v3,native-v3,0,,0,legacy_native
2.3,5,0,0,0,100,0,-1,power_readback,0,0,native-v3,rrc-epoch-0,0,0,,v3,native-v3,0,,0,legacy_native
2.3,5,0,0,0,100,0,-1,state_snapshot,0,0,native-v3,rrc-epoch-0,0,0,,v3,native-v3,0,,0,legacy_native
2.4,2,0,0,0,100,30,30,power_readback,0,0,native-v3,rrc-epoch-0,0,0,,v3,native-v3,0,,0,legacy_native
2.4,2,0,0,0,100,30,30,state_snapshot,0,0,native-v3,rrc-epoch-0,0,0,,v3,native-v3,0,,0,legacy_native
2.4,3,0,0,0,100,30,30,power_readback,0,0,native-v3,rrc-epoch-0,0,0,,v3,native-v3,0,,0,legacy_native
2.4,3,0,0,0,100,30,30,state_snapshot,0,0,native-v3,rrc-epoch-0,0,0,,v3,native-v3,0,,0,legacy_native
2.4,4,0,0,0,100,30,30,power_readback,0,0,native-v3,rrc-epoch-0,0,0,,v3,native-v3,0,,0,legacy_native
2.4,4,0,0,0,100,30,30,state_snapshot,0,0,native-v3,rrc-epoch-0,0,0,,v3,native-v3,0,,0,legacy_native
2.4,5,0,0,0,100,0,-1,power_readback,0,0,native-v3,rrc-epoch-0,0,0,,v3,native-v3,0,,0,legacy_native
2.4,5,0,0,0,100,0,-1,state_snapshot,0,0,native-v3,rrc-epoch-0,0,0,,v3,native-v3,0,,0,legacy_native
2.5,2,0,0,0,100,30,30,power_readback,0,0,native-v3,rrc-epoch-0,0,0,,v3,native-v3,0,,0,legacy_native
2.5,2,0,0,0,100,30,30,state_snapshot,0,0,native-v3,rrc-epoch-0,0,0,,v3,native-v3,0,,0,legacy_native
2.5,3,0,0,0,100,30,30,power_readback,0,0,native-v3,rrc-epoch-0,0,0,,v3,native-v3,0,,0,legacy_native
2.5,3,0,0,0,100,30,30,state_snapshot,0,0,native-v3,rrc-epoch-0,0,0,,v3,native-v3,0,,0,legacy_native
2.5,4,0,0,0,100,30,30,power_readback,0,0,native-v3,rrc-epoch-0,0,0,,v3,native-v3,0,,0,legacy_native
2.5,4,0,0,0,100,30,30,state_snapshot,0,0,native-v3,rrc-epoch-0,0,0,,v3,native-v3,0,,0,legacy_native
2.5,5,0,0,0,100,0,-1,power_readback,0,0,native-v3,rrc-epoch-0,0,0,,v3,native-v3,0,,0,legacy_native
2.5,5,0,0,0,100,0,-1,state_snapshot,0,0,native-v3,rrc-epoch-0,0,0,,v3,native-v3,0,,0,legacy_native
2.6,2,0,0,0,100,30,30,power_readback,0,0,native-v3,rrc-epoch-0,0,0,,v3,native-v3,0,,0,legacy_native
2.6,2,0,0,0,100,30,30,state_snapshot,0,0,native-v3,rrc-epoch-0,0,0,,v3,native-v3,0,,0,legacy_native
2.6,3,0,0,0,100,30,30,power_readback,0,0,native-v3,rrc-epoch-0,0,0,,v3,native-v3,0,,0,legacy_native
2.6,3,0,0,0,100,30,30,state_snapshot,0,0,native-v3,rrc-epoch-0,0,0,,v3,native-v3,0,,0,legacy_native
2.6,4,0,0,0,100,30,30,power_readback,0,0,native-v3,rrc-epoch-0,0,0,,v3,native-v3,0,,0,legacy_native
2.6,4,0,0,0,100,30,30,state_snapshot,0,0,native-v3,rrc-epoch-0,0,0,,v3,native-v3,0,,0,legacy_native
2.6,5,0,0,0,100,0,-1,power_readback,0,0,native-v3,rrc-epoch-0,0,0,,v3,native-v3,0,,0,legacy_native
2.6,5,0,0,0,100,0,-1,state_snapshot,0,0,native-v3,rrc-epoch-0,0,0,,v3,native-v3,0,,0,legacy_native
2.7,2,0,0,0,100,30,30,power_readback,0,0,native-v3,rrc-epoch-0,0,0,,v3,native-v3,0,,0,legacy_native
2.7,2,0,0,0,100,30,30,state_snapshot,0,0,native-v3,rrc-epoch-0,0,0,,v3,native-v3,0,,0,legacy_native
2.7,3,0,0,0,100,30,30,power_readback,0,0,native-v3,rrc-epoch-0,0,0,,v3,native-v3,0,,0,legacy_native
2.7,3,0,0,0,100,30,30,state_snapshot,0,0,native-v3,rrc-epoch-0,0,0,,v3,native-v3,0,,0,legacy_native
2.7,4,0,0,0,100,30,30,power_readback,0,0,native-v3,rrc-epoch-0,0,0,,v3,native-v3,0,,0,legacy_native
2.7,4,0,0,0,100,30,30,state_snapshot,0,0,native-v3,rrc-epoch-0,0,0,,v3,native-v3,0,,0,legacy_native
2.7,5,0,0,0,100,0,-1,power_readback,0,0,native-v3,rrc-epoch-0,0,0,,v3,native-v3,0,,0,legacy_native
2.7,5,0,0,0,100,0,-1,state_snapshot,0,0,native-v3,rrc-epoch-0,0,0,,v3,native-v3,0,,0,legacy_native
2.8,2,0,0,0,100,30,30,power_readback,0,0,native-v3,rrc-epoch-0,0,0,,v3,native-v3,0,,0,legacy_native
2.8,2,0,0,0,100,30,30,state_snapshot,0,0,native-v3,rrc-epoch-0,0,0,,v3,native-v3,0,,0,legacy_native
2.8,3,0,0,0,100,30,30,power_readback,0,0,native-v3,rrc-epoch-0,0,0,,v3,native-v3,0,,0,legacy_native
2.8,3,0,0,0,100,30,30,state_snapshot,0,0,native-v3,rrc-epoch-0,0,0,,v3,native-v3,0,,0,legacy_native
2.8,4,0,0,0,100,30,30,power_readback,0,0,native-v3,rrc-epoch-0,0,0,,v3,native-v3,0,,0,legacy_native
2.8,4,0,0,0,100,30,30,state_snapshot,0,0,native-v3,rrc-epoch-0,0,0,,v3,native-v3,0,,0,legacy_native
2.8,5,0,0,0,100,0,-1,power_readback,0,0,native-v3,rrc-epoch-0,0,0,,v3,native-v3,0,,0,legacy_native
2.8,5,0,0,0,100,0,-1,state_snapshot,0,0,native-v3,rrc-epoch-0,0,0,,v3,native-v3,0,,0,legacy_native
2.9,2,0,0,0,100,30,30,power_readback,0,0,native-v3,rrc-epoch-0,0,0,,v3,native-v3,0,,0,legacy_native
2.9,2,0,0,0,100,30,30,state_snapshot,0,0,native-v3,rrc-epoch-0,0,0,,v3,native-v3,0,,0,legacy_native
2.9,3,0,0,0,100,30,30,power_readback,0,0,native-v3,rrc-epoch-0,0,0,,v3,native-v3,0,,0,legacy_native
2.9,3,0,0,0,100,30,30,state_snapshot,0,0,native-v3,rrc-epoch-0,0,0,,v3,native-v3,0,,0,legacy_native
2.9,4,0,0,0,100,30,30,power_readback,0,0,native-v3,rrc-epoch-0,0,0,,v3,native-v3,0,,0,legacy_native
2.9,4,0,0,0,100,30,30,state_snapshot,0,0,native-v3,rrc-epoch-0,0,0,,v3,native-v3,0,,0,legacy_native
2.9,5,0,0,0,100,0,-1,power_readback,0,0,native-v3,rrc-epoch-0,0,0,,v3,native-v3,0,,0,legacy_native
2.9,5,0,0,0,100,0,-1,state_snapshot,0,0,native-v3,rrc-epoch-0,0,0,,v3,native-v3,0,,0,legacy_native
3,2,0,0,0,100,30,30,power_readback,0,0,native-v3,rrc-epoch-0,0,0,,v3,native-v3,0,,0,legacy_native
3,2,0,0,0,100,30,30,state_snapshot,0,0,native-v3,rrc-epoch-0,0,0,,v3,native-v3,0,,0,legacy_native
3,3,0,0,0,100,30,30,power_readback,0,0,native-v3,rrc-epoch-0,0,0,,v3,native-v3,0,,0,legacy_native
3,3,0,0,0,100,30,30,state_snapshot,0,0,native-v3,rrc-epoch-0,0,0,,v3,native-v3,0,,0,legacy_native
3,4,0,0,0,100,30,30,power_readback,0,0,native-v3,rrc-epoch-0,0,0,,v3,native-v3,0,,0,legacy_native
3,4,0,0,0,100,30,30,state_snapshot,0,0,native-v3,rrc-epoch-0,0,0,,v3,native-v3,0,,0,legacy_native
3,5,0,0,0,100,0,-1,power_readback,0,0,native-v3,rrc-epoch-0,0,0,,v3,native-v3,0,,0,legacy_native
3,5,0,0,0,100,0,-1,state_snapshot,0,0,native-v3,rrc-epoch-0,0,0,,v3,native-v3,0,,0,legacy_native
3.1,2,0,0,0,100,30,30,power_readback,0,0,native-v3,rrc-epoch-0,0,0,,v3,native-v3,0,,0,legacy_native
3.1,2,0,0,0,100,30,30,state_snapshot,0,0,native-v3,rrc-epoch-0,0,0,,v3,native-v3,0,,0,legacy_native
3.1,3,0,0,0,100,30,30,power_readback,0,0,native-v3,rrc-epoch-0,0,0,,v3,native-v3,0,,0,legacy_native
3.1,3,0,0,0,100,30,30,state_snapshot,0,0,native-v3,rrc-epoch-0,0,0,,v3,native-v3,0,,0,legacy_native
3.1,4,0,0,0,100,30,30,power_readback,0,0,native-v3,rrc-epoch-0,0,0,,v3,native-v3,0,,0,legacy_native
3.1,4,0,0,0,100,30,30,state_snapshot,0,0,native-v3,rrc-epoch-0,0,0,,v3,native-v3,0,,0,legacy_native
3.1,5,0,0,0,100,0,-1,power_readback,0,0,native-v3,rrc-epoch-0,0,0,,v3,native-v3,0,,0,legacy_native
3.1,5,0,0,0,100,0,-1,state_snapshot,0,0,native-v3,rrc-epoch-0,0,0,,v3,native-v3,0,,0,legacy_native
3.2,2,0,0,0,100,30,30,power_readback,0,0,native-v3,rrc-epoch-0,0,0,,v3,native-v3,0,,0,legacy_native
3.2,2,0,0,0,100,30,30,state_snapshot,0,0,native-v3,rrc-epoch-0,0,0,,v3,native-v3,0,,0,legacy_native
3.2,3,0,0,0,100,30,30,power_readback,0,0,native-v3,rrc-epoch-0,0,0,,v3,native-v3,0,,0,legacy_native
3.2,3,0,0,0,100,30,30,state_snapshot,0,0,native-v3,rrc-epoch-0,0,0,,v3,native-v3,0,,0,legacy_native
3.2,4,0,0,0,100,30,30,power_readback,0,0,native-v3,rrc-epoch-0,0,0,,v3,native-v3,0,,0,legacy_native
3.2,4,0,0,0,100,30,30,state_snapshot,0,0,native-v3,rrc-epoch-0,0,0,,v3,native-v3,0,,0,legacy_native
3.2,5,0,0,0,100,0,-1,power_readback,0,0,native-v3,rrc-epoch-0,0,0,,v3,native-v3,0,,0,legacy_native
3.2,5,0,0,0,100,0,-1,state_snapshot,0,0,native-v3,rrc-epoch-0,0,0,,v3,native-v3,0,,0,legacy_native
3.3,2,0,0,0,100,30,30,power_readback,0,0,native-v3,rrc-epoch-0,0,0,,v3,native-v3,0,,0,legacy_native
3.3,2,0,0,0,100,30,30,state_snapshot,0,0,native-v3,rrc-epoch-0,0,0,,v3,native-v3,0,,0,legacy_native
3.3,3,0,0,0,100,30,30,power_readback,0,0,native-v3,rrc-epoch-0,0,0,,v3,native-v3,0,,0,legacy_native
3.3,3,0,0,0,100,30,30,state_snapshot,0,0,native-v3,rrc-epoch-0,0,0,,v3,native-v3,0,,0,legacy_native
3.3,4,0,0,0,100,30,30,power_readback,0,0,native-v3,rrc-epoch-0,0,0,,v3,native-v3,0,,0,legacy_native
3.3,4,0,0,0,100,30,30,state_snapshot,0,0,native-v3,rrc-epoch-0,0,0,,v3,native-v3,0,,0,legacy_native
3.3,5,0,0,0,100,0,-1,power_readback,0,0,native-v3,rrc-epoch-0,0,0,,v3,native-v3,0,,0,legacy_native
3.3,5,0,0,0,100,0,-1,state_snapshot,0,0,native-v3,rrc-epoch-0,0,0,,v3,native-v3,0,,0,legacy_native
3.4,2,0,0,0,100,30,30,power_readback,0,0,native-v3,rrc-epoch-0,0,0,,v3,native-v3,0,,0,legacy_native
3.4,2,0,0,0,100,30,30,state_snapshot,0,0,native-v3,rrc-epoch-0,0,0,,v3,native-v3,0,,0,legacy_native
3.4,3,0,0,0,100,30,30,power_readback,0,0,native-v3,rrc-epoch-0,0,0,,v3,native-v3,0,,0,legacy_native
3.4,3,0,0,0,100,30,30,state_snapshot,0,0,native-v3,rrc-epoch-0,0,0,,v3,native-v3,0,,0,legacy_native
3.4,4,0,0,0,100,30,30,power_readback,0,0,native-v3,rrc-epoch-0,0,0,,v3,native-v3,0,,0,legacy_native
3.4,4,0,0,0,100,30,30,state_snapshot,0,0,native-v3,rrc-epoch-0,0,0,,v3,native-v3,0,,0,legacy_native
3.4,5,0,0,0,100,0,-1,power_readback,0,0,native-v3,rrc-epoch-0,0,0,,v3,native-v3,0,,0,legacy_native
3.4,5,0,0,0,100,0,-1,state_snapshot,0,0,native-v3,rrc-epoch-0,0,0,,v3,native-v3,0,,0,legacy_native
3.5,2,0,0,0,100,30,30,power_readback,0,0,native-v3,rrc-epoch-0,0,0,,v3,native-v3,0,,0,legacy_native
3.5,2,0,0,0,100,30,30,state_snapshot,0,0,native-v3,rrc-epoch-0,0,0,,v3,native-v3,0,,0,legacy_native
3.5,3,0,0,0,100,30,30,power_readback,0,0,native-v3,rrc-epoch-0,0,0,,v3,native-v3,0,,0,legacy_native
3.5,3,0,0,0,100,30,30,state_snapshot,0,0,native-v3,rrc-epoch-0,0,0,,v3,native-v3,0,,0,legacy_native
3.5,4,0,0,0,100,30,30,power_readback,0,0,native-v3,rrc-epoch-0,0,0,,v3,native-v3,0,,0,legacy_native
3.5,4,0,0,0,100,30,30,state_snapshot,0,0,native-v3,rrc-epoch-0,0,0,,v3,native-v3,0,,0,legacy_native
3.5,5,0,0,0,100,0,-1,power_readback,0,0,native-v3,rrc-epoch-0,0,0,,v3,native-v3,0,,0,legacy_native
3.5,5,0,0,0,100,0,-1,state_snapshot,0,0,native-v3,rrc-epoch-0,0,0,,v3,native-v3,0,,0,legacy_native
3.6,2,0,0,0,100,30,30,power_readback,0,0,native-v3,rrc-epoch-0,0,0,,v3,native-v3,0,,0,legacy_native
3.6,2,0,0,0,100,30,30,state_snapshot,0,0,native-v3,rrc-epoch-0,0,0,,v3,native-v3,0,,0,legacy_native
3.6,3,0,0,0,100,30,30,power_readback,0,0,native-v3,rrc-epoch-0,0,0,,v3,native-v3,0,,0,legacy_native
3.6,3,0,0,0,100,30,30,state_snapshot,0,0,native-v3,rrc-epoch-0,0,0,,v3,native-v3,0,,0,legacy_native
3.6,4,0,0,0,100,30,30,power_readback,0,0,native-v3,rrc-epoch-0,0,0,,v3,native-v3,0,,0,legacy_native
3.6,4,0,0,0,100,30,30,state_snapshot,0,0,native-v3,rrc-epoch-0,0,0,,v3,native-v3,0,,0,legacy_native
3.6,5,0,0,0,100,0,-1,power_readback,0,0,native-v3,rrc-epoch-0,0,0,,v3,native-v3,0,,0,legacy_native
3.6,5,0,0,0,100,0,-1,state_snapshot,0,0,native-v3,rrc-epoch-0,0,0,,v3,native-v3,0,,0,legacy_native
3.7,2,0,0,0,100,30,30,power_readback,0,0,native-v3,rrc-epoch-0,0,0,,v3,native-v3,0,,0,legacy_native
3.7,2,0,0,0,100,30,30,state_snapshot,0,0,native-v3,rrc-epoch-0,0,0,,v3,native-v3,0,,0,legacy_native
3.7,3,0,0,0,100,30,30,power_readback,0,0,native-v3,rrc-epoch-0,0,0,,v3,native-v3,0,,0,legacy_native
3.7,3,0,0,0,100,30,30,state_snapshot,0,0,native-v3,rrc-epoch-0,0,0,,v3,native-v3,0,,0,legacy_native
3.7,4,0,0,0,100,30,30,power_readback,0,0,native-v3,rrc-epoch-0,0,0,,v3,native-v3,0,,0,legacy_native
3.7,4,0,0,0,100,30,30,state_snapshot,0,0,native-v3,rrc-epoch-0,0,0,,v3,native-v3,0,,0,legacy_native
3.7,5,0,0,0,100,0,-1,power_readback,0,0,native-v3,rrc-epoch-0,0,0,,v3,native-v3,0,,0,legacy_native
3.7,5,0,0,0,100,0,-1,state_snapshot,0,0,native-v3,rrc-epoch-0,0,0,,v3,native-v3,0,,0,legacy_native
3.8,2,0,0,0,100,30,30,power_readback,0,0,native-v3,rrc-epoch-0,0,0,,v3,native-v3,0,,0,legacy_native
3.8,2,0,0,0,100,30,30,state_snapshot,0,0,native-v3,rrc-epoch-0,0,0,,v3,native-v3,0,,0,legacy_native
3.8,3,0,0,0,100,30,30,power_readback,0,0,native-v3,rrc-epoch-0,0,0,,v3,native-v3,0,,0,legacy_native
3.8,3,0,0,0,100,30,30,state_snapshot,0,0,native-v3,rrc-epoch-0,0,0,,v3,native-v3,0,,0,legacy_native
3.8,4,0,0,0,100,30,30,power_readback,0,0,native-v3,rrc-epoch-0,0,0,,v3,native-v3,0,,0,legacy_native
3.8,4,0,0,0,100,30,30,state_snapshot,0,0,native-v3,rrc-epoch-0,0,0,,v3,native-v3,0,,0,legacy_native
3.8,5,0,0,0,100,0,-1,power_readback,0,0,native-v3,rrc-epoch-0,0,0,,v3,native-v3,0,,0,legacy_native
3.8,5,0,0,0,100,0,-1,state_snapshot,0,0,native-v3,rrc-epoch-0,0,0,,v3,native-v3,0,,0,legacy_native
3.9,2,0,0,0,100,30,30,power_readback,0,0,native-v3,rrc-epoch-0,0,0,,v3,native-v3,0,,0,legacy_native
3.9,2,0,0,0,100,30,30,state_snapshot,0,0,native-v3,rrc-epoch-0,0,0,,v3,native-v3,0,,0,legacy_native
3.9,3,0,0,0,100,30,30,power_readback,0,0,native-v3,rrc-epoch-0,0,0,,v3,native-v3,0,,0,legacy_native
3.9,3,0,0,0,100,30,30,state_snapshot,0,0,native-v3,rrc-epoch-0,0,0,,v3,native-v3,0,,0,legacy_native
3.9,4,0,0,0,100,30,30,power_readback,0,0,native-v3,rrc-epoch-0,0,0,,v3,native-v3,0,,0,legacy_native
3.9,4,0,0,0,100,30,30,state_snapshot,0,0,native-v3,rrc-epoch-0,0,0,,v3,native-v3,0,,0,legacy_native
3.9,5,0,0,0,100,0,-1,power_readback,0,0,native-v3,rrc-epoch-0,0,0,,v3,native-v3,0,,0,legacy_native
3.9,5,0,0,0,100,0,-1,state_snapshot,0,0,native-v3,rrc-epoch-0,0,0,,v3,native-v3,0,,0,legacy_native
4,2,0,0,0,100,30,30,power_readback,0,0,native-v3,rrc-epoch-0,0,0,,v3,native-v3,0,,0,legacy_native
4,2,0,0,0,100,30,30,state_snapshot,0,0,native-v3,rrc-epoch-0,0,0,,v3,native-v3,0,,0,legacy_native
4,3,0,0,0,100,30,30,power_readback,0,0,native-v3,rrc-epoch-0,0,0,,v3,native-v3,0,,0,legacy_native
4,3,0,0,0,100,30,30,state_snapshot,0,0,native-v3,rrc-epoch-0,0,0,,v3,native-v3,0,,0,legacy_native
4,4,0,0,0,100,30,30,power_readback,0,0,native-v3,rrc-epoch-0,0,0,,v3,native-v3,0,,0,legacy_native
4,4,0,0,0,100,30,30,state_snapshot,0,0,native-v3,rrc-epoch-0,0,0,,v3,native-v3,0,,0,legacy_native
4,5,0,0,0,100,0,-1,power_readback,0,0,native-v3,rrc-epoch-0,0,0,,v3,native-v3,0,,0,legacy_native
4,5,0,0,0,100,0,-1,state_snapshot,0,0,native-v3,rrc-epoch-0,0,0,,v3,native-v3,0,,0,legacy_native
4.1,2,0,0,0,100,30,30,power_readback,0,0,native-v3,rrc-epoch-0,0,0,,v3,native-v3,0,,0,legacy_native
4.1,2,0,0,0,100,30,30,state_snapshot,0,0,native-v3,rrc-epoch-0,0,0,,v3,native-v3,0,,0,legacy_native
4.1,3,0,0,0,100,30,30,power_readback,0,0,native-v3,rrc-epoch-0,0,0,,v3,native-v3,0,,0,legacy_native
4.1,3,0,0,0,100,30,30,state_snapshot,0,0,native-v3,rrc-epoch-0,0,0,,v3,native-v3,0,,0,legacy_native
4.1,4,0,0,0,100,30,30,power_readback,0,0,native-v3,rrc-epoch-0,0,0,,v3,native-v3,0,,0,legacy_native
4.1,4,0,0,0,100,30,30,state_snapshot,0,0,native-v3,rrc-epoch-0,0,0,,v3,native-v3,0,,0,legacy_native
4.1,5,0,0,0,100,0,-1,power_readback,0,0,native-v3,rrc-epoch-0,0,0,,v3,native-v3,0,,0,legacy_native
4.1,5,0,0,0,100,0,-1,state_snapshot,0,0,native-v3,rrc-epoch-0,0,0,,v3,native-v3,0,,0,legacy_native
4.2,2,0,0,0,100,30,30,power_readback,0,0,native-v3,rrc-epoch-0,0,0,,v3,native-v3,0,,0,legacy_native
4.2,2,0,0,0,100,30,30,state_snapshot,0,0,native-v3,rrc-epoch-0,0,0,,v3,native-v3,0,,0,legacy_native
4.2,3,0,0,0,100,30,30,power_readback,0,0,native-v3,rrc-epoch-0,0,0,,v3,native-v3,0,,0,legacy_native
4.2,3,0,0,0,100,30,30,state_snapshot,0,0,native-v3,rrc-epoch-0,0,0,,v3,native-v3,0,,0,legacy_native
4.2,4,0,0,0,100,30,30,power_readback,0,0,native-v3,rrc-epoch-0,0,0,,v3,native-v3,0,,0,legacy_native
4.2,4,0,0,0,100,30,30,state_snapshot,0,0,native-v3,rrc-epoch-0,0,0,,v3,native-v3,0,,0,legacy_native
4.2,5,0,0,0,100,0,-1,power_readback,0,0,native-v3,rrc-epoch-0,0,0,,v3,native-v3,0,,0,legacy_native
4.2,5,0,0,0,100,0,-1,state_snapshot,0,0,native-v3,rrc-epoch-0,0,0,,v3,native-v3,0,,0,legacy_native
4.3,2,0,0,0,100,30,30,power_readback,0,0,native-v3,rrc-epoch-0,0,0,,v3,native-v3,0,,0,legacy_native
4.3,2,0,0,0,100,30,30,state_snapshot,0,0,native-v3,rrc-epoch-0,0,0,,v3,native-v3,0,,0,legacy_native
4.3,3,0,0,0,100,30,30,power_readback,0,0,native-v3,rrc-epoch-0,0,0,,v3,native-v3,0,,0,legacy_native
4.3,3,0,0,0,100,30,30,state_snapshot,0,0,native-v3,rrc-epoch-0,0,0,,v3,native-v3,0,,0,legacy_native
4.3,4,0,0,0,100,30,30,power_readback,0,0,native-v3,rrc-epoch-0,0,0,,v3,native-v3,0,,0,legacy_native
4.3,4,0,0,0,100,30,30,state_snapshot,0,0,native-v3,rrc-epoch-0,0,0,,v3,native-v3,0,,0,legacy_native
4.3,5,0,0,0,100,0,-1,power_readback,0,0,native-v3,rrc-epoch-0,0,0,,v3,native-v3,0,,0,legacy_native
4.3,5,0,0,0,100,0,-1,state_snapshot,0,0,native-v3,rrc-epoch-0,0,0,,v3,native-v3,0,,0,legacy_native
4.4,2,0,0,0,100,30,30,power_readback,0,0,native-v3,rrc-epoch-0,0,0,,v3,native-v3,0,,0,legacy_native
4.4,2,0,0,0,100,30,30,state_snapshot,0,0,native-v3,rrc-epoch-0,0,0,,v3,native-v3,0,,0,legacy_native
4.4,3,0,0,0,100,30,30,power_readback,0,0,native-v3,rrc-epoch-0,0,0,,v3,native-v3,0,,0,legacy_native
4.4,3,0,0,0,100,30,30,state_snapshot,0,0,native-v3,rrc-epoch-0,0,0,,v3,native-v3,0,,0,legacy_native
4.4,4,0,0,0,100,30,30,power_readback,0,0,native-v3,rrc-epoch-0,0,0,,v3,native-v3,0,,0,legacy_native
4.4,4,0,0,0,100,30,30,state_snapshot,0,0,native-v3,rrc-epoch-0,0,0,,v3,native-v3,0,,0,legacy_native
4.4,5,0,0,0,100,0,-1,power_readback,0,0,native-v3,rrc-epoch-0,0,0,,v3,native-v3,0,,0,legacy_native
4.4,5,0,0,0,100,0,-1,state_snapshot,0,0,native-v3,rrc-epoch-0,0,0,,v3,native-v3,0,,0,legacy_native
4.5,2,0,0,0,100,30,30,power_readback,0,0,native-v3,rrc-epoch-0,0,0,,v3,native-v3,0,,0,legacy_native
4.5,2,0,0,0,100,30,30,state_snapshot,0,0,native-v3,rrc-epoch-0,0,0,,v3,native-v3,0,,0,legacy_native
4.5,3,0,0,0,100,30,30,power_readback,0,0,native-v3,rrc-epoch-0,0,0,,v3,native-v3,0,,0,legacy_native
4.5,3,0,0,0,100,30,30,state_snapshot,0,0,native-v3,rrc-epoch-0,0,0,,v3,native-v3,0,,0,legacy_native
4.5,4,0,0,0,100,30,30,power_readback,0,0,native-v3,rrc-epoch-0,0,0,,v3,native-v3,0,,0,legacy_native
4.5,4,0,0,0,100,30,30,state_snapshot,0,0,native-v3,rrc-epoch-0,0,0,,v3,native-v3,0,,0,legacy_native
4.5,5,0,0,0,100,0,-1,power_readback,0,0,native-v3,rrc-epoch-0,0,0,,v3,native-v3,0,,0,legacy_native
4.5,5,0,0,0,100,0,-1,state_snapshot,0,0,native-v3,rrc-epoch-0,0,0,,v3,native-v3,0,,0,legacy_native
4.6,2,0,0,0,100,30,30,power_readback,0,0,native-v3,rrc-epoch-0,0,0,,v3,native-v3,0,,0,legacy_native
4.6,2,0,0,0,100,30,30,state_snapshot,0,0,native-v3,rrc-epoch-0,0,0,,v3,native-v3,0,,0,legacy_native
4.6,3,0,0,0,100,30,30,power_readback,0,0,native-v3,rrc-epoch-0,0,0,,v3,native-v3,0,,0,legacy_native
4.6,3,0,0,0,100,30,30,state_snapshot,0,0,native-v3,rrc-epoch-0,0,0,,v3,native-v3,0,,0,legacy_native
4.6,4,0,0,0,100,30,30,power_readback,0,0,native-v3,rrc-epoch-0,0,0,,v3,native-v3,0,,0,legacy_native
4.6,4,0,0,0,100,30,30,state_snapshot,0,0,native-v3,rrc-epoch-0,0,0,,v3,native-v3,0,,0,legacy_native
4.6,5,0,0,0,100,0,-1,power_readback,0,0,native-v3,rrc-epoch-0,0,0,,v3,native-v3,0,,0,legacy_native
4.6,5,0,0,0,100,0,-1,state_snapshot,0,0,native-v3,rrc-epoch-0,0,0,,v3,native-v3,0,,0,legacy_native
4.7,2,0,0,0,100,30,30,power_readback,0,0,native-v3,rrc-epoch-0,0,0,,v3,native-v3,0,,0,legacy_native
4.7,2,0,0,0,100,30,30,state_snapshot,0,0,native-v3,rrc-epoch-0,0,0,,v3,native-v3,0,,0,legacy_native
4.7,3,0,0,0,100,30,30,power_readback,0,0,native-v3,rrc-epoch-0,0,0,,v3,native-v3,0,,0,legacy_native
4.7,3,0,0,0,100,30,30,state_snapshot,0,0,native-v3,rrc-epoch-0,0,0,,v3,native-v3,0,,0,legacy_native
4.7,4,0,0,0,100,30,30,power_readback,0,0,native-v3,rrc-epoch-0,0,0,,v3,native-v3,0,,0,legacy_native
4.7,4,0,0,0,100,30,30,state_snapshot,0,0,native-v3,rrc-epoch-0,0,0,,v3,native-v3,0,,0,legacy_native
4.7,5,0,0,0,100,0,-1,power_readback,0,0,native-v3,rrc-epoch-0,0,0,,v3,native-v3,0,,0,legacy_native
4.7,5,0,0,0,100,0,-1,state_snapshot,0,0,native-v3,rrc-epoch-0,0,0,,v3,native-v3,0,,0,legacy_native
4.8,2,0,0,0,100,30,30,power_readback,0,0,native-v3,rrc-epoch-0,0,0,,v3,native-v3,0,,0,legacy_native
4.8,2,0,0,0,100,30,30,state_snapshot,0,0,native-v3,rrc-epoch-0,0,0,,v3,native-v3,0,,0,legacy_native
4.8,3,0,0,0,100,30,30,power_readback,0,0,native-v3,rrc-epoch-0,0,0,,v3,native-v3,0,,0,legacy_native
4.8,3,0,0,0,100,30,30,state_snapshot,0,0,native-v3,rrc-epoch-0,0,0,,v3,native-v3,0,,0,legacy_native
4.8,4,0,0,0,100,30,30,power_readback,0,0,native-v3,rrc-epoch-0,0,0,,v3,native-v3,0,,0,legacy_native
4.8,4,0,0,0,100,30,30,state_snapshot,0,0,native-v3,rrc-epoch-0,0,0,,v3,native-v3,0,,0,legacy_native
4.8,5,0,0,0,100,0,-1,power_readback,0,0,native-v3,rrc-epoch-0,0,0,,v3,native-v3,0,,0,legacy_native
4.8,5,0,0,0,100,0,-1,state_snapshot,0,0,native-v3,rrc-epoch-0,0,0,,v3,native-v3,0,,0,legacy_native
4.9,2,0,0,0,100,30,30,power_readback,0,0,native-v3,rrc-epoch-0,0,0,,v3,native-v3,0,,0,legacy_native
4.9,2,0,0,0,100,30,30,state_snapshot,0,0,native-v3,rrc-epoch-0,0,0,,v3,native-v3,0,,0,legacy_native
4.9,3,0,0,0,100,30,30,power_readback,0,0,native-v3,rrc-epoch-0,0,0,,v3,native-v3,0,,0,legacy_native
4.9,3,0,0,0,100,30,30,state_snapshot,0,0,native-v3,rrc-epoch-0,0,0,,v3,native-v3,0,,0,legacy_native
4.9,4,0,0,0,100,30,30,power_readback,0,0,native-v3,rrc-epoch-0,0,0,,v3,native-v3,0,,0,legacy_native
4.9,4,0,0,0,100,30,30,state_snapshot,0,0,native-v3,rrc-epoch-0,0,0,,v3,native-v3,0,,0,legacy_native
4.9,5,0,0,0,100,0,-1,power_readback,0,0,native-v3,rrc-epoch-0,0,0,,v3,native-v3,0,,0,legacy_native
4.9,5,0,0,0,100,0,-1,state_snapshot,0,0,native-v3,rrc-epoch-0,0,0,,v3,native-v3,0,,0,legacy_native
5,2,0,0,0,100,30,30,power_readback,0,0,native-v3,rrc-epoch-0,0,0,,v3,native-v3,0,,0,legacy_native
5,2,0,0,0,100,30,30,state_snapshot,0,0,native-v3,rrc-epoch-0,0,0,,v3,native-v3,0,,0,legacy_native
5,3,0,0,0,100,30,30,power_readback,0,0,native-v3,rrc-epoch-0,0,0,,v3,native-v3,0,,0,legacy_native
5,3,0,0,0,100,30,30,state_snapshot,0,0,native-v3,rrc-epoch-0,0,0,,v3,native-v3,0,,0,legacy_native
5,4,0,0,0,100,30,30,power_readback,0,0,native-v3,rrc-epoch-0,0,0,,v3,native-v3,0,,0,legacy_native
5,4,0,0,0,100,30,30,state_snapshot,0,0,native-v3,rrc-epoch-0,0,0,,v3,native-v3,0,,0,legacy_native
5,5,0,0,0,100,0,-1,power_readback,0,0,native-v3,rrc-epoch-0,0,0,,v3,native-v3,0,,0,legacy_native
5,5,0,0,0,100,0,-1,state_snapshot,0,0,native-v3,rrc-epoch-0,0,0,,v3,native-v3,0,,0,legacy_native
5.1,2,0,0,0,100,30,30,power_readback,0,0,native-v3,rrc-epoch-0,0,0,,v3,native-v3,0,,0,legacy_native
5.1,2,0,0,0,100,30,30,state_snapshot,0,0,native-v3,rrc-epoch-0,0,0,,v3,native-v3,0,,0,legacy_native
5.1,3,0,0,0,100,30,30,power_readback,0,0,native-v3,rrc-epoch-0,0,0,,v3,native-v3,0,,0,legacy_native
5.1,3,0,0,0,100,30,30,state_snapshot,0,0,native-v3,rrc-epoch-0,0,0,,v3,native-v3,0,,0,legacy_native
5.1,4,0,0,0,100,30,30,power_readback,0,0,native-v3,rrc-epoch-0,0,0,,v3,native-v3,0,,0,legacy_native
5.1,4,0,0,0,100,30,30,state_snapshot,0,0,native-v3,rrc-epoch-0,0,0,,v3,native-v3,0,,0,legacy_native
5.1,5,0,0,0,100,0,-1,power_readback,0,0,native-v3,rrc-epoch-0,0,0,,v3,native-v3,0,,0,legacy_native
5.1,5,0,0,0,100,0,-1,state_snapshot,0,0,native-v3,rrc-epoch-0,0,0,,v3,native-v3,0,,0,legacy_native
5.2,2,0,0,0,100,30,30,power_readback,0,0,native-v3,rrc-epoch-0,0,0,,v3,native-v3,0,,0,legacy_native
5.2,2,0,0,0,100,30,30,state_snapshot,0,0,native-v3,rrc-epoch-0,0,0,,v3,native-v3,0,,0,legacy_native
5.2,3,0,0,0,100,30,30,power_readback,0,0,native-v3,rrc-epoch-0,0,0,,v3,native-v3,0,,0,legacy_native
5.2,3,0,0,0,100,30,30,state_snapshot,0,0,native-v3,rrc-epoch-0,0,0,,v3,native-v3,0,,0,legacy_native
5.2,4,0,0,0,100,30,30,power_readback,0,0,native-v3,rrc-epoch-0,0,0,,v3,native-v3,0,,0,legacy_native
5.2,4,0,0,0,100,30,30,state_snapshot,0,0,native-v3,rrc-epoch-0,0,0,,v3,native-v3,0,,0,legacy_native
5.2,5,0,0,0,100,0,-1,power_readback,0,0,native-v3,rrc-epoch-0,0,0,,v3,native-v3,0,,0,legacy_native
5.2,5,0,0,0,100,0,-1,state_snapshot,0,0,native-v3,rrc-epoch-0,0,0,,v3,native-v3,0,,0,legacy_native
5.3,2,0,0,0,100,30,30,power_readback,0,0,native-v3,rrc-epoch-0,0,0,,v3,native-v3,0,,0,legacy_native
5.3,2,0,0,0,100,30,30,state_snapshot,0,0,native-v3,rrc-epoch-0,0,0,,v3,native-v3,0,,0,legacy_native
5.3,3,0,0,0,100,30,30,power_readback,0,0,native-v3,rrc-epoch-0,0,0,,v3,native-v3,0,,0,legacy_native
5.3,3,0,0,0,100,30,30,state_snapshot,0,0,native-v3,rrc-epoch-0,0,0,,v3,native-v3,0,,0,legacy_native
5.3,4,0,0,0,100,30,30,power_readback,0,0,native-v3,rrc-epoch-0,0,0,,v3,native-v3,0,,0,legacy_native
5.3,4,0,0,0,100,30,30,state_snapshot,0,0,native-v3,rrc-epoch-0,0,0,,v3,native-v3,0,,0,legacy_native
5.3,5,0,0,0,100,0,-1,power_readback,0,0,native-v3,rrc-epoch-0,0,0,,v3,native-v3,0,,0,legacy_native
5.3,5,0,0,0,100,0,-1,state_snapshot,0,0,native-v3,rrc-epoch-0,0,0,,v3,native-v3,0,,0,legacy_native
5.4,2,0,0,0,100,30,30,power_readback,0,0,native-v3,rrc-epoch-0,0,0,,v3,native-v3,0,,0,legacy_native
5.4,2,0,0,0,100,30,30,state_snapshot,0,0,native-v3,rrc-epoch-0,0,0,,v3,native-v3,0,,0,legacy_native
5.4,3,0,0,0,100,30,30,power_readback,0,0,native-v3,rrc-epoch-0,0,0,,v3,native-v3,0,,0,legacy_native
5.4,3,0,0,0,100,30,30,state_snapshot,0,0,native-v3,rrc-epoch-0,0,0,,v3,native-v3,0,,0,legacy_native
5.4,4,0,0,0,100,30,30,power_readback,0,0,native-v3,rrc-epoch-0,0,0,,v3,native-v3,0,,0,legacy_native
5.4,4,0,0,0,100,30,30,state_snapshot,0,0,native-v3,rrc-epoch-0,0,0,,v3,native-v3,0,,0,legacy_native
5.4,5,0,0,0,100,0,-1,power_readback,0,0,native-v3,rrc-epoch-0,0,0,,v3,native-v3,0,,0,legacy_native
5.4,5,0,0,0,100,0,-1,state_snapshot,0,0,native-v3,rrc-epoch-0,0,0,,v3,native-v3,0,,0,legacy_native
5.5,2,0,0,0,100,30,30,power_readback,0,0,native-v3,rrc-epoch-0,0,0,,v3,native-v3,0,,0,legacy_native
5.5,2,0,0,0,100,30,30,state_snapshot,0,0,native-v3,rrc-epoch-0,0,0,,v3,native-v3,0,,0,legacy_native
5.5,3,0,0,0,100,30,30,power_readback,0,0,native-v3,rrc-epoch-0,0,0,,v3,native-v3,0,,0,legacy_native
5.5,3,0,0,0,100,30,30,state_snapshot,0,0,native-v3,rrc-epoch-0,0,0,,v3,native-v3,0,,0,legacy_native
5.5,4,0,0,0,100,30,30,power_readback,0,0,native-v3,rrc-epoch-0,0,0,,v3,native-v3,0,,0,legacy_native
5.5,4,0,0,0,100,30,30,state_snapshot,0,0,native-v3,rrc-epoch-0,0,0,,v3,native-v3,0,,0,legacy_native
5.5,5,0,0,0,100,0,-1,power_readback,0,0,native-v3,rrc-epoch-0,0,0,,v3,native-v3,0,,0,legacy_native
5.5,5,0,0,0,100,0,-1,state_snapshot,0,0,native-v3,rrc-epoch-0,0,0,,v3,native-v3,0,,0,legacy_native
5.6,2,0,0,0,100,30,30,power_readback,0,0,native-v3,rrc-epoch-0,0,0,,v3,native-v3,0,,0,legacy_native
5.6,2,0,0,0,100,30,30,state_snapshot,0,0,native-v3,rrc-epoch-0,0,0,,v3,native-v3,0,,0,legacy_native
5.6,3,0,0,0,100,30,30,power_readback,0,0,native-v3,rrc-epoch-0,0,0,,v3,native-v3,0,,0,legacy_native
5.6,3,0,0,0,100,30,30,state_snapshot,0,0,native-v3,rrc-epoch-0,0,0,,v3,native-v3,0,,0,legacy_native
5.6,4,0,0,0,100,30,30,power_readback,0,0,native-v3,rrc-epoch-0,0,0,,v3,native-v3,0,,0,legacy_native
5.6,4,0,0,0,100,30,30,state_snapshot,0,0,native-v3,rrc-epoch-0,0,0,,v3,native-v3,0,,0,legacy_native
5.6,5,0,0,0,100,0,-1,power_readback,0,0,native-v3,rrc-epoch-0,0,0,,v3,native-v3,0,,0,legacy_native
5.6,5,0,0,0,100,0,-1,state_snapshot,0,0,native-v3,rrc-epoch-0,0,0,,v3,native-v3,0,,0,legacy_native
5.7,2,0,0,0,100,30,30,power_readback,0,0,native-v3,rrc-epoch-0,0,0,,v3,native-v3,0,,0,legacy_native
5.7,2,0,0,0,100,30,30,state_snapshot,0,0,native-v3,rrc-epoch-0,0,0,,v3,native-v3,0,,0,legacy_native
5.7,3,0,0,0,100,30,30,power_readback,0,0,native-v3,rrc-epoch-0,0,0,,v3,native-v3,0,,0,legacy_native
5.7,3,0,0,0,100,30,30,state_snapshot,0,0,native-v3,rrc-epoch-0,0,0,,v3,native-v3,0,,0,legacy_native
5.7,4,0,0,0,100,30,30,power_readback,0,0,native-v3,rrc-epoch-0,0,0,,v3,native-v3,0,,0,legacy_native
5.7,4,0,0,0,100,30,30,state_snapshot,0,0,native-v3,rrc-epoch-0,0,0,,v3,native-v3,0,,0,legacy_native
5.7,5,0,0,0,100,0,-1,power_readback,0,0,native-v3,rrc-epoch-0,0,0,,v3,native-v3,0,,0,legacy_native
5.7,5,0,0,0,100,0,-1,state_snapshot,0,0,native-v3,rrc-epoch-0,0,0,,v3,native-v3,0,,0,legacy_native
5.8,2,0,0,0,100,30,30,power_readback,0,0,native-v3,rrc-epoch-0,0,0,,v3,native-v3,0,,0,legacy_native
5.8,2,0,0,0,100,30,30,state_snapshot,0,0,native-v3,rrc-epoch-0,0,0,,v3,native-v3,0,,0,legacy_native
5.8,3,0,0,0,100,30,30,power_readback,0,0,native-v3,rrc-epoch-0,0,0,,v3,native-v3,0,,0,legacy_native
5.8,3,0,0,0,100,30,30,state_snapshot,0,0,native-v3,rrc-epoch-0,0,0,,v3,native-v3,0,,0,legacy_native
5.8,4,0,0,0,100,30,30,power_readback,0,0,native-v3,rrc-epoch-0,0,0,,v3,native-v3,0,,0,legacy_native
5.8,4,0,0,0,100,30,30,state_snapshot,0,0,native-v3,rrc-epoch-0,0,0,,v3,native-v3,0,,0,legacy_native
5.8,5,0,0,0,100,0,-1,power_readback,0,0,native-v3,rrc-epoch-0,0,0,,v3,native-v3,0,,0,legacy_native
5.8,5,0,0,0,100,0,-1,state_snapshot,0,0,native-v3,rrc-epoch-0,0,0,,v3,native-v3,0,,0,legacy_native
5.9,2,0,0,0,100,30,30,power_readback,0,0,native-v3,rrc-epoch-0,0,0,,v3,native-v3,0,,0,legacy_native
5.9,2,0,0,0,100,30,30,state_snapshot,0,0,native-v3,rrc-epoch-0,0,0,,v3,native-v3,0,,0,legacy_native
5.9,3,0,0,0,100,30,30,power_readback,0,0,native-v3,rrc-epoch-0,0,0,,v3,native-v3,0,,0,legacy_native
5.9,3,0,0,0,100,30,30,state_snapshot,0,0,native-v3,rrc-epoch-0,0,0,,v3,native-v3,0,,0,legacy_native
5.9,4,0,0,0,100,30,30,power_readback,0,0,native-v3,rrc-epoch-0,0,0,,v3,native-v3,0,,0,legacy_native
5.9,4,0,0,0,100,30,30,state_snapshot,0,0,native-v3,rrc-epoch-0,0,0,,v3,native-v3,0,,0,legacy_native
5.9,5,0,0,0,100,0,-1,power_readback,0,0,native-v3,rrc-epoch-0,0,0,,v3,native-v3,0,,0,legacy_native
5.9,5,0,0,0,100,0,-1,state_snapshot,0,0,native-v3,rrc-epoch-0,0,0,,v3,native-v3,0,,0,legacy_native
6,2,0,0,0,100,30,30,power_readback,0,0,native-v3,rrc-epoch-0,0,0,,v3,native-v3,0,,0,legacy_native
6,2,0,0,0,100,30,30,state_snapshot,0,0,native-v3,rrc-epoch-0,0,0,,v3,native-v3,0,,0,legacy_native
6,3,0,0,0,100,30,30,power_readback,0,0,native-v3,rrc-epoch-0,0,0,,v3,native-v3,0,,0,legacy_native
6,3,0,0,0,100,30,30,state_snapshot,0,0,native-v3,rrc-epoch-0,0,0,,v3,native-v3,0,,0,legacy_native
6,4,0,0,0,100,30,30,power_readback,0,0,native-v3,rrc-epoch-0,0,0,,v3,native-v3,0,,0,legacy_native
6,4,0,0,0,100,30,30,state_snapshot,0,0,native-v3,rrc-epoch-0,0,0,,v3,native-v3,0,,0,legacy_native
6,5,0,0,0,100,0,-1,power_readback,0,0,native-v3,rrc-epoch-0,0,0,,v3,native-v3,0,,0,legacy_native
6,5,0,0,0,100,0,-1,state_snapshot,0,0,native-v3,rrc-epoch-0,0,0,,v3,native-v3,0,,0,legacy_native
6.1,2,0,0,0,100,30,30,power_readback,0,0,native-v3,rrc-epoch-0,0,0,,v3,native-v3,0,,0,legacy_native
6.1,2,0,0,0,100,30,30,state_snapshot,0,0,native-v3,rrc-epoch-0,0,0,,v3,native-v3,0,,0,legacy_native
6.1,3,0,0,0,100,30,30,power_readback,0,0,native-v3,rrc-epoch-0,0,0,,v3,native-v3,0,,0,legacy_native
6.1,3,0,0,0,100,30,30,state_snapshot,0,0,native-v3,rrc-epoch-0,0,0,,v3,native-v3,0,,0,legacy_native
6.1,4,0,0,0,100,30,30,power_readback,0,0,native-v3,rrc-epoch-0,0,0,,v3,native-v3,0,,0,legacy_native
6.1,4,0,0,0,100,30,30,state_snapshot,0,0,native-v3,rrc-epoch-0,0,0,,v3,native-v3,0,,0,legacy_native
6.1,5,0,0,0,100,0,-1,power_readback,0,0,native-v3,rrc-epoch-0,0,0,,v3,native-v3,0,,0,legacy_native
6.1,5,0,0,0,100,0,-1,state_snapshot,0,0,native-v3,rrc-epoch-0,0,0,,v3,native-v3,0,,0,legacy_native
6.2,2,0,0,0,100,30,30,power_readback,0,0,native-v3,rrc-epoch-0,0,0,,v3,native-v3,0,,0,legacy_native
6.2,2,0,0,0,100,30,30,state_snapshot,0,0,native-v3,rrc-epoch-0,0,0,,v3,native-v3,0,,0,legacy_native
6.2,3,0,0,0,100,30,30,power_readback,0,0,native-v3,rrc-epoch-0,0,0,,v3,native-v3,0,,0,legacy_native
6.2,3,0,0,0,100,30,30,state_snapshot,0,0,native-v3,rrc-epoch-0,0,0,,v3,native-v3,0,,0,legacy_native
6.2,4,0,0,0,100,30,30,power_readback,0,0,native-v3,rrc-epoch-0,0,0,,v3,native-v3,0,,0,legacy_native
6.2,4,0,0,0,100,30,30,state_snapshot,0,0,native-v3,rrc-epoch-0,0,0,,v3,native-v3,0,,0,legacy_native
6.2,5,0,0,0,100,0,-1,power_readback,0,0,native-v3,rrc-epoch-0,0,0,,v3,native-v3,0,,0,legacy_native
6.2,5,0,0,0,100,0,-1,state_snapshot,0,0,native-v3,rrc-epoch-0,0,0,,v3,native-v3,0,,0,legacy_native
6.3,2,0,0,0,100,30,30,power_readback,0,0,native-v3,rrc-epoch-0,0,0,,v3,native-v3,0,,0,legacy_native
6.3,2,0,0,0,100,30,30,state_snapshot,0,0,native-v3,rrc-epoch-0,0,0,,v3,native-v3,0,,0,legacy_native
6.3,3,0,0,0,100,30,30,power_readback,0,0,native-v3,rrc-epoch-0,0,0,,v3,native-v3,0,,0,legacy_native
6.3,3,0,0,0,100,30,30,state_snapshot,0,0,native-v3,rrc-epoch-0,0,0,,v3,native-v3,0,,0,legacy_native
6.3,4,0,0,0,100,30,30,power_readback,0,0,native-v3,rrc-epoch-0,0,0,,v3,native-v3,0,,0,legacy_native
6.3,4,0,0,0,100,30,30,state_snapshot,0,0,native-v3,rrc-epoch-0,0,0,,v3,native-v3,0,,0,legacy_native
6.3,5,0,0,0,100,0,-1,power_readback,0,0,native-v3,rrc-epoch-0,0,0,,v3,native-v3,0,,0,legacy_native
6.3,5,0,0,0,100,0,-1,state_snapshot,0,0,native-v3,rrc-epoch-0,0,0,,v3,native-v3,0,,0,legacy_native
6.4,2,0,0,0,100,30,30,power_readback,0,0,native-v3,rrc-epoch-0,0,0,,v3,native-v3,0,,0,legacy_native
6.4,2,0,0,0,100,30,30,state_snapshot,0,0,native-v3,rrc-epoch-0,0,0,,v3,native-v3,0,,0,legacy_native
6.4,3,0,0,0,100,30,30,power_readback,0,0,native-v3,rrc-epoch-0,0,0,,v3,native-v3,0,,0,legacy_native
6.4,3,0,0,0,100,30,30,state_snapshot,0,0,native-v3,rrc-epoch-0,0,0,,v3,native-v3,0,,0,legacy_native
6.4,4,0,0,0,100,30,30,power_readback,0,0,native-v3,rrc-epoch-0,0,0,,v3,native-v3,0,,0,legacy_native
6.4,4,0,0,0,100,30,30,state_snapshot,0,0,native-v3,rrc-epoch-0,0,0,,v3,native-v3,0,,0,legacy_native
6.4,5,0,0,0,100,0,-1,power_readback,0,0,native-v3,rrc-epoch-0,0,0,,v3,native-v3,0,,0,legacy_native
6.4,5,0,0,0,100,0,-1,state_snapshot,0,0,native-v3,rrc-epoch-0,0,0,,v3,native-v3,0,,0,legacy_native
6.5,2,0,0,0,100,30,30,power_readback,0,0,native-v3,rrc-epoch-0,0,0,,v3,native-v3,0,,0,legacy_native
6.5,2,0,0,0,100,30,30,state_snapshot,0,0,native-v3,rrc-epoch-0,0,0,,v3,native-v3,0,,0,legacy_native
6.5,3,0,0,0,100,30,30,power_readback,0,0,native-v3,rrc-epoch-0,0,0,,v3,native-v3,0,,0,legacy_native
6.5,3,0,0,0,100,30,30,state_snapshot,0,0,native-v3,rrc-epoch-0,0,0,,v3,native-v3,0,,0,legacy_native
6.5,4,0,0,0,100,30,30,power_readback,0,0,native-v3,rrc-epoch-0,0,0,,v3,native-v3,0,,0,legacy_native
6.5,4,0,0,0,100,30,30,state_snapshot,0,0,native-v3,rrc-epoch-0,0,0,,v3,native-v3,0,,0,legacy_native
6.5,5,0,0,0,100,0,-1,power_readback,0,0,native-v3,rrc-epoch-0,0,0,,v3,native-v3,0,,0,legacy_native
6.5,5,0,0,0,100,0,-1,state_snapshot,0,0,native-v3,rrc-epoch-0,0,0,,v3,native-v3,0,,0,legacy_native
6.6,2,0,0,0,100,30,30,power_readback,0,0,native-v3,rrc-epoch-0,0,0,,v3,native-v3,0,,0,legacy_native
6.6,2,0,0,0,100,30,30,state_snapshot,0,0,native-v3,rrc-epoch-0,0,0,,v3,native-v3,0,,0,legacy_native
6.6,3,0,0,0,100,30,30,power_readback,0,0,native-v3,rrc-epoch-0,0,0,,v3,native-v3,0,,0,legacy_native
6.6,3,0,0,0,100,30,30,state_snapshot,0,0,native-v3,rrc-epoch-0,0,0,,v3,native-v3,0,,0,legacy_native
6.6,4,0,0,0,100,30,30,power_readback,0,0,native-v3,rrc-epoch-0,0,0,,v3,native-v3,0,,0,legacy_native
6.6,4,0,0,0,100,30,30,state_snapshot,0,0,native-v3,rrc-epoch-0,0,0,,v3,native-v3,0,,0,legacy_native
6.6,5,0,0,0,100,0,-1,power_readback,0,0,native-v3,rrc-epoch-0,0,0,,v3,native-v3,0,,0,legacy_native
6.6,5,0,0,0,100,0,-1,state_snapshot,0,0,native-v3,rrc-epoch-0,0,0,,v3,native-v3,0,,0,legacy_native
6.7,2,0,0,0,100,30,30,power_readback,0,0,native-v3,rrc-epoch-0,0,0,,v3,native-v3,0,,0,legacy_native
6.7,2,0,0,0,100,30,30,state_snapshot,0,0,native-v3,rrc-epoch-0,0,0,,v3,native-v3,0,,0,legacy_native
6.7,3,0,0,0,100,30,30,power_readback,0,0,native-v3,rrc-epoch-0,0,0,,v3,native-v3,0,,0,legacy_native
6.7,3,0,0,0,100,30,30,state_snapshot,0,0,native-v3,rrc-epoch-0,0,0,,v3,native-v3,0,,0,legacy_native
6.7,4,0,0,0,100,30,30,power_readback,0,0,native-v3,rrc-epoch-0,0,0,,v3,native-v3,0,,0,legacy_native
6.7,4,0,0,0,100,30,30,state_snapshot,0,0,native-v3,rrc-epoch-0,0,0,,v3,native-v3,0,,0,legacy_native
6.7,5,0,0,0,100,0,-1,power_readback,0,0,native-v3,rrc-epoch-0,0,0,,v3,native-v3,0,,0,legacy_native
6.7,5,0,0,0,100,0,-1,state_snapshot,0,0,native-v3,rrc-epoch-0,0,0,,v3,native-v3,0,,0,legacy_native
6.8,2,0,0,0,100,30,30,power_readback,0,0,native-v3,rrc-epoch-0,0,0,,v3,native-v3,0,,0,legacy_native
6.8,2,0,0,0,100,30,30,state_snapshot,0,0,native-v3,rrc-epoch-0,0,0,,v3,native-v3,0,,0,legacy_native
6.8,3,0,0,0,100,30,30,power_readback,0,0,native-v3,rrc-epoch-0,0,0,,v3,native-v3,0,,0,legacy_native
6.8,3,0,0,0,100,30,30,state_snapshot,0,0,native-v3,rrc-epoch-0,0,0,,v3,native-v3,0,,0,legacy_native
6.8,4,0,0,0,100,30,30,power_readback,0,0,native-v3,rrc-epoch-0,0,0,,v3,native-v3,0,,0,legacy_native
6.8,4,0,0,0,100,30,30,state_snapshot,0,0,native-v3,rrc-epoch-0,0,0,,v3,native-v3,0,,0,legacy_native
6.8,5,0,0,0,100,0,-1,power_readback,0,0,native-v3,rrc-epoch-0,0,0,,v3,native-v3,0,,0,legacy_native
6.8,5,0,0,0,100,0,-1,state_snapshot,0,0,native-v3,rrc-epoch-0,0,0,,v3,native-v3,0,,0,legacy_native
6.9,2,0,0,0,100,30,30,power_readback,0,0,native-v3,rrc-epoch-0,0,0,,v3,native-v3,0,,0,legacy_native
6.9,2,0,0,0,100,30,30,state_snapshot,0,0,native-v3,rrc-epoch-0,0,0,,v3,native-v3,0,,0,legacy_native
6.9,3,0,0,0,100,30,30,power_readback,0,0,native-v3,rrc-epoch-0,0,0,,v3,native-v3,0,,0,legacy_native
6.9,3,0,0,0,100,30,30,state_snapshot,0,0,native-v3,rrc-epoch-0,0,0,,v3,native-v3,0,,0,legacy_native
6.9,4,0,0,0,100,30,30,power_readback,0,0,native-v3,rrc-epoch-0,0,0,,v3,native-v3,0,,0,legacy_native
6.9,4,0,0,0,100,30,30,state_snapshot,0,0,native-v3,rrc-epoch-0,0,0,,v3,native-v3,0,,0,legacy_native
6.9,5,0,0,0,100,0,-1,power_readback,0,0,native-v3,rrc-epoch-0,0,0,,v3,native-v3,0,,0,legacy_native
6.9,5,0,0,0,100,0,-1,state_snapshot,0,0,native-v3,rrc-epoch-0,0,0,,v3,native-v3,0,,0,legacy_native
7,2,0,0,0,100,30,30,power_readback,0,0,native-v3,rrc-epoch-0,0,0,,v3,native-v3,0,,0,legacy_native
7,2,0,0,0,100,30,30,state_snapshot,0,0,native-v3,rrc-epoch-0,0,0,,v3,native-v3,0,,0,legacy_native
7,3,0,0,0,100,30,30,power_readback,0,0,native-v3,rrc-epoch-0,0,0,,v3,native-v3,0,,0,legacy_native
7,3,0,0,0,100,30,30,state_snapshot,0,0,native-v3,rrc-epoch-0,0,0,,v3,native-v3,0,,0,legacy_native
7,4,0,0,0,100,30,30,power_readback,0,0,native-v3,rrc-epoch-0,0,0,,v3,native-v3,0,,0,legacy_native
7,4,0,0,0,100,30,30,state_snapshot,0,0,native-v3,rrc-epoch-0,0,0,,v3,native-v3,0,,0,legacy_native
7,5,0,0,0,100,0,-1,power_readback,0,0,native-v3,rrc-epoch-0,0,0,,v3,native-v3,0,,0,legacy_native
7,5,0,0,0,100,0,-1,state_snapshot,0,0,native-v3,rrc-epoch-0,0,0,,v3,native-v3,0,,0,legacy_native
7.1,2,0,0,0,100,30,30,power_readback,0,0,native-v3,rrc-epoch-0,0,0,,v3,native-v3,0,,0,legacy_native
7.1,2,0,0,0,100,30,30,state_snapshot,0,0,native-v3,rrc-epoch-0,0,0,,v3,native-v3,0,,0,legacy_native
7.1,3,0,0,0,100,30,30,power_readback,0,0,native-v3,rrc-epoch-0,0,0,,v3,native-v3,0,,0,legacy_native
7.1,3,0,0,0,100,30,30,state_snapshot,0,0,native-v3,rrc-epoch-0,0,0,,v3,native-v3,0,,0,legacy_native
7.1,4,0,0,0,100,30,30,power_readback,0,0,native-v3,rrc-epoch-0,0,0,,v3,native-v3,0,,0,legacy_native
7.1,4,0,0,0,100,30,30,state_snapshot,0,0,native-v3,rrc-epoch-0,0,0,,v3,native-v3,0,,0,legacy_native
7.1,5,0,0,0,100,0,-1,power_readback,0,0,native-v3,rrc-epoch-0,0,0,,v3,native-v3,0,,0,legacy_native
7.1,5,0,0,0,100,0,-1,state_snapshot,0,0,native-v3,rrc-epoch-0,0,0,,v3,native-v3,0,,0,legacy_native
7.2,2,0,0,0,100,30,30,power_readback,0,0,native-v3,rrc-epoch-0,0,0,,v3,native-v3,0,,0,legacy_native
7.2,2,0,0,0,100,30,30,state_snapshot,0,0,native-v3,rrc-epoch-0,0,0,,v3,native-v3,0,,0,legacy_native
7.2,3,0,0,0,100,30,30,power_readback,0,0,native-v3,rrc-epoch-0,0,0,,v3,native-v3,0,,0,legacy_native
7.2,3,0,0,0,100,30,30,state_snapshot,0,0,native-v3,rrc-epoch-0,0,0,,v3,native-v3,0,,0,legacy_native
7.2,4,0,0,0,100,30,30,power_readback,0,0,native-v3,rrc-epoch-0,0,0,,v3,native-v3,0,,0,legacy_native
7.2,4,0,0,0,100,30,30,state_snapshot,0,0,native-v3,rrc-epoch-0,0,0,,v3,native-v3,0,,0,legacy_native
7.2,5,0,0,0,100,0,-1,power_readback,0,0,native-v3,rrc-epoch-0,0,0,,v3,native-v3,0,,0,legacy_native
7.2,5,0,0,0,100,0,-1,state_snapshot,0,0,native-v3,rrc-epoch-0,0,0,,v3,native-v3,0,,0,legacy_native
7.3,2,0,0,0,100,30,30,power_readback,0,0,native-v3,rrc-epoch-0,0,0,,v3,native-v3,0,,0,legacy_native
7.3,2,0,0,0,100,30,30,state_snapshot,0,0,native-v3,rrc-epoch-0,0,0,,v3,native-v3,0,,0,legacy_native
7.3,3,0,0,0,100,30,30,power_readback,0,0,native-v3,rrc-epoch-0,0,0,,v3,native-v3,0,,0,legacy_native
7.3,3,0,0,0,100,30,30,state_snapshot,0,0,native-v3,rrc-epoch-0,0,0,,v3,native-v3,0,,0,legacy_native
7.3,4,0,0,0,100,30,30,power_readback,0,0,native-v3,rrc-epoch-0,0,0,,v3,native-v3,0,,0,legacy_native
7.3,4,0,0,0,100,30,30,state_snapshot,0,0,native-v3,rrc-epoch-0,0,0,,v3,native-v3,0,,0,legacy_native
7.3,5,0,0,0,100,0,-1,power_readback,0,0,native-v3,rrc-epoch-0,0,0,,v3,native-v3,0,,0,legacy_native
7.3,5,0,0,0,100,0,-1,state_snapshot,0,0,native-v3,rrc-epoch-0,0,0,,v3,native-v3,0,,0,legacy_native
7.4,2,0,0,0,100,30,30,power_readback,0,0,native-v3,rrc-epoch-0,0,0,,v3,native-v3,0,,0,legacy_native
7.4,2,0,0,0,100,30,30,state_snapshot,0,0,native-v3,rrc-epoch-0,0,0,,v3,native-v3,0,,0,legacy_native
7.4,3,0,0,0,100,30,30,power_readback,0,0,native-v3,rrc-epoch-0,0,0,,v3,native-v3,0,,0,legacy_native
7.4,3,0,0,0,100,30,30,state_snapshot,0,0,native-v3,rrc-epoch-0,0,0,,v3,native-v3,0,,0,legacy_native
7.4,4,0,0,0,100,30,30,power_readback,0,0,native-v3,rrc-epoch-0,0,0,,v3,native-v3,0,,0,legacy_native
7.4,4,0,0,0,100,30,30,state_snapshot,0,0,native-v3,rrc-epoch-0,0,0,,v3,native-v3,0,,0,legacy_native
7.4,5,0,0,0,100,0,-1,power_readback,0,0,native-v3,rrc-epoch-0,0,0,,v3,native-v3,0,,0,legacy_native
7.4,5,0,0,0,100,0,-1,state_snapshot,0,0,native-v3,rrc-epoch-0,0,0,,v3,native-v3,0,,0,legacy_native
7.5,2,0,0,0,100,30,30,power_readback,0,0,native-v3,rrc-epoch-0,0,0,,v3,native-v3,0,,0,legacy_native
7.5,2,0,0,0,100,30,30,state_snapshot,0,0,native-v3,rrc-epoch-0,0,0,,v3,native-v3,0,,0,legacy_native
7.5,3,0,0,0,100,30,30,power_readback,0,0,native-v3,rrc-epoch-0,0,0,,v3,native-v3,0,,0,legacy_native
7.5,3,0,0,0,100,30,30,state_snapshot,0,0,native-v3,rrc-epoch-0,0,0,,v3,native-v3,0,,0,legacy_native
7.5,4,0,0,0,100,30,30,power_readback,0,0,native-v3,rrc-epoch-0,0,0,,v3,native-v3,0,,0,legacy_native
7.5,4,0,0,0,100,30,30,state_snapshot,0,0,native-v3,rrc-epoch-0,0,0,,v3,native-v3,0,,0,legacy_native
7.5,5,0,0,0,100,0,-1,power_readback,0,0,native-v3,rrc-epoch-0,0,0,,v3,native-v3,0,,0,legacy_native
7.5,5,0,0,0,100,0,-1,state_snapshot,0,0,native-v3,rrc-epoch-0,0,0,,v3,native-v3,0,,0,legacy_native
7.6,2,0,0,0,100,30,30,power_readback,0,0,native-v3,rrc-epoch-0,0,0,,v3,native-v3,0,,0,legacy_native
7.6,2,0,0,0,100,30,30,state_snapshot,0,0,native-v3,rrc-epoch-0,0,0,,v3,native-v3,0,,0,legacy_native
7.6,3,0,0,0,100,30,30,power_readback,0,0,native-v3,rrc-epoch-0,0,0,,v3,native-v3,0,,0,legacy_native
7.6,3,0,0,0,100,30,30,state_snapshot,0,0,native-v3,rrc-epoch-0,0,0,,v3,native-v3,0,,0,legacy_native
7.6,4,0,0,0,100,30,30,power_readback,0,0,native-v3,rrc-epoch-0,0,0,,v3,native-v3,0,,0,legacy_native
7.6,4,0,0,0,100,30,30,state_snapshot,0,0,native-v3,rrc-epoch-0,0,0,,v3,native-v3,0,,0,legacy_native
7.6,5,0,0,0,100,0,-1,power_readback,0,0,native-v3,rrc-epoch-0,0,0,,v3,native-v3,0,,0,legacy_native
7.6,5,0,0,0,100,0,-1,state_snapshot,0,0,native-v3,rrc-epoch-0,0,0,,v3,native-v3,0,,0,legacy_native
7.7,2,0,0,0,100,30,30,power_readback,0,0,native-v3,rrc-epoch-0,0,0,,v3,native-v3,0,,0,legacy_native
7.7,2,0,0,0,100,30,30,state_snapshot,0,0,native-v3,rrc-epoch-0,0,0,,v3,native-v3,0,,0,legacy_native
7.7,3,0,0,0,100,30,30,power_readback,0,0,native-v3,rrc-epoch-0,0,0,,v3,native-v3,0,,0,legacy_native
7.7,3,0,0,0,100,30,30,state_snapshot,0,0,native-v3,rrc-epoch-0,0,0,,v3,native-v3,0,,0,legacy_native
7.7,4,0,0,0,100,30,30,power_readback,0,0,native-v3,rrc-epoch-0,0,0,,v3,native-v3,0,,0,legacy_native
7.7,4,0,0,0,100,30,30,state_snapshot,0,0,native-v3,rrc-epoch-0,0,0,,v3,native-v3,0,,0,legacy_native
7.7,5,0,0,0,100,0,-1,power_readback,0,0,native-v3,rrc-epoch-0,0,0,,v3,native-v3,0,,0,legacy_native
7.7,5,0,0,0,100,0,-1,state_snapshot,0,0,native-v3,rrc-epoch-0,0,0,,v3,native-v3,0,,0,legacy_native
7.8,2,0,0,0,100,30,30,power_readback,0,0,native-v3,rrc-epoch-0,0,0,,v3,native-v3,0,,0,legacy_native
7.8,2,0,0,0,100,30,30,state_snapshot,0,0,native-v3,rrc-epoch-0,0,0,,v3,native-v3,0,,0,legacy_native
7.8,3,0,0,0,100,30,30,power_readback,0,0,native-v3,rrc-epoch-0,0,0,,v3,native-v3,0,,0,legacy_native
7.8,3,0,0,0,100,30,30,state_snapshot,0,0,native-v3,rrc-epoch-0,0,0,,v3,native-v3,0,,0,legacy_native
7.8,4,0,0,0,100,30,30,power_readback,0,0,native-v3,rrc-epoch-0,0,0,,v3,native-v3,0,,0,legacy_native
7.8,4,0,0,0,100,30,30,state_snapshot,0,0,native-v3,rrc-epoch-0,0,0,,v3,native-v3,0,,0,legacy_native
7.8,5,0,0,0,100,0,-1,power_readback,0,0,native-v3,rrc-epoch-0,0,0,,v3,native-v3,0,,0,legacy_native
7.8,5,0,0,0,100,0,-1,state_snapshot,0,0,native-v3,rrc-epoch-0,0,0,,v3,native-v3,0,,0,legacy_native
7.9,2,0,0,0,100,30,30,power_readback,0,0,native-v3,rrc-epoch-0,0,0,,v3,native-v3,0,,0,legacy_native
7.9,2,0,0,0,100,30,30,state_snapshot,0,0,native-v3,rrc-epoch-0,0,0,,v3,native-v3,0,,0,legacy_native
7.9,3,0,0,0,100,30,30,power_readback,0,0,native-v3,rrc-epoch-0,0,0,,v3,native-v3,0,,0,legacy_native
7.9,3,0,0,0,100,30,30,state_snapshot,0,0,native-v3,rrc-epoch-0,0,0,,v3,native-v3,0,,0,legacy_native
7.9,4,0,0,0,100,30,30,power_readback,0,0,native-v3,rrc-epoch-0,0,0,,v3,native-v3,0,,0,legacy_native
7.9,4,0,0,0,100,30,30,state_snapshot,0,0,native-v3,rrc-epoch-0,0,0,,v3,native-v3,0,,0,legacy_native
7.9,5,0,0,0,100,0,-1,power_readback,0,0,native-v3,rrc-epoch-0,0,0,,v3,native-v3,0,,0,legacy_native
7.9,5,0,0,0,100,0,-1,state_snapshot,0,0,native-v3,rrc-epoch-0,0,0,,v3,native-v3,0,,0,legacy_native
8,2,0,0,0,100,30,30,power_readback,0,0,native-v3,rrc-epoch-0,0,0,,v3,native-v3,0,,0,legacy_native
8,2,0,0,0,100,30,30,state_snapshot,0,0,native-v3,rrc-epoch-0,0,0,,v3,native-v3,0,,0,legacy_native
8,3,0,0,0,100,30,30,power_readback,0,0,native-v3,rrc-epoch-0,0,0,,v3,native-v3,0,,0,legacy_native
8,3,0,0,0,100,30,30,state_snapshot,0,0,native-v3,rrc-epoch-0,0,0,,v3,native-v3,0,,0,legacy_native
8,4,0,0,0,100,30,30,power_readback,0,0,native-v3,rrc-epoch-0,0,0,,v3,native-v3,0,,0,legacy_native
8,4,0,0,0,100,30,30,state_snapshot,0,0,native-v3,rrc-epoch-0,0,0,,v3,native-v3,0,,0,legacy_native
8,5,0,0,0,100,0,-1,power_readback,0,0,native-v3,rrc-epoch-0,0,0,,v3,native-v3,0,,0,legacy_native
8,5,0,0,0,100,0,-1,state_snapshot,0,0,native-v3,rrc-epoch-0,0,0,,v3,native-v3,0,,0,legacy_native
8.1,2,0,0,0,100,30,30,power_readback,0,0,native-v3,rrc-epoch-0,0,0,,v3,native-v3,0,,0,legacy_native
8.1,2,0,0,0,100,30,30,state_snapshot,0,0,native-v3,rrc-epoch-0,0,0,,v3,native-v3,0,,0,legacy_native
8.1,3,0,0,0,100,30,30,power_readback,0,0,native-v3,rrc-epoch-0,0,0,,v3,native-v3,0,,0,legacy_native
8.1,3,0,0,0,100,30,30,state_snapshot,0,0,native-v3,rrc-epoch-0,0,0,,v3,native-v3,0,,0,legacy_native
8.1,4,0,0,0,100,30,30,power_readback,0,0,native-v3,rrc-epoch-0,0,0,,v3,native-v3,0,,0,legacy_native
8.1,4,0,0,0,100,30,30,state_snapshot,0,0,native-v3,rrc-epoch-0,0,0,,v3,native-v3,0,,0,legacy_native
8.1,5,0,0,0,100,0,-1,power_readback,0,0,native-v3,rrc-epoch-0,0,0,,v3,native-v3,0,,0,legacy_native
8.1,5,0,0,0,100,0,-1,state_snapshot,0,0,native-v3,rrc-epoch-0,0,0,,v3,native-v3,0,,0,legacy_native
8.2,2,0,0,0,100,30,30,power_readback,0,0,native-v3,rrc-epoch-0,0,0,,v3,native-v3,0,,0,legacy_native
8.2,2,0,0,0,100,30,30,state_snapshot,0,0,native-v3,rrc-epoch-0,0,0,,v3,native-v3,0,,0,legacy_native
8.2,3,0,0,0,100,30,30,power_readback,0,0,native-v3,rrc-epoch-0,0,0,,v3,native-v3,0,,0,legacy_native
8.2,3,0,0,0,100,30,30,state_snapshot,0,0,native-v3,rrc-epoch-0,0,0,,v3,native-v3,0,,0,legacy_native
8.2,4,0,0,0,100,30,30,power_readback,0,0,native-v3,rrc-epoch-0,0,0,,v3,native-v3,0,,0,legacy_native
8.2,4,0,0,0,100,30,30,state_snapshot,0,0,native-v3,rrc-epoch-0,0,0,,v3,native-v3,0,,0,legacy_native
8.2,5,0,0,0,100,0,-1,power_readback,0,0,native-v3,rrc-epoch-0,0,0,,v3,native-v3,0,,0,legacy_native
8.2,5,0,0,0,100,0,-1,state_snapshot,0,0,native-v3,rrc-epoch-0,0,0,,v3,native-v3,0,,0,legacy_native
8.3,2,0,0,0,100,30,30,power_readback,0,0,native-v3,rrc-epoch-0,0,0,,v3,native-v3,0,,0,legacy_native
8.3,2,0,0,0,100,30,30,state_snapshot,0,0,native-v3,rrc-epoch-0,0,0,,v3,native-v3,0,,0,legacy_native
8.3,3,0,0,0,100,30,30,power_readback,0,0,native-v3,rrc-epoch-0,0,0,,v3,native-v3,0,,0,legacy_native
8.3,3,0,0,0,100,30,30,state_snapshot,0,0,native-v3,rrc-epoch-0,0,0,,v3,native-v3,0,,0,legacy_native
8.3,4,0,0,0,100,30,30,power_readback,0,0,native-v3,rrc-epoch-0,0,0,,v3,native-v3,0,,0,legacy_native
8.3,4,0,0,0,100,30,30,state_snapshot,0,0,native-v3,rrc-epoch-0,0,0,,v3,native-v3,0,,0,legacy_native
8.3,5,0,0,0,100,0,-1,power_readback,0,0,native-v3,rrc-epoch-0,0,0,,v3,native-v3,0,,0,legacy_native
8.3,5,0,0,0,100,0,-1,state_snapshot,0,0,native-v3,rrc-epoch-0,0,0,,v3,native-v3,0,,0,legacy_native
8.4,2,0,0,0,100,30,30,power_readback,0,0,native-v3,rrc-epoch-0,0,0,,v3,native-v3,0,,0,legacy_native
8.4,2,0,0,0,100,30,30,state_snapshot,0,0,native-v3,rrc-epoch-0,0,0,,v3,native-v3,0,,0,legacy_native
8.4,3,0,0,0,100,30,30,power_readback,0,0,native-v3,rrc-epoch-0,0,0,,v3,native-v3,0,,0,legacy_native
8.4,3,0,0,0,100,30,30,state_snapshot,0,0,native-v3,rrc-epoch-0,0,0,,v3,native-v3,0,,0,legacy_native
8.4,4,0,0,0,100,30,30,power_readback,0,0,native-v3,rrc-epoch-0,0,0,,v3,native-v3,0,,0,legacy_native
8.4,4,0,0,0,100,30,30,state_snapshot,0,0,native-v3,rrc-epoch-0,0,0,,v3,native-v3,0,,0,legacy_native
8.4,5,0,0,0,100,0,-1,power_readback,0,0,native-v3,rrc-epoch-0,0,0,,v3,native-v3,0,,0,legacy_native
8.4,5,0,0,0,100,0,-1,state_snapshot,0,0,native-v3,rrc-epoch-0,0,0,,v3,native-v3,0,,0,legacy_native
8.5,2,0,0,0,100,30,30,power_readback,0,0,native-v3,rrc-epoch-0,0,0,,v3,native-v3,0,,0,legacy_native
8.5,2,0,0,0,100,30,30,state_snapshot,0,0,native-v3,rrc-epoch-0,0,0,,v3,native-v3,0,,0,legacy_native
8.5,3,0,0,0,100,30,30,power_readback,0,0,native-v3,rrc-epoch-0,0,0,,v3,native-v3,0,,0,legacy_native
8.5,3,0,0,0,100,30,30,state_snapshot,0,0,native-v3,rrc-epoch-0,0,0,,v3,native-v3,0,,0,legacy_native
8.5,4,0,0,0,100,30,30,power_readback,0,0,native-v3,rrc-epoch-0,0,0,,v3,native-v3,0,,0,legacy_native
8.5,4,0,0,0,100,30,30,state_snapshot,0,0,native-v3,rrc-epoch-0,0,0,,v3,native-v3,0,,0,legacy_native
8.5,5,0,0,0,100,0,-1,power_readback,0,0,native-v3,rrc-epoch-0,0,0,,v3,native-v3,0,,0,legacy_native
8.5,5,0,0,0,100,0,-1,state_snapshot,0,0,native-v3,rrc-epoch-0,0,0,,v3,native-v3,0,,0,legacy_native
8.6,2,0,0,0,100,30,30,power_readback,0,0,native-v3,rrc-epoch-0,0,0,,v3,native-v3,0,,0,legacy_native
8.6,2,0,0,0,100,30,30,state_snapshot,0,0,native-v3,rrc-epoch-0,0,0,,v3,native-v3,0,,0,legacy_native
8.6,3,0,0,0,100,30,30,power_readback,0,0,native-v3,rrc-epoch-0,0,0,,v3,native-v3,0,,0,legacy_native
8.6,3,0,0,0,100,30,30,state_snapshot,0,0,native-v3,rrc-epoch-0,0,0,,v3,native-v3,0,,0,legacy_native
8.6,4,0,0,0,100,30,30,power_readback,0,0,native-v3,rrc-epoch-0,0,0,,v3,native-v3,0,,0,legacy_native
8.6,4,0,0,0,100,30,30,state_snapshot,0,0,native-v3,rrc-epoch-0,0,0,,v3,native-v3,0,,0,legacy_native
8.6,5,0,0,0,100,0,-1,power_readback,0,0,native-v3,rrc-epoch-0,0,0,,v3,native-v3,0,,0,legacy_native
8.6,5,0,0,0,100,0,-1,state_snapshot,0,0,native-v3,rrc-epoch-0,0,0,,v3,native-v3,0,,0,legacy_native
8.7,2,0,0,0,100,30,30,power_readback,0,0,native-v3,rrc-epoch-0,0,0,,v3,native-v3,0,,0,legacy_native
8.7,2,0,0,0,100,30,30,state_snapshot,0,0,native-v3,rrc-epoch-0,0,0,,v3,native-v3,0,,0,legacy_native
8.7,3,0,0,0,100,30,30,power_readback,0,0,native-v3,rrc-epoch-0,0,0,,v3,native-v3,0,,0,legacy_native
8.7,3,0,0,0,100,30,30,state_snapshot,0,0,native-v3,rrc-epoch-0,0,0,,v3,native-v3,0,,0,legacy_native
8.7,4,0,0,0,100,30,30,power_readback,0,0,native-v3,rrc-epoch-0,0,0,,v3,native-v3,0,,0,legacy_native
8.7,4,0,0,0,100,30,30,state_snapshot,0,0,native-v3,rrc-epoch-0,0,0,,v3,native-v3,0,,0,legacy_native
8.7,5,0,0,0,100,0,-1,power_readback,0,0,native-v3,rrc-epoch-0,0,0,,v3,native-v3,0,,0,legacy_native
8.7,5,0,0,0,100,0,-1,state_snapshot,0,0,native-v3,rrc-epoch-0,0,0,,v3,native-v3,0,,0,legacy_native
8.8,2,0,0,0,100,30,30,power_readback,0,0,native-v3,rrc-epoch-0,0,0,,v3,native-v3,0,,0,legacy_native
8.8,2,0,0,0,100,30,30,state_snapshot,0,0,native-v3,rrc-epoch-0,0,0,,v3,native-v3,0,,0,legacy_native
8.8,3,0,0,0,100,30,30,power_readback,0,0,native-v3,rrc-epoch-0,0,0,,v3,native-v3,0,,0,legacy_native
8.8,3,0,0,0,100,30,30,state_snapshot,0,0,native-v3,rrc-epoch-0,0,0,,v3,native-v3,0,,0,legacy_native
8.8,4,0,0,0,100,30,30,power_readback,0,0,native-v3,rrc-epoch-0,0,0,,v3,native-v3,0,,0,legacy_native
8.8,4,0,0,0,100,30,30,state_snapshot,0,0,native-v3,rrc-epoch-0,0,0,,v3,native-v3,0,,0,legacy_native
8.8,5,0,0,0,100,0,-1,power_readback,0,0,native-v3,rrc-epoch-0,0,0,,v3,native-v3,0,,0,legacy_native
8.8,5,0,0,0,100,0,-1,state_snapshot,0,0,native-v3,rrc-epoch-0,0,0,,v3,native-v3,0,,0,legacy_native
8.9,2,0,0,0,100,30,30,power_readback,0,0,native-v3,rrc-epoch-0,0,0,,v3,native-v3,0,,0,legacy_native
8.9,2,0,0,0,100,30,30,state_snapshot,0,0,native-v3,rrc-epoch-0,0,0,,v3,native-v3,0,,0,legacy_native
8.9,3,0,0,0,100,30,30,power_readback,0,0,native-v3,rrc-epoch-0,0,0,,v3,native-v3,0,,0,legacy_native
8.9,3,0,0,0,100,30,30,state_snapshot,0,0,native-v3,rrc-epoch-0,0,0,,v3,native-v3,0,,0,legacy_native
8.9,4,0,0,0,100,30,30,power_readback,0,0,native-v3,rrc-epoch-0,0,0,,v3,native-v3,0,,0,legacy_native
8.9,4,0,0,0,100,30,30,state_snapshot,0,0,native-v3,rrc-epoch-0,0,0,,v3,native-v3,0,,0,legacy_native
8.9,5,0,0,0,100,0,-1,power_readback,0,0,native-v3,rrc-epoch-0,0,0,,v3,native-v3,0,,0,legacy_native
8.9,5,0,0,0,100,0,-1,state_snapshot,0,0,native-v3,rrc-epoch-0,0,0,,v3,native-v3,0,,0,legacy_native
9,2,0,10,0,60,27.7815,30,power_readback,0,14,native-v3,rrc-epoch-0,0,0,,v3,native-v3,0,,10,legacy_native
9,2,0,10,0,60,27.7815,30,state_snapshot,0,14,native-v3,rrc-epoch-0,0,0,,v3,native-v3,0,,10,legacy_native
9,3,0,0,0,100,30,30,power_readback,0,0,native-v3,rrc-epoch-0,0,0,,v3,native-v3,0,,0,legacy_native
9,3,0,0,0,100,30,30,state_snapshot,0,0,native-v3,rrc-epoch-0,0,0,,v3,native-v3,0,,0,legacy_native
9,4,0,0,0,100,30,30,power_readback,0,0,native-v3,rrc-epoch-0,0,0,,v3,native-v3,0,,0,legacy_native
9,4,0,0,0,100,30,30,state_snapshot,0,0,native-v3,rrc-epoch-0,0,0,,v3,native-v3,0,,0,legacy_native
9,5,0,0,0,100,0,-1,power_readback,0,0,native-v3,rrc-epoch-0,0,0,,v3,native-v3,0,,0,legacy_native
9,5,0,0,0,100,0,-1,state_snapshot,0,0,native-v3,rrc-epoch-0,0,0,,v3,native-v3,0,,0,legacy_native
9.1,2,10,10,3,60,27.7815,30,power_readback,0,14,native-v3,rrc-epoch-0,1574,36,,v3,native-v3,0,,10,legacy_native
9.1,2,10,10,3,60,27.7815,30,state_snapshot,1,14,native-v3,rrc-epoch-0,1574,36,,v3,native-v3,0,,10,legacy_native
9.1,3,0,0,0,100,30,30,power_readback,0,0,native-v3,rrc-epoch-0,0,0,,v3,native-v3,0,,0,legacy_native
9.1,3,0,0,0,100,30,30,state_snapshot,0,0,native-v3,rrc-epoch-0,0,0,,v3,native-v3,0,,0,legacy_native
9.1,4,0,0,0,100,30,30,power_readback,0,0,native-v3,rrc-epoch-0,0,0,,v3,native-v3,0,,0,legacy_native
9.1,4,0,0,0,100,30,30,state_snapshot,0,0,native-v3,rrc-epoch-0,0,0,,v3,native-v3,0,,0,legacy_native
9.1,5,0,0,0,100,0,-1,power_readback,0,0,native-v3,rrc-epoch-0,0,0,,v3,native-v3,0,,0,legacy_native
9.1,5,0,0,0,100,0,-1,state_snapshot,0,0,native-v3,rrc-epoch-0,0,0,,v3,native-v3,0,,0,legacy_native
9.2,2,10,10,3,60,27.7815,30,power_readback,0,14,native-v3,rrc-epoch-0,3139,36,,v3,native-v3,0,,10,legacy_native
9.2,2,10,10,3,60,27.7815,30,state_snapshot,1,14,native-v3,rrc-epoch-0,3139,36,,v3,native-v3,0,,10,legacy_native
9.2,3,0,0,0,100,30,30,power_readback,0,0,native-v3,rrc-epoch-0,0,0,,v3,native-v3,0,,0,legacy_native
9.2,3,0,0,0,100,30,30,state_snapshot,0,0,native-v3,rrc-epoch-0,0,0,,v3,native-v3,0,,0,legacy_native
9.2,4,0,0,0,100,30,30,power_readback,0,0,native-v3,rrc-epoch-0,0,0,,v3,native-v3,0,,0,legacy_native
9.2,4,0,0,0,100,30,30,state_snapshot,0,0,native-v3,rrc-epoch-0,0,0,,v3,native-v3,0,,0,legacy_native
9.2,5,0,0,0,100,0,-1,power_readback,0,0,native-v3,rrc-epoch-0,0,0,,v3,native-v3,0,,0,legacy_native
9.2,5,0,0,0,100,0,-1,state_snapshot,0,0,native-v3,rrc-epoch-0,0,0,,v3,native-v3,0,,0,legacy_native
9.3,2,10,10,3,60,27.7815,30,power_readback,0,14,native-v3,rrc-epoch-0,4996,36,,v3,native-v3,0,,10,legacy_native
9.3,2,10,10,3,60,27.7815,30,state_snapshot,1,14,native-v3,rrc-epoch-0,4996,36,,v3,native-v3,0,,10,legacy_native
9.3,3,0,0,0,100,30,30,power_readback,0,0,native-v3,rrc-epoch-0,0,0,,v3,native-v3,0,,0,legacy_native
9.3,3,0,0,0,100,30,30,state_snapshot,0,0,native-v3,rrc-epoch-0,0,0,,v3,native-v3,0,,0,legacy_native
9.3,4,0,0,0,100,30,30,power_readback,0,0,native-v3,rrc-epoch-0,0,0,,v3,native-v3,0,,0,legacy_native
9.3,4,0,0,0,100,30,30,state_snapshot,0,0,native-v3,rrc-epoch-0,0,0,,v3,native-v3,0,,0,legacy_native
9.3,5,0,0,0,100,0,-1,power_readback,0,0,native-v3,rrc-epoch-0,0,0,,v3,native-v3,0,,0,legacy_native
9.3,5,0,0,0,100,0,-1,state_snapshot,0,0,native-v3,rrc-epoch-0,0,0,,v3,native-v3,0,,0,legacy_native
9.4,2,10,10,3,60,27.7815,30,power_readback,0,14,native-v3,rrc-epoch-0,6877,36,,v3,native-v3,0,,10,legacy_native
9.4,2,10,10,3,60,27.7815,30,state_snapshot,1,14,native-v3,rrc-epoch-0,6877,36,,v3,native-v3,0,,10,legacy_native
9.4,3,0,0,0,100,30,30,power_readback,0,0,native-v3,rrc-epoch-0,0,0,,v3,native-v3,0,,0,legacy_native
9.4,3,0,0,0,100,30,30,state_snapshot,0,0,native-v3,rrc-epoch-0,0,0,,v3,native-v3,0,,0,legacy_native
9.4,4,0,0,0,100,30,30,power_readback,0,0,native-v3,rrc-epoch-0,0,0,,v3,native-v3,0,,0,legacy_native
9.4,4,0,0,0,100,30,30,state_snapshot,0,0,native-v3,rrc-epoch-0,0,0,,v3,native-v3,0,,0,legacy_native
9.4,5,0,0,0,100,0,-1,power_readback,0,0,native-v3,rrc-epoch-0,0,0,,v3,native-v3,0,,0,legacy_native
9.4,5,0,0,0,100,0,-1,state_snapshot,0,0,native-v3,rrc-epoch-0,0,0,,v3,native-v3,0,,0,legacy_native
9.5,2,10,10,3,60,27.7815,30,power_readback,0,14,native-v3,rrc-epoch-0,9046,36,,v3,native-v3,0,,10,legacy_native
9.5,2,10,10,3,60,27.7815,30,state_snapshot,1,14,native-v3,rrc-epoch-0,9046,36,,v3,native-v3,0,,10,legacy_native
9.5,3,0,0,0,100,30,30,power_readback,0,0,native-v3,rrc-epoch-0,0,0,,v3,native-v3,0,,0,legacy_native
9.5,3,0,0,0,100,30,30,state_snapshot,0,0,native-v3,rrc-epoch-0,0,0,,v3,native-v3,0,,0,legacy_native
9.5,4,0,0,0,100,30,30,power_readback,0,0,native-v3,rrc-epoch-0,0,0,,v3,native-v3,0,,0,legacy_native
9.5,4,0,0,0,100,30,30,state_snapshot,0,0,native-v3,rrc-epoch-0,0,0,,v3,native-v3,0,,0,legacy_native
9.5,5,0,0,0,100,0,-1,power_readback,0,0,native-v3,rrc-epoch-0,0,0,,v3,native-v3,0,,0,legacy_native
9.5,5,0,0,0,100,0,-1,state_snapshot,0,0,native-v3,rrc-epoch-0,0,0,,v3,native-v3,0,,0,legacy_native
9.6,2,10,10,3,60,27.7815,30,power_readback,0,14,native-v3,rrc-epoch-0,10940,36,,v3,native-v3,0,,10,legacy_native
9.6,2,10,10,3,60,27.7815,30,state_snapshot,1,14,native-v3,rrc-epoch-0,10940,36,,v3,native-v3,0,,10,legacy_native
9.6,3,0,0,0,100,30,30,power_readback,0,0,native-v3,rrc-epoch-0,0,0,,v3,native-v3,0,,0,legacy_native
9.6,3,0,0,0,100,30,30,state_snapshot,0,0,native-v3,rrc-epoch-0,0,0,,v3,native-v3,0,,0,legacy_native
9.6,4,0,0,0,100,30,30,power_readback,0,0,native-v3,rrc-epoch-0,0,0,,v3,native-v3,0,,0,legacy_native
9.6,4,0,0,0,100,30,30,state_snapshot,0,0,native-v3,rrc-epoch-0,0,0,,v3,native-v3,0,,0,legacy_native
9.6,5,0,0,0,100,0,-1,power_readback,0,0,native-v3,rrc-epoch-0,0,0,,v3,native-v3,0,,0,legacy_native
9.6,5,0,0,0,100,0,-1,state_snapshot,0,0,native-v3,rrc-epoch-0,0,0,,v3,native-v3,0,,0,legacy_native
9.7,2,10,10,3,60,27.7815,30,power_readback,0,14,native-v3,rrc-epoch-0,12809,36,,v3,native-v3,0,,10,legacy_native
9.7,2,10,10,3,60,27.7815,30,state_snapshot,1,14,native-v3,rrc-epoch-0,12809,36,,v3,native-v3,0,,10,legacy_native
9.7,3,0,0,0,100,30,30,power_readback,0,0,native-v3,rrc-epoch-0,0,0,,v3,native-v3,0,,0,legacy_native
9.7,3,0,0,0,100,30,30,state_snapshot,0,0,native-v3,rrc-epoch-0,0,0,,v3,native-v3,0,,0,legacy_native
9.7,4,0,0,0,100,30,30,power_readback,0,0,native-v3,rrc-epoch-0,0,0,,v3,native-v3,0,,0,legacy_native
9.7,4,0,0,0,100,30,30,state_snapshot,0,0,native-v3,rrc-epoch-0,0,0,,v3,native-v3,0,,0,legacy_native
9.7,5,0,0,0,100,0,-1,power_readback,0,0,native-v3,rrc-epoch-0,0,0,,v3,native-v3,0,,0,legacy_native
9.7,5,0,0,0,100,0,-1,state_snapshot,0,0,native-v3,rrc-epoch-0,0,0,,v3,native-v3,0,,0,legacy_native
9.8,2,10,10,3,60,27.7815,30,power_readback,0,14,native-v3,rrc-epoch-0,14396,36,,v3,native-v3,0,,10,legacy_native
9.8,2,10,10,3,60,27.7815,30,state_snapshot,1,14,native-v3,rrc-epoch-0,14396,36,,v3,native-v3,0,,10,legacy_native
9.8,3,0,0,0,100,30,30,power_readback,0,0,native-v3,rrc-epoch-0,0,0,,v3,native-v3,0,,0,legacy_native
9.8,3,0,0,0,100,30,30,state_snapshot,0,0,native-v3,rrc-epoch-0,0,0,,v3,native-v3,0,,0,legacy_native
9.8,4,0,0,0,100,30,30,power_readback,0,0,native-v3,rrc-epoch-0,0,0,,v3,native-v3,0,,0,legacy_native
9.8,4,0,0,0,100,30,30,state_snapshot,0,0,native-v3,rrc-epoch-0,0,0,,v3,native-v3,0,,0,legacy_native
9.8,5,0,0,0,100,0,-1,power_readback,0,0,native-v3,rrc-epoch-0,0,0,,v3,native-v3,0,,0,legacy_native
9.8,5,0,0,0,100,0,-1,state_snapshot,0,0,native-v3,rrc-epoch-0,0,0,,v3,native-v3,0,,0,legacy_native
9.9,2,10,10,3,60,27.7815,30,power_readback,0,14,native-v3,rrc-epoch-0,16550,36,,v3,native-v3,0,,10,legacy_native
9.9,2,10,10,3,60,27.7815,30,state_snapshot,1,14,native-v3,rrc-epoch-0,16550,36,,v3,native-v3,0,,10,legacy_native
9.9,3,0,0,0,100,30,30,power_readback,0,0,native-v3,rrc-epoch-0,0,0,,v3,native-v3,0,,0,legacy_native
9.9,3,0,0,0,100,30,30,state_snapshot,0,0,native-v3,rrc-epoch-0,0,0,,v3,native-v3,0,,0,legacy_native
9.9,4,0,0,0,100,30,30,power_readback,0,0,native-v3,rrc-epoch-0,0,0,,v3,native-v3,0,,0,legacy_native
9.9,4,0,0,0,100,30,30,state_snapshot,0,0,native-v3,rrc-epoch-0,0,0,,v3,native-v3,0,,0,legacy_native
9.9,5,0,0,0,100,0,-1,power_readback,0,0,native-v3,rrc-epoch-0,0,0,,v3,native-v3,0,,0,legacy_native
9.9,5,0,0,0,100,0,-1,state_snapshot,0,0,native-v3,rrc-epoch-0,0,0,,v3,native-v3,0,,0,legacy_native
10,2,10,10,3,60,27.7815,30,power_readback,0,14,native-v3,rrc-epoch-0,18445,36,,v3,native-v3,0,,10,legacy_native
10,2,10,10,3,60,27.7815,30,state_snapshot,1,14,native-v3,rrc-epoch-0,18445,36,,v3,native-v3,0,,10,legacy_native
10,3,0,0,0,100,30,30,power_readback,0,0,native-v3,rrc-epoch-0,0,0,,v3,native-v3,0,,0,legacy_native
10,3,0,0,0,100,30,30,state_snapshot,0,0,native-v3,rrc-epoch-0,0,0,,v3,native-v3,0,,0,legacy_native
10,4,0,0,0,100,30,30,power_readback,0,0,native-v3,rrc-epoch-0,0,0,,v3,native-v3,0,,0,legacy_native
10,4,0,0,0,100,30,30,state_snapshot,0,0,native-v3,rrc-epoch-0,0,0,,v3,native-v3,0,,0,legacy_native
10,5,0,0,0,100,0,-1,power_readback,0,0,native-v3,rrc-epoch-0,0,0,,v3,native-v3,0,,0,legacy_native
10,5,0,0,0,100,0,-1,state_snapshot,0,0,native-v3,rrc-epoch-0,0,0,,v3,native-v3,0,,0,legacy_native
10.1,2,10,10,3,60,27.7815,30,power_readback,0,14,native-v3,rrc-epoch-0,20316,36,,v3,native-v3,0,,10,legacy_native
10.1,2,10,10,3,60,27.7815,30,state_snapshot,1,14,native-v3,rrc-epoch-0,20316,36,,v3,native-v3,0,,10,legacy_native
10.1,3,0,0,0,100,30,30,power_readback,0,0,native-v3,rrc-epoch-0,0,0,,v3,native-v3,0,,0,legacy_native
10.1,3,0,0,0,100,30,30,state_snapshot,0,0,native-v3,rrc-epoch-0,0,0,,v3,native-v3,0,,0,legacy_native
10.1,4,0,0,0,100,30,30,power_readback,0,0,native-v3,rrc-epoch-0,0,0,,v3,native-v3,0,,0,legacy_native
10.1,4,0,0,0,100,30,30,state_snapshot,0,0,native-v3,rrc-epoch-0,0,0,,v3,native-v3,0,,0,legacy_native
10.1,5,0,0,0,100,0,-1,power_readback,0,0,native-v3,rrc-epoch-0,0,0,,v3,native-v3,0,,0,legacy_native
10.1,5,0,0,0,100,0,-1,state_snapshot,0,0,native-v3,rrc-epoch-0,0,0,,v3,native-v3,0,,0,legacy_native
10.2,2,10,10,3,60,27.7815,30,power_readback,0,14,native-v3,rrc-epoch-0,22194,36,,v3,native-v3,0,,10,legacy_native
10.2,2,10,10,3,60,27.7815,30,state_snapshot,1,14,native-v3,rrc-epoch-0,22194,36,,v3,native-v3,0,,10,legacy_native
10.2,3,0,0,0,100,30,30,power_readback,0,0,native-v3,rrc-epoch-0,0,0,,v3,native-v3,0,,0,legacy_native
10.2,3,0,0,0,100,30,30,state_snapshot,0,0,native-v3,rrc-epoch-0,0,0,,v3,native-v3,0,,0,legacy_native
10.2,4,0,0,0,100,30,30,power_readback,0,0,native-v3,rrc-epoch-0,0,0,,v3,native-v3,0,,0,legacy_native
10.2,4,0,0,0,100,30,30,state_snapshot,0,0,native-v3,rrc-epoch-0,0,0,,v3,native-v3,0,,0,legacy_native
10.2,5,0,0,0,100,0,-1,power_readback,0,0,native-v3,rrc-epoch-0,0,0,,v3,native-v3,0,,0,legacy_native
10.2,5,0,0,0,100,0,-1,state_snapshot,0,0,native-v3,rrc-epoch-0,0,0,,v3,native-v3,0,,0,legacy_native
10.3,2,10,10,3,60,27.7815,30,power_readback,0,14,native-v3,rrc-epoch-0,24064,36,,v3,native-v3,0,,10,legacy_native
10.3,2,10,10,3,60,27.7815,30,state_snapshot,1,14,native-v3,rrc-epoch-0,24064,36,,v3,native-v3,0,,10,legacy_native
10.3,3,0,0,0,100,30,30,power_readback,0,0,native-v3,rrc-epoch-0,0,0,,v3,native-v3,0,,0,legacy_native
10.3,3,0,0,0,100,30,30,state_snapshot,0,0,native-v3,rrc-epoch-0,0,0,,v3,native-v3,0,,0,legacy_native
10.3,4,0,0,0,100,30,30,power_readback,0,0,native-v3,rrc-epoch-0,0,0,,v3,native-v3,0,,0,legacy_native
10.3,4,0,0,0,100,30,30,state_snapshot,0,0,native-v3,rrc-epoch-0,0,0,,v3,native-v3,0,,0,legacy_native
10.3,5,0,0,0,100,0,-1,power_readback,0,0,native-v3,rrc-epoch-0,0,0,,v3,native-v3,0,,0,legacy_native
10.3,5,0,0,0,100,0,-1,state_snapshot,0,0,native-v3,rrc-epoch-0,0,0,,v3,native-v3,0,,0,legacy_native
10.4,2,10,10,3,60,27.7815,30,power_readback,0,14,native-v3,rrc-epoch-0,25654,36,,v3,native-v3,0,,10,legacy_native
10.4,2,10,10,3,60,27.7815,30,state_snapshot,1,14,native-v3,rrc-epoch-0,25654,36,,v3,native-v3,0,,10,legacy_native
10.4,3,0,0,0,100,30,30,power_readback,0,0,native-v3,rrc-epoch-0,0,0,,v3,native-v3,0,,0,legacy_native
10.4,3,0,0,0,100,30,30,state_snapshot,0,0,native-v3,rrc-epoch-0,0,0,,v3,native-v3,0,,0,legacy_native
10.4,4,0,0,0,100,30,30,power_readback,0,0,native-v3,rrc-epoch-0,0,0,,v3,native-v3,0,,0,legacy_native
10.4,4,0,0,0,100,30,30,state_snapshot,0,0,native-v3,rrc-epoch-0,0,0,,v3,native-v3,0,,0,legacy_native
10.4,5,0,0,0,100,0,-1,power_readback,0,0,native-v3,rrc-epoch-0,0,0,,v3,native-v3,0,,0,legacy_native
10.4,5,0,0,0,100,0,-1,state_snapshot,0,0,native-v3,rrc-epoch-0,0,0,,v3,native-v3,0,,0,legacy_native
