epoch,train_loss,val_loss,best_val_loss,learning_rate,patience_counter
1,11.709270469779794,4.063969170716073,4.063969170716073,0.0005,0
2,1.8673005209322835,1.0773650964101156,1.0773650964101156,0.0005,0
3,0.4066645303455246,0.274231431612538,0.274231431612538,0.0005,0
4,0.23253037224726586,0.4493513600072927,0.274231431612538,0.0005,1
5,0.15981586695081637,0.1761683532036841,0.1761683532036841,0.0005,0
6,0.17540362280606764,0.17143996743899254,0.17143996743899254,0.0005,0
7,0.1365601108351833,0.11996338618660553,0.11996338618660553,0.0005,0
8,0.12926523661728498,0.1501747420264615,0.11996338618660553,0.0005,1
9,0.1023071957083585,0.19068997506207477,0.11996338618660553,0.0005,2
10,0.09940970852471989,0.11863911672391825,0.11863911672391825,0.0005,0
11,0.09645357154658996,0.15794233911567265,0.11863911672391825,0.0005,1
12,0.10571417222946357,0.22829161748393542,0.11863911672391825,0.0005,2
13,0.10133820453095066,0.14357973440653748,0.11863911672391825,0.0005,3
14,0.09868015954587932,0.19054832863104013,0.11863911672391825,0.0005,4
15,0.08918662447629884,0.12351584384321339,0.11863911672391825,0.0005,5
16,0.09070311909403748,0.1348570351695849,0.11863911672391825,0.00025,6
17,0.06158984881853984,0.10783898886810574,0.10783898886810574,0.00025,0
18,0.055985655784500314,0.11275523980924239,0.10783898886810574,0.00025,1
19,0.05087289818197185,0.11972787349950523,0.10783898886810574,0.00025,2
20,0.04291314802462198,0.10423699670678212,0.10423699670678212,0.00025,0
21,0.05870813052607977,0.1164788684067187,0.10423699670678212,0.00025,1
22,0.044672645299017114,0.13067259293360015,0.10423699670678212,0.00025,2
23,0.04174456192665482,0.11842027900210168,0.10423699670678212,0.00025,3
24,0.04261374795691388,0.10521544226341778,0.10423699670678212,0.00025,4
25,0.04300881213856712,0.11628659685375169,0.10423699670678212,0.00025,5
26,0.043522804090832444,0.11622722021873212,0.10423699670678212,0.000125,6
27,0.03690030257496234,0.1138800329085724,0.10423699670678212,0.000125,7
28,0.03755175259879486,0.10259181301419934,0.10259181301419934,0.000125,0
29,0.03643391202975109,0.12091772307434843,0.10259181301419934,0.000125,1
30,0.03714319623735953,0.11614012564451615,0.10259181301419934,0.000125,2
31,0.03642413407076242,0.14600525645348372,0.10259181301419934,0.000125,3
32,0.03486761369047167,0.11683604916906916,0.10259181301419934,0.000125,4
33,0.043238282419953956,0.12283699098617136,0.10259181301419934,0.000125,5
34,0.03586196268762332,0.11366158623968659,0.10259181301419934,6.25e-05,6
35,0.035026972175485456,0.11263813134864904,0.10259181301419934,6.25e-05,7
36,0.031897852119329564,0.11240058836378417,0.10259181301419934,6.25e-05,8
37,0.033158141220434964,0.11426642687414036,0.10259181301419934,6.25e-05,9
38,0.032089058474475046,0.1136490779472903,0.10259181301419934,6.25e-05,10
39,0.03428113346345607,0.09954968586539002,0.09954968586539002,6.25e-05,0
40,0.03263705839929184,0.11203757786602687,0.09954968586539002,6.25e-05,1
41,0.0343929306642293,0.1155039390009026,0.09954968586539002,6.25e-05,2
42,0.03267138486296629,0.11444276797893609,0.09954968586539002,6.25e-05,3
43,0.03318601816946365,0.1125156747919391,0.09954968586539002,6.25e-05,4
44,0.03176089596510594,0.09754389046106048,0.09754389046106048,6.25e-05,0
45,0.03162449086095768,0.10981997483274124,0.09754389046106048,6.25e-05,1
46,0.033649675561520945,0.10236605580721517,0.09754389046106048,6.25e-05,2
47,0.03342957249372889,0.1099797926807595,0.09754389046106048,6.25e-05,3
48,0.03197224638829494,0.10994117295453584,0.09754389046106048,6.25e-05,4
49,0.03291834331153806,0.1109727895010211,0.09754389046106048,6.25e-05,5
50,0.03333092461285236,0.10831871492126892,0.09754389046106048,3.125e-05,6
51,0.031710577511941014,0.10919196734381936,0.09754389046106048,3.125e-05,7
52,0.030347186594216247,0.10883154802690519,0.09754389046106048,3.125e-05,8
53,0.031514576640325004,0.11140371439477248,0.09754389046106048,3.125e-05,9
54,0.031165153634928812,0.11025339331034856,0.09754389046106048,3.125e-05,10
55,0.032165672962640536,0.11107113974697616,0.09754389046106048,3.125e-05,11
56,0.03254647073358548,0.10776287513514642,0.09754389046106048,1.5625e-05,12
57,0.03155820780502701,0.10906362464647827,0.09754389046106048,1.5625e-05,13
58,0.03042426909859846,0.10881887341602123,0.09754389046106048,1.5625e-05,14
59,0.030872421543907614,0.11021919675491113,0.09754389046106048,1.5625e-05,15
60,0.03067701399492879,0.11074746333148748,0.09754389046106048,1.5625e-05,16
61,0.03144450543336326,0.10999663139935162,0.09754389046106048,1.5625e-05,17
62,0.03105914621603618,0.1107815643744996,0.09754389046106048,7.8125e-06,18
63,0.03055501315795914,0.11050878826238962,0.09754389046106048,7.8125e-06,19
64,0.03147766572274662,0.1113410984246002,0.09754389046106048,7.8125e-06,20
