t_ms,prb_util,dl_mbps,ul_mbps,rlc_buf_kb,ue_count,action,severity,reason
0,0.542057,54.8972,21.0712,110.397,45,NOOP,0,"Within thresholds"
200,0.52807,75.1231,24.1539,96.656,71,NOOP,0,"Within thresholds"
400,0.541579,55.2572,27.6907,91.8617,42,NOOP,0,"Within thresholds"
600,0.536502,63.7046,19.3254,80.6049,66,NOOP,0,"Within thresholds"
800,0.504534,79.8904,23.766,61.0436,36,NOOP,0,"Within thresholds"
1000,0.466591,72.4703,27.8023,46.7684,78,NOOP,0,"Within thresholds"
1201,0.465469,63.0273,23.1089,29.7612,36,NOOP,0,"Within thresholds"
1401,0.498089,71.2508,24.5174,15.7847,66,NOOP,0,"Within thresholds"
1601,0.532435,55.0182,26.4639,4.24006,39,NOOP,0,"Within thresholds"
1801,0.526561,64.1298,24.4182,3.31754,44,NOOP,0,"Within thresholds"
2001,0.573989,63.8116,24.166,0,19,NOOP,0,"Within thresholds"
2202,0.586547,56.0552,27.5022,0,38,NOOP,0,"Within thresholds"
2402,0.613331,60.3755,21.7787,0,66,NOOP,0,"Within thresholds"
2602,0.579528,59.5325,23.3762,0,23,NOOP,0,"Within thresholds"
2802,0.56306,51.0528,21.3691,0,43,NOOP,0,"Within thresholds"
3002,0.582144,59.6215,19.765,0,55,NOOP,0,"Within thresholds"
3203,0.562113,59.7983,28.0087,0,10,NOOP,0,"Within thresholds"
3403,0.534991,62.596,21.9391,0,67,NOOP,0,"Within thresholds"
3603,0.560361,51.0408,29.6184,0,19,NOOP,0,"Within thresholds"
3803,0.55092,63.4186,21.764,0,58,NOOP,0,"Within thresholds"
4003,0.559903,49.185,22.9312,4.2522,22,NOOP,0,"Within thresholds"
4204,0.553971,64.7104,24.8217,0,51,NOOP,0,"Within thresholds"
4404,0.547098,58.9143,29.1103,0,29,NOOP,0,"Within thresholds"
4604,0.536279,58.1933,29.1544,0,50,NOOP,0,"Within thresholds"
4804,0.532536,59.9603,23.197,0,64,NOOP,0,"Within thresholds"
5004,0.605508,48.9892,18.9559,64.9286,48,NOOP,0,"Within thresholds"
5204,0.694061,41.0753,15.9577,115.173,15,NOOP,0,"Within thresholds"
5405,0.753281,39.1746,13.392,151.849,24,THROTTLE,0.209463,"Congestion: PRB high and RLC buffer high"
5605,0.8247,35.0598,20.5719,228.701,23,THROTTLE,0.362913,"Congestion: PRB high and RLC buffer high"
5805,0.88207,16.9661,11.6411,268.592,68,THROTTLE,0.553772,"Congestion: PRB high and RLC buffer high"
6005,0.97305,5.16212,11.031,344.798,77,THROTTLE,0.771242,"Congestion: PRB high and RLC buffer high"
6205,1,19.2377,12.9417,407.385,37,THROTTLE,0.764714,"Congestion: PRB high and RLC buffer high"
6405,1,9.70882,8.62161,447.75,68,THROTTLE,0.844562,"Congestion: PRB high and RLC buffer high"
6606,1,8.49008,7.15358,509.489,16,THROTTLE,0.892492,"Congestion: PRB high and RLC buffer high"
6806,1,0,7.03306,556.551,42,THROTTLE,0.971034,"Congestion: PRB high and RLC buffer high"
7006,1,17.7665,11.6823,610.238,76,THROTTLE,0.901297,"Congestion: PRB high and RLC buffer high"
7206,1,14.0823,14.4065,685.691,68,THROTTLE,0.921765,"Congestion: PRB high and RLC buffer high"
7406,1,25.8732,10.7129,747.075,50,THROTTLE,0.85626,"Congestion: PRB high and RLC buffer high"
7606,1,13.4627,7.75928,805.7,55,THROTTLE,0.925207,"Congestion: PRB high and RLC buffer high"
7806,1,0,16.1914,852.626,30,THROTTLE,1,"Congestion: PRB high and RLC buffer high"
8007,1,22.4155,10.4092,911.477,12,THROTTLE,0.87547,"Congestion: PRB high and RLC buffer high"
8207,1,13.323,12.6535,982.148,60,THROTTLE,0.925983,"Congestion: PRB high and RLC buffer high"
8407,1,11.4929,10.9759,1027.9,62,THROTTLE,0.936151,"Congestion: PRB high and RLC buffer high"
8607,1,9.82999,12.3655,1069.46,54,THROTTLE,0.945389,"Congestion: PRB high and RLC buffer high"
8807,1,14.5515,6.5114,1142.33,27,THROTTLE,0.919158,"Congestion: PRB high and RLC buffer high"
9007,1,9.03119,7.50158,1201.5,25,THROTTLE,0.949827,"Congestion: PRB high and RLC buffer high"
9207,1,10.8939,11.1606,1268.18,13,THROTTLE,0.939478,"Congestion: PRB high and RLC buffer high"
9408,1,13.0697,15.221,1329.11,72,THROTTLE,0.92739,"Congestion: PRB high and RLC buffer high"
9608,1,6.16185,11.8486,1374.55,77,THROTTLE,0.965768,"Congestion: PRB high and RLC buffer high"
9808,1,10.4137,8.93943,1420.58,37,THROTTLE,0.942146,"Congestion: PRB high and RLC buffer high"
10008,1,5.81972,12.3279,1478.34,80,THROTTLE,0.967668,"Congestion: PRB high and RLC buffer high"
10208,1,17.8386,10.2911,1528.15,78,THROTTLE,0.900897,"Congestion: PRB high and RLC buffer high"
10408,1,14.2486,11.6636,1590.02,71,THROTTLE,0.920841,"Congestion: PRB high and RLC buffer high"
10608,1,10.2527,8.25544,1651.67,43,THROTTLE,0.94304,"Congestion: PRB high and RLC buffer high"
10808,1,9.91053,6.50042,1686.06,57,THROTTLE,0.944942,"Congestion: PRB high and RLC buffer high"
11008,1,11.354,5.79573,1735.18,39,THROTTLE,0.936922,"Congestion: PRB high and RLC buffer high"
11208,1,7.73874,11.0152,1767.74,73,THROTTLE,0.957007,"Congestion: PRB high and RLC buffer high"
11409,1,6.34222,11.4734,1823.04,43,THROTTLE,0.964765,"Congestion: PRB high and RLC buffer high"
11609,1,4.91941,12.4523,1860,69,THROTTLE,0.97267,"Congestion: PRB high and RLC buffer high"
11809,1,20.7622,10.1877,1918.77,53,THROTTLE,0.884654,"Congestion: PRB high and RLC buffer high"
12009,1,11.4221,11.6867,1972.85,67,THROTTLE,0.936544,"Congestion: PRB high and RLC buffer high"
12209,1,16.8413,11.8399,2027.75,70,THROTTLE,0.906437,"Congestion: PRB high and RLC buffer high"
12409,1,15.8168,8.89168,2052.99,20,THROTTLE,0.912129,"Congestion: PRB high and RLC buffer high"
12610,1,8.47347,3.63295,2117.03,61,THROTTLE,0.952925,"Congestion: PRB high and RLC buffer high"
12810,1,11.9476,9.42657,2164.48,55,THROTTLE,0.933624,"Congestion: PRB high and RLC buffer high"
13010,1,11.6304,10.5509,2201.55,78,THROTTLE,0.935387,"Congestion: PRB high and RLC buffer high"
13210,1,17.2466,12.1381,2255.57,60,THROTTLE,0.904186,"Congestion: PRB high and RLC buffer high"
13410,1,2.47051,10.7739,2308.84,10,THROTTLE,0.986275,"Congestion: PRB high and RLC buffer high"
13610,1,8.01189,10.5633,2364.07,73,THROTTLE,0.95549,"Congestion: PRB high and RLC buffer high"
13810,1,17.2836,4.27886,2424.13,77,THROTTLE,0.90398,"Congestion: PRB high and RLC buffer high"
14010,1,15.7241,12.3776,2482.19,23,THROTTLE,0.912644,"Congestion: PRB high and RLC buffer high"
14210,1,7.42785,10.9129,2531.09,33,THROTTLE,0.958734,"Congestion: PRB high and RLC buffer high"
14411,1,9.61803,9.14425,2582.6,13,THROTTLE,0.946567,"Congestion: PRB high and RLC buffer high"
14611,1,9.30242,4.15538,2641.58,41,THROTTLE,0.94832,"Congestion: PRB high and RLC buffer high"
14811,1,8.46178,6.23781,2688.68,74,THROTTLE,0.95299,"Congestion: PRB high and RLC buffer high"
