scenario,round,start_ts,end_ts,start_iso,end_iso,duration_s,rows,nodes,edges,confirmed_by_data,weak_or_low_support,spurious_in_baseline,emergent_from_data,cumulative_rows,dataset_path,graph_path,adjacency_path,report_path
conflito_implicito,1,1777006254,1777006374,2026-04-24T01:50:54,2026-04-24T01:52:54,120,24,7,6,6,0,0,0,24,/home/robert/orange_nuclear/runs/experimentos_conflitos/experimento_principal/conflito_implicito/rounds/round_01/conflict_dataset.csv,/home/robert/orange_nuclear/runs/experimentos_conflitos/experimento_principal/conflito_implicito/rounds/round_01/conflict_graph.json,/home/robert/orange_nuclear/runs/experimentos_conflitos/experimento_principal/conflito_implicito/rounds/round_01/conflict_adjacency.json,/home/robert/orange_nuclear/runs/experimentos_conflitos/experimento_principal/conflito_implicito/rounds/round_01/conflict_report.json
conflito_implicito,2,1777006374,1777006494,2026-04-24T01:52:54,2026-04-24T01:54:54,120,24,7,6,6,0,0,0,48,/home/robert/orange_nuclear/runs/experimentos_conflitos/experimento_principal/conflito_implicito/rounds/round_02/conflict_dataset.csv,/home/robert/orange_nuclear/runs/experimentos_conflitos/experimento_principal/conflito_implicito/rounds/round_02/conflict_graph.json,/home/robert/orange_nuclear/runs/experimentos_conflitos/experimento_principal/conflito_implicito/rounds/round_02/conflict_adjacency.json,/home/robert/orange_nuclear/runs/experimentos_conflitos/experimento_principal/conflito_implicito/rounds/round_02/conflict_report.json
conflito_implicito,3,1777006494,1777006614,2026-04-24T01:54:54,2026-04-24T01:56:54,120,24,7,6,6,0,0,0,72,/home/robert/orange_nuclear/runs/experimentos_conflitos/experimento_principal/conflito_implicito/rounds/round_03/conflict_dataset.csv,/home/robert/orange_nuclear/runs/experimentos_conflitos/experimento_principal/conflito_implicito/rounds/round_03/conflict_graph.json,/home/robert/orange_nuclear/runs/experimentos_conflitos/experimento_principal/conflito_implicito/rounds/round_03/conflict_adjacency.json,/home/robert/orange_nuclear/runs/experimentos_conflitos/experimento_principal/conflito_implicito/rounds/round_03/conflict_report.json
conflito_implicito,4,1777006614,1777006734,2026-04-24T01:56:54,2026-04-24T01:58:54,120,24,7,6,6,0,0,0,96,/home/robert/orange_nuclear/runs/experimentos_conflitos/experimento_principal/conflito_implicito/rounds/round_04/conflict_dataset.csv,/home/robert/orange_nuclear/runs/experimentos_conflitos/experimento_principal/conflito_implicito/rounds/round_04/conflict_graph.json,/home/robert/orange_nuclear/runs/experimentos_conflitos/experimento_principal/conflito_implicito/rounds/round_04/conflict_adjacency.json,/home/robert/orange_nuclear/runs/experimentos_conflitos/experimento_principal/conflito_implicito/rounds/round_04/conflict_report.json
conflito_implicito,5,1777006734,1777006854,2026-04-24T01:58:54,2026-04-24T02:00:54,120,24,7,6,6,0,0,0,120,/home/robert/orange_nuclear/runs/experimentos_conflitos/experimento_principal/conflito_implicito/rounds/round_05/conflict_dataset.csv,/home/robert/orange_nuclear/runs/experimentos_conflitos/experimento_principal/conflito_implicito/rounds/round_05/conflict_graph.json,/home/robert/orange_nuclear/runs/experimentos_conflitos/experimento_principal/conflito_implicito/rounds/round_05/conflict_adjacency.json,/home/robert/orange_nuclear/runs/experimentos_conflitos/experimento_principal/conflito_implicito/rounds/round_05/conflict_report.json
conflito_implicito,6,1777006855,1777006975,2026-04-24T02:00:55,2026-04-24T02:02:55,120,24,7,6,6,0,0,0,144,/home/robert/orange_nuclear/runs/experimentos_conflitos/experimento_principal/conflito_implicito/rounds/round_06/conflict_dataset.csv,/home/robert/orange_nuclear/runs/experimentos_conflitos/experimento_principal/conflito_implicito/rounds/round_06/conflict_graph.json,/home/robert/orange_nuclear/runs/experimentos_conflitos/experimento_principal/conflito_implicito/rounds/round_06/conflict_adjacency.json,/home/robert/orange_nuclear/runs/experimentos_conflitos/experimento_principal/conflito_implicito/rounds/round_06/conflict_report.json
conflito_implicito,7,1777006975,1777007095,2026-04-24T02:02:55,2026-04-24T02:04:55,120,24,7,6,6,0,0,0,168,/home/robert/orange_nuclear/runs/experimentos_conflitos/experimento_principal/conflito_implicito/rounds/round_07/conflict_dataset.csv,/home/robert/orange_nuclear/runs/experimentos_conflitos/experimento_principal/conflito_implicito/rounds/round_07/conflict_graph.json,/home/robert/orange_nuclear/runs/experimentos_conflitos/experimento_principal/conflito_implicito/rounds/round_07/conflict_adjacency.json,/home/robert/orange_nuclear/runs/experimentos_conflitos/experimento_principal/conflito_implicito/rounds/round_07/conflict_report.json
conflito_implicito,8,1777007095,1777007215,2026-04-24T02:04:55,2026-04-24T02:06:55,120,24,7,6,6,0,0,0,192,/home/robert/orange_nuclear/runs/experimentos_conflitos/experimento_principal/conflito_implicito/rounds/round_08/conflict_dataset.csv,/home/robert/orange_nuclear/runs/experimentos_conflitos/experimento_principal/conflito_implicito/rounds/round_08/conflict_graph.json,/home/robert/orange_nuclear/runs/experimentos_conflitos/experimento_principal/conflito_implicito/rounds/round_08/conflict_adjacency.json,/home/robert/orange_nuclear/runs/experimentos_conflitos/experimento_principal/conflito_implicito/rounds/round_08/conflict_report.json
conflito_implicito,9,1777007215,1777007335,2026-04-24T02:06:55,2026-04-24T02:08:55,120,24,7,6,6,0,0,0,216,/home/robert/orange_nuclear/runs/experimentos_conflitos/experimento_principal/conflito_implicito/rounds/round_09/conflict_dataset.csv,/home/robert/orange_nuclear/runs/experimentos_conflitos/experimento_principal/conflito_implicito/rounds/round_09/conflict_graph.json,/home/robert/orange_nuclear/runs/experimentos_conflitos/experimento_principal/conflito_implicito/rounds/round_09/conflict_adjacency.json,/home/robert/orange_nuclear/runs/experimentos_conflitos/experimento_principal/conflito_implicito/rounds/round_09/conflict_report.json
conflito_implicito,10,1777007335,1777007455,2026-04-24T02:08:55,2026-04-24T02:10:55,120,24,7,6,6,0,0,0,240,/home/robert/orange_nuclear/runs/experimentos_conflitos/experimento_principal/conflito_implicito/rounds/round_10/conflict_dataset.csv,/home/robert/orange_nuclear/runs/experimentos_conflitos/experimento_principal/conflito_implicito/rounds/round_10/conflict_graph.json,/home/robert/orange_nuclear/runs/experimentos_conflitos/experimento_principal/conflito_implicito/rounds/round_10/conflict_adjacency.json,/home/robert/orange_nuclear/runs/experimentos_conflitos/experimento_principal/conflito_implicito/rounds/round_10/conflict_report.json
conflito_implicito,11,1777007455,1777007575,2026-04-24T02:10:55,2026-04-24T02:12:55,120,24,7,6,6,0,0,0,264,/home/robert/orange_nuclear/runs/experimentos_conflitos/experimento_principal/conflito_implicito/rounds/round_11/conflict_dataset.csv,/home/robert/orange_nuclear/runs/experimentos_conflitos/experimento_principal/conflito_implicito/rounds/round_11/conflict_graph.json,/home/robert/orange_nuclear/runs/experimentos_conflitos/experimento_principal/conflito_implicito/rounds/round_11/conflict_adjacency.json,/home/robert/orange_nuclear/runs/experimentos_conflitos/experimento_principal/conflito_implicito/rounds/round_11/conflict_report.json
conflito_implicito,12,1777007575,1777007695,2026-04-24T02:12:55,2026-04-24T02:14:55,120,24,7,6,6,0,0,0,288,/home/robert/orange_nuclear/runs/experimentos_conflitos/experimento_principal/conflito_implicito/rounds/round_12/conflict_dataset.csv,/home/robert/orange_nuclear/runs/experimentos_conflitos/experimento_principal/conflito_implicito/rounds/round_12/conflict_graph.json,/home/robert/orange_nuclear/runs/experimentos_conflitos/experimento_principal/conflito_implicito/rounds/round_12/conflict_adjacency.json,/home/robert/orange_nuclear/runs/experimentos_conflitos/experimento_principal/conflito_implicito/rounds/round_12/conflict_report.json
conflito_implicito,13,1777007695,1777007815,2026-04-24T02:14:55,2026-04-24T02:16:55,120,24,7,6,6,0,0,0,312,/home/robert/orange_nuclear/runs/experimentos_conflitos/experimento_principal/conflito_implicito/rounds/round_13/conflict_dataset.csv,/home/robert/orange_nuclear/runs/experimentos_conflitos/experimento_principal/conflito_implicito/rounds/round_13/conflict_graph.json,/home/robert/orange_nuclear/runs/experimentos_conflitos/experimento_principal/conflito_implicito/rounds/round_13/conflict_adjacency.json,/home/robert/orange_nuclear/runs/experimentos_conflitos/experimento_principal/conflito_implicito/rounds/round_13/conflict_report.json
conflito_implicito,14,1777007815,1777007935,2026-04-24T02:16:55,2026-04-24T02:18:55,120,24,7,6,6,0,0,0,336,/home/robert/orange_nuclear/runs/experimentos_conflitos/experimento_principal/conflito_implicito/rounds/round_14/conflict_dataset.csv,/home/robert/orange_nuclear/runs/experimentos_conflitos/experimento_principal/conflito_implicito/rounds/round_14/conflict_graph.json,/home/robert/orange_nuclear/runs/experimentos_conflitos/experimento_principal/conflito_implicito/rounds/round_14/conflict_adjacency.json,/home/robert/orange_nuclear/runs/experimentos_conflitos/experimento_principal/conflito_implicito/rounds/round_14/conflict_report.json
conflito_implicito,15,1777007935,1777008055,2026-04-24T02:18:55,2026-04-24T02:20:55,120,24,7,6,6,0,0,0,360,/home/robert/orange_nuclear/runs/experimentos_conflitos/experimento_principal/conflito_implicito/rounds/round_15/conflict_dataset.csv,/home/robert/orange_nuclear/runs/experimentos_conflitos/experimento_principal/conflito_implicito/rounds/round_15/conflict_graph.json,/home/robert/orange_nuclear/runs/experimentos_conflitos/experimento_principal/conflito_implicito/rounds/round_15/conflict_adjacency.json,/home/robert/orange_nuclear/runs/experimentos_conflitos/experimento_principal/conflito_implicito/rounds/round_15/conflict_report.json
conflito_implicito,16,1777008055,1777008175,2026-04-24T02:20:55,2026-04-24T02:22:55,120,23,7,6,6,0,0,0,383,/home/robert/orange_nuclear/runs/experimentos_conflitos/experimento_principal/conflito_implicito/rounds/round_16/conflict_dataset.csv,/home/robert/orange_nuclear/runs/experimentos_conflitos/experimento_principal/conflito_implicito/rounds/round_16/conflict_graph.json,/home/robert/orange_nuclear/runs/experimentos_conflitos/experimento_principal/conflito_implicito/rounds/round_16/conflict_adjacency.json,/home/robert/orange_nuclear/runs/experimentos_conflitos/experimento_principal/conflito_implicito/rounds/round_16/conflict_report.json
conflito_implicito,17,1777008175,1777008295,2026-04-24T02:22:55,2026-04-24T02:24:55,120,24,7,6,6,0,0,0,407,/home/robert/orange_nuclear/runs/experimentos_conflitos/experimento_principal/conflito_implicito/rounds/round_17/conflict_dataset.csv,/home/robert/orange_nuclear/runs/experimentos_conflitos/experimento_principal/conflito_implicito/rounds/round_17/conflict_graph.json,/home/robert/orange_nuclear/runs/experimentos_conflitos/experimento_principal/conflito_implicito/rounds/round_17/conflict_adjacency.json,/home/robert/orange_nuclear/runs/experimentos_conflitos/experimento_principal/conflito_implicito/rounds/round_17/conflict_report.json
conflito_implicito,18,1777008295,1777008415,2026-04-24T02:24:55,2026-04-24T02:26:55,120,24,7,6,6,0,0,0,431,/home/robert/orange_nuclear/runs/experimentos_conflitos/experimento_principal/conflito_implicito/rounds/round_18/conflict_dataset.csv,/home/robert/orange_nuclear/runs/experimentos_conflitos/experimento_principal/conflito_implicito/rounds/round_18/conflict_graph.json,/home/robert/orange_nuclear/runs/experimentos_conflitos/experimento_principal/conflito_implicito/rounds/round_18/conflict_adjacency.json,/home/robert/orange_nuclear/runs/experimentos_conflitos/experimento_principal/conflito_implicito/rounds/round_18/conflict_report.json
conflito_implicito,19,1777008415,1777008535,2026-04-24T02:26:55,2026-04-24T02:28:55,120,24,7,6,6,0,0,0,455,/home/robert/orange_nuclear/runs/experimentos_conflitos/experimento_principal/conflito_implicito/rounds/round_19/conflict_dataset.csv,/home/robert/orange_nuclear/runs/experimentos_conflitos/experimento_principal/conflito_implicito/rounds/round_19/conflict_graph.json,/home/robert/orange_nuclear/runs/experimentos_conflitos/experimento_principal/conflito_implicito/rounds/round_19/conflict_adjacency.json,/home/robert/orange_nuclear/runs/experimentos_conflitos/experimento_principal/conflito_implicito/rounds/round_19/conflict_report.json
