datetime,energy_saver,energy_state,reason,confidence
2026-03-30 23:01:43,CONDITIONAL,UNKNOWN,MONITORANDO: CVaR=3.5ms < 60ms mas slope=+0.0ms/s,0.6
2026-03-30 23:01:48,CONDITIONAL,UNKNOWN,MONITORANDO: CVaR=4.4ms < 60ms mas slope=+0.0ms/s,0.6
2026-03-30 23:01:53,CONDITIONAL,UNKNOWN,MONITORANDO: CVaR=4.6ms < 60ms mas slope=+0.0ms/s,0.6
2026-03-30 23:01:58,CONDITIONAL,UNKNOWN,MONITORANDO: CVaR=4.6ms < 60ms mas slope=+0.0ms/s,0.6
2026-03-30 23:02:03,CONDITIONAL,UNKNOWN,MONITORANDO: CVaR=6.6ms < 60ms mas slope=+0.0ms/s,0.6
2026-03-30 23:02:08,CONDITIONAL,UNKNOWN,MONITORANDO: CVaR=7.1ms < 60ms mas slope=+0.0ms/s,0.6
2026-03-30 23:02:13,CONDITIONAL,UNKNOWN,MONITORANDO: CVaR=7.3ms < 60ms mas slope=+0.0ms/s,0.6
2026-03-30 23:02:18,CONDITIONAL,UNKNOWN,MONITORANDO: CVaR=7.3ms < 60ms mas slope=+0.0ms/s,0.6
2026-03-30 23:02:23,CONDITIONAL,UNKNOWN,MONITORANDO: CVaR=7.3ms < 60ms mas slope=+0.0ms/s,0.6
2026-03-30 23:02:28,CONDITIONAL,UNKNOWN,MONITORANDO: CVaR=8.0ms < 60ms mas slope=+0.0ms/s,0.6
2026-03-30 23:02:33,CONDITIONAL,UNKNOWN,MONITORANDO: CVaR=8.1ms < 60ms mas slope=+0.0ms/s,0.6
2026-03-30 23:02:39,CONDITIONAL,UNKNOWN,MONITORANDO: CVaR=8.1ms < 60ms mas slope=+0.0ms/s,0.6
2026-03-30 23:02:44,CONDITIONAL,UNKNOWN,MONITORANDO: CVaR=8.2ms < 60ms mas slope=+0.0ms/s,0.6
2026-03-30 23:02:49,CONDITIONAL,UNKNOWN,MONITORANDO: CVaR=8.2ms < 60ms mas slope=+0.0ms/s,0.6
2026-03-30 23:02:54,CONDITIONAL,UNKNOWN,MONITORANDO: CVaR=8.2ms < 60ms mas slope=+0.0ms/s,0.6
2026-03-30 23:02:59,CONDITIONAL,UNKNOWN,MONITORANDO: CVaR=12.6ms < 60ms mas slope=+0.0ms/s,0.6
2026-03-30 23:03:04,CONDITIONAL,UNKNOWN,MONITORANDO: CVaR=13.4ms < 60ms mas slope=+0.0ms/s,0.6
2026-03-30 23:03:09,CONDITIONAL,UNKNOWN,MONITORANDO: CVaR=13.4ms < 60ms mas slope=+0.0ms/s,0.6
2026-03-30 23:03:14,CONDITIONAL,UNKNOWN,MONITORANDO: CVaR=13.4ms < 60ms mas slope=+0.0ms/s,0.6
2026-03-30 23:03:19,CONDITIONAL,UNKNOWN,MONITORANDO: CVaR=13.4ms < 60ms mas slope=+0.0ms/s,0.6
2026-03-30 23:03:24,CONDITIONAL,UNKNOWN,MONITORANDO: CVaR=13.4ms < 60ms mas slope=+0.0ms/s,0.6
2026-03-30 23:03:29,CONDITIONAL,UNKNOWN,MONITORANDO: CVaR=13.4ms < 60ms mas slope=+0.0ms/s,0.6
2026-03-30 23:03:34,CONDITIONAL,UNKNOWN,MONITORANDO: CVaR=13.4ms < 60ms mas slope=+0.0ms/s,0.6
2026-03-30 23:03:39,CONDITIONAL,UNKNOWN,MONITORANDO: CVaR=14.0ms < 60ms mas slope=+0.0ms/s,0.6
2026-03-30 23:03:44,CONDITIONAL,UNKNOWN,MONITORANDO: CVaR=16.8ms < 60ms mas slope=+0.0ms/s,0.6
2026-03-30 23:03:49,CONDITIONAL,UNKNOWN,MONITORANDO: CVaR=19.1ms < 60ms mas slope=+0.0ms/s,0.6
2026-03-30 23:03:54,CONDITIONAL,UNKNOWN,MONITORANDO: CVaR=20.3ms < 60ms mas slope=+0.0ms/s,0.6
2026-03-30 23:03:59,CONDITIONAL,UNKNOWN,MONITORANDO: CVaR=21.3ms < 60ms mas slope=+0.0ms/s,0.6
2026-03-30 23:04:04,CONDITIONAL,UNKNOWN,MONITORANDO: CVaR=21.3ms < 60ms mas slope=+0.0ms/s,0.6
2026-03-30 23:04:09,CONDITIONAL,UNKNOWN,MONITORANDO: CVaR=21.3ms < 60ms mas slope=+0.0ms/s,0.6
2026-03-30 23:04:14,CONDITIONAL,UNKNOWN,MONITORANDO: CVaR=21.3ms < 60ms mas slope=+0.0ms/s,0.6
2026-03-30 23:04:19,CONDITIONAL,UNKNOWN,MONITORANDO: CVaR=23.7ms < 60ms mas slope=+0.0ms/s,0.6
2026-03-30 23:04:24,CONDITIONAL,UNKNOWN,MONITORANDO: CVaR=26.1ms < 60ms mas slope=+0.0ms/s,0.6
2026-03-30 23:04:29,CONDITIONAL,UNKNOWN,MONITORANDO: CVaR=26.1ms < 60ms mas slope=+0.0ms/s,0.6
2026-03-30 23:04:34,CONDITIONAL,UNKNOWN,MONITORANDO: CVaR=33.1ms < 60ms mas slope=+0.0ms/s,0.6
2026-03-30 23:04:39,CONDITIONAL,UNKNOWN,MONITORANDO: CVaR=40.1ms < 60ms mas slope=+0.0ms/s,0.6
2026-03-30 23:04:44,CONDITIONAL,UNKNOWN,MONITORANDO: CVaR=40.1ms < 60ms mas slope=+0.0ms/s,0.6
2026-03-30 23:04:49,CONDITIONAL,UNKNOWN,MONITORANDO: CVaR=40.1ms < 60ms mas slope=+0.0ms/s,0.6
2026-03-30 23:04:54,CONDITIONAL,UNKNOWN,MONITORANDO: CVaR=40.1ms < 60ms mas slope=+0.0ms/s,0.6
2026-03-30 23:04:59,CONDITIONAL,UNKNOWN,MONITORANDO: CVaR=40.1ms < 60ms mas slope=+0.0ms/s,0.6
2026-03-30 23:05:04,CONDITIONAL,UNKNOWN,MONITORANDO: CVaR=40.1ms < 60ms mas slope=+0.0ms/s,0.6
2026-03-30 23:05:09,CONDITIONAL,UNKNOWN,MONITORANDO: CVaR=40.1ms < 60ms mas slope=+0.0ms/s,0.6
2026-03-30 23:05:14,CONDITIONAL,UNKNOWN,MONITORANDO: CVaR=40.1ms < 60ms mas slope=+0.0ms/s,0.6
2026-03-30 23:05:19,CONDITIONAL,UNKNOWN,MONITORANDO: CVaR=40.1ms < 60ms mas slope=+0.0ms/s,0.6
2026-03-30 23:05:24,CONDITIONAL,UNKNOWN,MONITORANDO: CVaR=40.1ms < 60ms mas slope=+0.0ms/s,0.6
2026-03-30 23:05:29,CONDITIONAL,UNKNOWN,MONITORANDO: CVaR=40.1ms < 60ms mas slope=+0.0ms/s,0.6
2026-03-30 23:05:34,CONDITIONAL,UNKNOWN,MONITORANDO: CVaR=40.1ms < 60ms mas slope=+0.0ms/s,0.6
2026-03-30 23:05:39,CONDITIONAL,UNKNOWN,MONITORANDO: CVaR=40.1ms < 60ms mas slope=+0.0ms/s,0.6
2026-03-30 23:05:44,CONDITIONAL,UNKNOWN,MONITORANDO: CVaR=40.1ms < 60ms mas slope=+0.0ms/s,0.6
2026-03-30 23:05:49,CONDITIONAL,UNKNOWN,MONITORANDO: CVaR=40.1ms < 60ms mas slope=+0.0ms/s,0.6
2026-03-30 23:05:54,CONDITIONAL,UNKNOWN,MONITORANDO: CVaR=40.1ms < 60ms mas slope=+0.0ms/s,0.6
2026-03-30 23:05:59,CONDITIONAL,UNKNOWN,MONITORANDO: CVaR=40.1ms < 60ms mas slope=+0.0ms/s,0.6
2026-03-30 23:06:04,CONDITIONAL,UNKNOWN,MONITORANDO: CVaR=40.1ms < 60ms mas slope=+0.0ms/s,0.6
2026-03-30 23:06:09,CONDITIONAL,UNKNOWN,MONITORANDO: CVaR=40.1ms < 60ms mas slope=+0.0ms/s,0.6
2026-03-30 23:06:14,CONDITIONAL,UNKNOWN,MONITORANDO: CVaR=40.1ms < 60ms mas slope=+0.0ms/s,0.6
2026-03-30 23:06:20,CONDITIONAL,UNKNOWN,MONITORANDO: CVaR=40.1ms < 60ms mas slope=+0.0ms/s,0.6
2026-03-30 23:06:25,CONDITIONAL,UNKNOWN,MONITORANDO: CVaR=40.1ms < 60ms mas slope=+0.0ms/s,0.6
2026-03-30 23:06:30,CONDITIONAL,UNKNOWN,MONITORANDO: CVaR=40.1ms < 60ms mas slope=+0.0ms/s,0.6
2026-03-30 23:06:35,CONDITIONAL,UNKNOWN,MONITORANDO: CVaR=40.1ms < 60ms mas slope=+0.0ms/s,0.6
2026-03-30 23:06:40,CONDITIONAL,UNKNOWN,MONITORANDO: CVaR=40.1ms < 60ms mas slope=+0.0ms/s,0.6
2026-03-30 23:06:45,CONDITIONAL,UNKNOWN,MONITORANDO: CVaR=40.1ms < 60ms mas slope=+0.0ms/s,0.6
2026-03-30 23:06:50,CONDITIONAL,UNKNOWN,MONITORANDO: CVaR=40.1ms < 60ms mas slope=+0.0ms/s,0.6
2026-03-30 23:06:55,CONDITIONAL,UNKNOWN,MONITORANDO: CVaR=40.1ms < 60ms mas slope=+0.0ms/s,0.6
2026-03-30 23:07:00,CONDITIONAL,UNKNOWN,MONITORANDO: CVaR=40.1ms < 60ms mas slope=+0.0ms/s,0.6
2026-03-30 23:07:05,CONDITIONAL,UNKNOWN,MONITORANDO: CVaR=40.1ms < 60ms mas slope=+0.0ms/s,0.6
2026-03-30 23:07:10,CONDITIONAL,UNKNOWN,MONITORANDO: CVaR=40.1ms < 60ms mas slope=+0.0ms/s,0.6
2026-03-30 23:07:15,CONDITIONAL,UNKNOWN,MONITORANDO: CVaR=40.1ms < 60ms mas slope=+0.0ms/s,0.6
2026-03-30 23:07:20,CONDITIONAL,UNKNOWN,MONITORANDO: CVaR=40.1ms < 60ms mas slope=+0.0ms/s,0.6
2026-03-30 23:07:25,CONDITIONAL,UNKNOWN,MONITORANDO: CVaR=40.1ms < 60ms mas slope=+0.0ms/s,0.6
2026-03-30 23:07:30,ALLOWED,UNKNOWN,NORMAL: CVaR=40.2ms < 60ms + slope=-0.0ms/s (melhorando) → Pode economizar,0.9
2026-03-30 23:07:35,ALLOWED,UNKNOWN,NORMAL: CVaR=40.2ms < 60ms + slope=-0.0ms/s (melhorando) → Pode economizar,0.9
2026-03-30 23:07:40,ALLOWED,UNKNOWN,NORMAL: CVaR=40.3ms < 60ms + slope=-0.0ms/s (melhorando) → Pode economizar,0.9
2026-03-30 23:07:45,ALLOWED,UNKNOWN,NORMAL: CVaR=40.3ms < 60ms + slope=-0.0ms/s (melhorando) → Pode economizar,0.9
2026-03-30 23:07:50,ALLOWED,UNKNOWN,NORMAL: CVaR=40.4ms < 60ms + slope=-0.0ms/s (melhorando) → Pode economizar,0.9
2026-03-30 23:07:55,ALLOWED,UNKNOWN,NORMAL: CVaR=40.9ms < 60ms + slope=-0.0ms/s (melhorando) → Pode economizar,0.9
2026-03-30 23:08:00,ALLOWED,UNKNOWN,NORMAL: CVaR=43.3ms < 60ms + slope=-0.0ms/s (melhorando) → Pode economizar,0.9
2026-03-30 23:08:05,ALLOWED,UNKNOWN,NORMAL: CVaR=47.9ms < 60ms + slope=-0.0ms/s (melhorando) → Pode economizar,0.9
2026-03-30 23:08:10,ALLOWED,UNKNOWN,NORMAL: CVaR=52.5ms < 60ms + slope=-0.0ms/s (melhorando) → Pode economizar,0.9
2026-03-30 23:08:15,ALLOWED,UNKNOWN,NORMAL: CVaR=56.6ms < 60ms + slope=-0.0ms/s (melhorando) → Pode economizar,0.9
2026-03-30 23:08:20,ALLOWED,UNKNOWN,NORMAL: CVaR=59.0ms < 60ms + slope=-0.0ms/s (melhorando) → Pode economizar,0.9
2026-03-30 23:08:25,ALLOWED,UNKNOWN,NORMAL: CVaR=59.0ms < 60ms + slope=-0.0ms/s (melhorando) → Pode economizar,0.9
2026-03-30 23:08:30,ALLOWED,UNKNOWN,NORMAL: CVaR=59.0ms < 60ms + slope=-0.0ms/s (melhorando) → Pode economizar,0.9
2026-03-30 23:08:35,ALLOWED,UNKNOWN,NORMAL: CVaR=59.0ms < 60ms + slope=-0.0ms/s (melhorando) → Pode economizar,0.9
2026-03-30 23:08:40,ALLOWED,UNKNOWN,NORMAL: CVaR=59.0ms < 60ms + slope=-0.0ms/s (melhorando) → Pode economizar,0.9
2026-03-30 23:08:45,ALLOWED,UNKNOWN,NORMAL: CVaR=59.0ms < 60ms + slope=-0.0ms/s (melhorando) → Pode economizar,0.9
2026-03-30 23:08:50,ALLOWED,UNKNOWN,NORMAL: CVaR=59.0ms < 60ms + slope=-0.0ms/s (melhorando) → Pode economizar,0.9
2026-03-30 23:08:55,ALLOWED,UNKNOWN,NORMAL: CVaR=59.0ms < 60ms + slope=-0.0ms/s (melhorando) → Pode economizar,0.9
2026-03-30 23:09:00,ALLOWED,UNKNOWN,NORMAL: CVaR=59.0ms < 60ms + slope=-0.0ms/s (melhorando) → Pode economizar,0.9
2026-03-30 23:09:05,ALLOWED,UNKNOWN,NORMAL: CVaR=59.0ms < 60ms + slope=-0.0ms/s (melhorando) → Pode economizar,0.9
2026-03-30 23:09:10,ALLOWED,UNKNOWN,NORMAL: CVaR=59.0ms < 60ms + slope=-0.0ms/s (melhorando) → Pode economizar,0.9
2026-03-30 23:09:15,ALLOWED,UNKNOWN,NORMAL: CVaR=59.0ms < 60ms + slope=-0.0ms/s (melhorando) → Pode economizar,0.9
2026-03-30 23:09:20,CONDITIONAL,UNKNOWN,MONITORANDO: CVaR=59.0ms < 60ms mas slope=+0.0ms/s,0.6
2026-03-30 23:09:25,CONDITIONAL,UNKNOWN,MONITORANDO: CVaR=59.0ms < 60ms mas slope=+0.0ms/s,0.6
2026-03-30 23:09:30,CONDITIONAL,UNKNOWN,MONITORANDO: CVaR=59.0ms < 60ms mas slope=+0.0ms/s,0.6
2026-03-30 23:09:35,CONDITIONAL,UNKNOWN,MONITORANDO: CVaR=59.0ms < 60ms mas slope=+0.0ms/s,0.6
2026-03-30 23:09:40,CONDITIONAL,UNKNOWN,MONITORANDO: CVaR=59.0ms < 60ms mas slope=+0.0ms/s,0.6
2026-03-30 23:09:46,CONDITIONAL,UNKNOWN,MONITORANDO: CVaR=59.0ms < 60ms mas slope=+0.0ms/s,0.6
2026-03-30 23:09:51,CONDITIONAL,UNKNOWN,MONITORANDO: CVaR=59.0ms < 60ms mas slope=+0.0ms/s,0.6
2026-03-30 23:09:56,CONDITIONAL,UNKNOWN,MONITORANDO: CVaR=59.0ms < 60ms mas slope=+0.0ms/s,0.6
2026-03-30 23:10:01,CONDITIONAL,UNKNOWN,MONITORANDO: CVaR=59.0ms < 60ms mas slope=+0.0ms/s,0.6
2026-03-30 23:10:06,CONDITIONAL,UNKNOWN,MONITORANDO: CVaR=59.0ms < 60ms mas slope=+0.0ms/s,0.6
2026-03-30 23:10:11,CONDITIONAL,UNKNOWN,MONITORANDO: CVaR=59.0ms < 60ms mas slope=+0.0ms/s,0.6
2026-03-30 23:10:16,CONDITIONAL,UNKNOWN,MONITORANDO: CVaR=59.0ms < 60ms mas slope=+0.0ms/s,0.6
2026-03-30 23:10:21,CONDITIONAL,UNKNOWN,MONITORANDO: CVaR=59.4ms < 60ms mas slope=+0.0ms/s,0.6
2026-03-30 23:10:26,CONDITIONAL,UNKNOWN,MONITORANDO: CVaR=59.9ms < 60ms mas slope=+0.0ms/s,0.6
2026-03-30 23:10:31,CONDITIONAL,UNKNOWN,"MONITORANDO: CVaR=60.3ms, slope=0.0ms/s",0.5
2026-03-30 23:10:36,CONDITIONAL,UNKNOWN,"MONITORANDO: CVaR=60.8ms, slope=0.0ms/s",0.5
2026-03-30 23:10:41,CONDITIONAL,UNKNOWN,"MONITORANDO: CVaR=61.2ms, slope=0.0ms/s",0.5
2026-03-30 23:10:46,CONDITIONAL,UNKNOWN,"MONITORANDO: CVaR=61.9ms, slope=0.0ms/s",0.5
2026-03-30 23:10:51,CONDITIONAL,UNKNOWN,"MONITORANDO: CVaR=62.6ms, slope=0.0ms/s",0.5
2026-03-30 23:10:56,CONDITIONAL,UNKNOWN,"MONITORANDO: CVaR=63.3ms, slope=0.0ms/s",0.5
2026-03-30 23:11:01,CONDITIONAL,UNKNOWN,"MONITORANDO: CVaR=63.9ms, slope=0.0ms/s",0.5
2026-03-30 23:11:06,CONDITIONAL,UNKNOWN,"MONITORANDO: CVaR=64.6ms, slope=0.0ms/s",0.5
2026-03-30 23:11:11,CONDITIONAL,UNKNOWN,"MONITORANDO: CVaR=64.6ms, slope=0.0ms/s",0.5
2026-03-30 23:11:16,CONDITIONAL,UNKNOWN,"MONITORANDO: CVaR=64.6ms, slope=0.0ms/s",0.5
2026-03-30 23:11:21,CONDITIONAL,UNKNOWN,"MONITORANDO: CVaR=64.6ms, slope=0.0ms/s",0.5
2026-03-30 23:11:26,CONDITIONAL,UNKNOWN,"MONITORANDO: CVaR=64.6ms, slope=0.0ms/s",0.5
2026-03-30 23:11:31,CONDITIONAL,UNKNOWN,"MONITORANDO: CVaR=64.6ms, slope=0.0ms/s",0.5
2026-03-30 23:11:36,CONDITIONAL,UNKNOWN,"MONITORANDO: CVaR=64.6ms, slope=0.0ms/s",0.5
2026-03-30 23:11:41,CONDITIONAL,UNKNOWN,"MONITORANDO: CVaR=64.6ms, slope=0.0ms/s",0.5
2026-03-30 23:11:46,CONDITIONAL,UNKNOWN,"MONITORANDO: CVaR=64.6ms, slope=0.0ms/s",0.5
2026-03-30 23:11:51,CONDITIONAL,UNKNOWN,"MONITORANDO: CVaR=64.6ms, slope=0.0ms/s",0.5
2026-03-30 23:11:56,CONDITIONAL,UNKNOWN,"MONITORANDO: CVaR=64.6ms, slope=0.0ms/s",0.5
2026-03-30 23:12:01,CONDITIONAL,UNKNOWN,"MONITORANDO: CVaR=64.6ms, slope=0.0ms/s",0.5
2026-03-30 23:12:06,CONDITIONAL,UNKNOWN,"MONITORANDO: CVaR=64.6ms, slope=0.0ms/s",0.5
2026-03-30 23:12:11,CONDITIONAL,UNKNOWN,"MONITORANDO: CVaR=64.6ms, slope=0.0ms/s",0.5
2026-03-30 23:12:16,CONDITIONAL,UNKNOWN,"MONITORANDO: CVaR=64.6ms, slope=0.0ms/s",0.5
2026-03-30 23:12:21,CONDITIONAL,UNKNOWN,"MONITORANDO: CVaR=64.6ms, slope=0.0ms/s",0.5
2026-03-30 23:12:26,CONDITIONAL,UNKNOWN,"MONITORANDO: CVaR=64.6ms, slope=0.0ms/s",0.5
2026-03-30 23:12:31,CONDITIONAL,UNKNOWN,"MONITORANDO: CVaR=64.6ms, slope=0.0ms/s",0.5
2026-03-30 23:12:36,CONDITIONAL,UNKNOWN,"MONITORANDO: CVaR=64.6ms, slope=0.0ms/s",0.5
2026-03-30 23:12:41,CONDITIONAL,UNKNOWN,"MONITORANDO: CVaR=64.6ms, slope=0.0ms/s",0.5
2026-03-30 23:12:46,CONDITIONAL,UNKNOWN,"MONITORANDO: CVaR=64.6ms, slope=0.0ms/s",0.5
2026-03-30 23:12:51,CONDITIONAL,UNKNOWN,"MONITORANDO: CVaR=64.6ms, slope=0.0ms/s",0.5
2026-03-30 23:12:56,CONDITIONAL,UNKNOWN,"MONITORANDO: CVaR=64.6ms, slope=0.0ms/s",0.5
2026-03-30 23:13:01,CONDITIONAL,UNKNOWN,"MONITORANDO: CVaR=64.6ms, slope=0.0ms/s",0.5
2026-03-30 23:13:07,CONDITIONAL,UNKNOWN,"MONITORANDO: CVaR=64.6ms, slope=0.0ms/s",0.5
2026-03-30 23:13:12,CONDITIONAL,UNKNOWN,"MONITORANDO: CVaR=64.6ms, slope=0.0ms/s",0.5
2026-03-30 23:13:17,CONDITIONAL,UNKNOWN,"MONITORANDO: CVaR=64.6ms, slope=0.0ms/s",0.5
2026-03-30 23:13:22,CONDITIONAL,UNKNOWN,"MONITORANDO: CVaR=64.6ms, slope=0.0ms/s",0.5
2026-03-30 23:13:27,CONDITIONAL,UNKNOWN,"MONITORANDO: CVaR=64.6ms, slope=0.0ms/s",0.5
2026-03-30 23:13:32,CONDITIONAL,UNKNOWN,"MONITORANDO: CVaR=64.6ms, slope=0.0ms/s",0.5
2026-03-30 23:13:37,CONDITIONAL,UNKNOWN,"MONITORANDO: CVaR=64.6ms, slope=0.0ms/s",0.5
2026-03-30 23:13:42,CONDITIONAL,UNKNOWN,"MONITORANDO: CVaR=64.6ms, slope=0.0ms/s",0.5
2026-03-30 23:13:47,CONDITIONAL,UNKNOWN,"MONITORANDO: CVaR=64.6ms, slope=0.0ms/s",0.5
2026-03-30 23:13:52,CONDITIONAL,UNKNOWN,"MONITORANDO: CVaR=64.6ms, slope=0.0ms/s",0.5
2026-03-30 23:13:57,CONDITIONAL,UNKNOWN,"MONITORANDO: CVaR=64.6ms, slope=0.0ms/s",0.5
2026-03-30 23:14:02,CONDITIONAL,UNKNOWN,"MONITORANDO: CVaR=64.6ms, slope=0.0ms/s",0.5
2026-03-30 23:14:07,CONDITIONAL,UNKNOWN,"MONITORANDO: CVaR=64.6ms, slope=0.0ms/s",0.5
2026-03-30 23:14:12,CONDITIONAL,UNKNOWN,"MONITORANDO: CVaR=64.6ms, slope=0.0ms/s",0.5
2026-03-30 23:14:17,CONDITIONAL,UNKNOWN,"MONITORANDO: CVaR=64.6ms, slope=0.0ms/s",0.5
2026-03-30 23:14:22,CONDITIONAL,UNKNOWN,"MONITORANDO: CVaR=64.6ms, slope=0.0ms/s",0.5
2026-03-30 23:14:27,CONDITIONAL,UNKNOWN,"MONITORANDO: CVaR=64.6ms, slope=-0.0ms/s",0.5
2026-03-30 23:14:32,CONDITIONAL,UNKNOWN,"MONITORANDO: CVaR=64.6ms, slope=-0.0ms/s",0.5
2026-03-30 23:14:37,CONDITIONAL,UNKNOWN,"MONITORANDO: CVaR=64.6ms, slope=-0.0ms/s",0.5
2026-03-30 23:14:42,CONDITIONAL,UNKNOWN,"MONITORANDO: CVaR=64.6ms, slope=-0.0ms/s",0.5
2026-03-30 23:14:47,CONDITIONAL,UNKNOWN,"MONITORANDO: CVaR=64.6ms, slope=-0.0ms/s",0.5
2026-03-30 23:14:52,CONDITIONAL,UNKNOWN,"MONITORANDO: CVaR=64.6ms, slope=-0.0ms/s",0.5
2026-03-30 23:14:57,CONDITIONAL,UNKNOWN,"MONITORANDO: CVaR=64.6ms, slope=-0.0ms/s",0.5
2026-03-30 23:15:02,CONDITIONAL,UNKNOWN,"MONITORANDO: CVaR=64.6ms, slope=-0.0ms/s",0.5
2026-03-30 23:15:07,CONDITIONAL,UNKNOWN,"MONITORANDO: CVaR=64.6ms, slope=-0.0ms/s",0.5
2026-03-30 23:15:12,CONDITIONAL,UNKNOWN,"MONITORANDO: CVaR=64.6ms, slope=-0.0ms/s",0.5
2026-03-30 23:15:17,CONDITIONAL,UNKNOWN,"MONITORANDO: CVaR=64.8ms, slope=-0.0ms/s",0.5
2026-03-30 23:15:22,CONDITIONAL,UNKNOWN,"MONITORANDO: CVaR=64.9ms, slope=-0.0ms/s",0.5
2026-03-30 23:15:27,CONDITIONAL,UNKNOWN,"MONITORANDO: CVaR=65.1ms, slope=-0.0ms/s",0.5
2026-03-30 23:15:32,CONDITIONAL,UNKNOWN,"MONITORANDO: CVaR=65.3ms, slope=-0.0ms/s",0.5
2026-03-30 23:15:37,CONDITIONAL,UNKNOWN,"MONITORANDO: CVaR=65.4ms, slope=-0.0ms/s",0.5
2026-03-30 23:15:42,CONDITIONAL,UNKNOWN,"MONITORANDO: CVaR=65.4ms, slope=-0.0ms/s",0.5
2026-03-30 23:15:47,CONDITIONAL,UNKNOWN,"MONITORANDO: CVaR=65.4ms, slope=-0.0ms/s",0.5
2026-03-30 23:15:52,CONDITIONAL,UNKNOWN,"MONITORANDO: CVaR=65.4ms, slope=-0.0ms/s",0.5
2026-03-30 23:15:57,CONDITIONAL,UNKNOWN,"MONITORANDO: CVaR=65.4ms, slope=-0.0ms/s",0.5
2026-03-30 23:16:02,CONDITIONAL,UNKNOWN,"MONITORANDO: CVaR=65.4ms, slope=-0.0ms/s",0.5
2026-03-30 23:16:07,CONDITIONAL,UNKNOWN,"MONITORANDO: CVaR=65.4ms, slope=-0.0ms/s",0.5
2026-03-30 23:16:12,CONDITIONAL,UNKNOWN,"MONITORANDO: CVaR=65.4ms, slope=-0.0ms/s",0.5
2026-03-30 23:16:17,CONDITIONAL,UNKNOWN,"MONITORANDO: CVaR=65.4ms, slope=-0.0ms/s",0.5
2026-03-30 23:16:22,CONDITIONAL,UNKNOWN,"MONITORANDO: CVaR=65.4ms, slope=-0.0ms/s",0.5
2026-03-30 23:16:27,CONDITIONAL,UNKNOWN,"MONITORANDO: CVaR=65.4ms, slope=-0.0ms/s",0.5
2026-03-30 23:16:33,CONDITIONAL,UNKNOWN,"MONITORANDO: CVaR=65.4ms, slope=-0.0ms/s",0.5
2026-03-30 23:16:38,CONDITIONAL,UNKNOWN,"MONITORANDO: CVaR=65.4ms, slope=-0.0ms/s",0.5
2026-03-30 23:16:43,CONDITIONAL,UNKNOWN,"MONITORANDO: CVaR=65.4ms, slope=-0.0ms/s",0.5
2026-03-30 23:16:48,CONDITIONAL,UNKNOWN,"MONITORANDO: CVaR=65.4ms, slope=-0.0ms/s",0.5
2026-03-30 23:16:53,CONDITIONAL,UNKNOWN,"MONITORANDO: CVaR=65.4ms, slope=-0.0ms/s",0.5
2026-03-30 23:16:58,CONDITIONAL,UNKNOWN,"MONITORANDO: CVaR=65.4ms, slope=-0.0ms/s",0.5
2026-03-30 23:17:03,CONDITIONAL,UNKNOWN,"MONITORANDO: CVaR=69.1ms, slope=-0.0ms/s",0.5
2026-03-30 23:17:08,CONDITIONAL,UNKNOWN,"MONITORANDO: CVaR=72.8ms, slope=-0.0ms/s",0.5
2026-03-30 23:17:13,CONDITIONAL,UNKNOWN,"MONITORANDO: CVaR=76.5ms, slope=-0.0ms/s",0.5
2026-03-30 23:17:18,BLOCKED,UNKNOWN,CRÍTICO: CVaR=80.2ms ≥ 80ms - SLA em risco!,1.0
2026-03-30 23:17:23,BLOCKED,UNKNOWN,CRÍTICO: CVaR=83.9ms ≥ 80ms - SLA em risco!,1.0
2026-03-30 23:17:28,BLOCKED,UNKNOWN,CRÍTICO: CVaR=83.9ms ≥ 80ms - SLA em risco!,1.0
2026-03-30 23:17:33,BLOCKED,UNKNOWN,CRÍTICO: CVaR=83.9ms ≥ 80ms - SLA em risco!,1.0
2026-03-30 23:17:38,BLOCKED,UNKNOWN,CRÍTICO: CVaR=83.9ms ≥ 80ms - SLA em risco!,1.0
2026-03-30 23:17:43,BLOCKED,UNKNOWN,CRÍTICO: CVaR=83.9ms ≥ 80ms - SLA em risco!,1.0
2026-03-30 23:17:48,BLOCKED,UNKNOWN,CRÍTICO: CVaR=83.9ms ≥ 80ms - SLA em risco!,1.0
2026-03-30 23:17:53,BLOCKED,UNKNOWN,CRÍTICO: CVaR=83.9ms ≥ 80ms - SLA em risco!,1.0
2026-03-30 23:17:58,BLOCKED,UNKNOWN,CRÍTICO: CVaR=83.9ms ≥ 80ms - SLA em risco!,1.0
2026-03-30 23:18:03,BLOCKED,UNKNOWN,CRÍTICO: CVaR=83.9ms ≥ 80ms - SLA em risco!,1.0
2026-03-30 23:18:08,BLOCKED,UNKNOWN,CRÍTICO: CVaR=83.9ms ≥ 80ms - SLA em risco!,1.0
2026-03-30 23:18:13,BLOCKED,UNKNOWN,CRÍTICO: CVaR=83.9ms ≥ 80ms - SLA em risco!,1.0
2026-03-30 23:18:18,BLOCKED,UNKNOWN,CRÍTICO: CVaR=83.9ms ≥ 80ms - SLA em risco!,1.0
2026-03-30 23:18:23,BLOCKED,UNKNOWN,CRÍTICO: CVaR=83.9ms ≥ 80ms - SLA em risco!,1.0
2026-03-30 23:18:28,BLOCKED,UNKNOWN,CRÍTICO: CVaR=83.9ms ≥ 80ms - SLA em risco!,1.0
2026-03-30 23:18:33,BLOCKED,UNKNOWN,CRÍTICO: CVaR=84.2ms ≥ 80ms - SLA em risco!,1.0
2026-03-30 23:18:39,BLOCKED,UNKNOWN,CRÍTICO: CVaR=84.5ms ≥ 80ms - SLA em risco!,1.0
2026-03-30 23:18:44,BLOCKED,UNKNOWN,CRÍTICO: CVaR=84.8ms ≥ 80ms - SLA em risco!,1.0
2026-03-30 23:18:49,BLOCKED,UNKNOWN,CRÍTICO: CVaR=85.1ms ≥ 80ms - SLA em risco!,1.0
2026-03-30 23:18:54,BLOCKED,UNKNOWN,CRÍTICO: CVaR=85.4ms ≥ 80ms - SLA em risco!,1.0
2026-03-30 23:18:59,BLOCKED,UNKNOWN,CRÍTICO: CVaR=85.4ms ≥ 80ms - SLA em risco!,1.0
2026-03-30 23:19:04,BLOCKED,UNKNOWN,CRÍTICO: CVaR=85.4ms ≥ 80ms - SLA em risco!,1.0
2026-03-30 23:19:09,BLOCKED,UNKNOWN,CRÍTICO: CVaR=85.4ms ≥ 80ms - SLA em risco!,1.0
2026-03-30 23:19:14,BLOCKED,UNKNOWN,CRÍTICO: CVaR=85.4ms ≥ 80ms - SLA em risco!,1.0
2026-03-30 23:19:19,BLOCKED,UNKNOWN,CRÍTICO: CVaR=85.4ms ≥ 80ms - SLA em risco!,1.0
2026-03-30 23:19:24,BLOCKED,UNKNOWN,CRÍTICO: CVaR=85.4ms ≥ 80ms - SLA em risco!,1.0
2026-03-30 23:19:29,BLOCKED,UNKNOWN,CRÍTICO: CVaR=85.4ms ≥ 80ms - SLA em risco!,1.0
2026-03-30 23:19:34,BLOCKED,UNKNOWN,CRÍTICO: CVaR=85.4ms ≥ 80ms - SLA em risco!,1.0
2026-03-30 23:19:39,BLOCKED,UNKNOWN,CRÍTICO: CVaR=85.4ms ≥ 80ms - SLA em risco!,1.0
2026-03-30 23:19:44,BLOCKED,UNKNOWN,CRÍTICO: CVaR=85.4ms ≥ 80ms - SLA em risco!,1.0
2026-03-30 23:19:49,BLOCKED,UNKNOWN,CRÍTICO: CVaR=85.4ms ≥ 80ms - SLA em risco!,1.0
2026-03-30 23:19:54,BLOCKED,UNKNOWN,CRÍTICO: CVaR=85.4ms ≥ 80ms - SLA em risco!,1.0
2026-03-30 23:19:59,BLOCKED,UNKNOWN,CRÍTICO: CVaR=85.4ms ≥ 80ms - SLA em risco!,1.0
2026-03-30 23:20:04,BLOCKED,UNKNOWN,CRÍTICO: CVaR=85.4ms ≥ 80ms - SLA em risco!,1.0
2026-03-30 23:20:09,BLOCKED,UNKNOWN,CRÍTICO: CVaR=85.4ms ≥ 80ms - SLA em risco!,1.0
2026-03-30 23:20:14,BLOCKED,UNKNOWN,CRÍTICO: CVaR=85.4ms ≥ 80ms - SLA em risco!,1.0
2026-03-30 23:20:19,BLOCKED,UNKNOWN,CRÍTICO: CVaR=85.4ms ≥ 80ms - SLA em risco!,1.0
2026-03-30 23:20:24,BLOCKED,UNKNOWN,CRÍTICO: CVaR=85.4ms ≥ 80ms - SLA em risco!,1.0
2026-03-30 23:20:29,BLOCKED,UNKNOWN,CRÍTICO: CVaR=85.4ms ≥ 80ms - SLA em risco!,1.0
2026-03-30 23:20:34,BLOCKED,UNKNOWN,CRÍTICO: CVaR=85.4ms ≥ 80ms - SLA em risco!,1.0
2026-03-30 23:20:39,BLOCKED,UNKNOWN,CRÍTICO: CVaR=85.4ms ≥ 80ms - SLA em risco!,1.0
2026-03-30 23:20:44,BLOCKED,UNKNOWN,CRÍTICO: CVaR=85.4ms ≥ 80ms - SLA em risco!,1.0
2026-03-30 23:20:49,BLOCKED,UNKNOWN,CRÍTICO: CVaR=85.4ms ≥ 80ms - SLA em risco!,1.0
2026-03-30 23:20:54,BLOCKED,UNKNOWN,CRÍTICO: CVaR=85.4ms ≥ 80ms - SLA em risco!,1.0
2026-03-30 23:20:59,BLOCKED,UNKNOWN,CRÍTICO: CVaR=85.4ms ≥ 80ms - SLA em risco!,1.0
2026-03-30 23:21:04,BLOCKED,UNKNOWN,CRÍTICO: CVaR=85.4ms ≥ 80ms - SLA em risco!,1.0
2026-03-30 23:21:09,BLOCKED,UNKNOWN,CRÍTICO: CVaR=85.4ms ≥ 80ms - SLA em risco!,1.0
2026-03-30 23:21:14,BLOCKED,UNKNOWN,CRÍTICO: CVaR=85.4ms ≥ 80ms - SLA em risco!,1.0
2026-03-30 23:21:19,BLOCKED,UNKNOWN,CRÍTICO: CVaR=85.4ms ≥ 80ms - SLA em risco!,1.0
2026-03-30 23:21:24,BLOCKED,UNKNOWN,CRÍTICO: CVaR=85.4ms ≥ 80ms - SLA em risco!,1.0
2026-03-30 23:21:29,BLOCKED,UNKNOWN,CRÍTICO: CVaR=85.4ms ≥ 80ms - SLA em risco!,1.0
2026-03-30 23:21:34,BLOCKED,UNKNOWN,CRÍTICO: CVaR=85.4ms ≥ 80ms - SLA em risco!,1.0
2026-03-30 23:21:39,BLOCKED,UNKNOWN,CRÍTICO: CVaR=85.4ms ≥ 80ms - SLA em risco!,1.0
2026-03-30 23:21:44,BLOCKED,UNKNOWN,CRÍTICO: CVaR=85.4ms ≥ 80ms - SLA em risco!,1.0
2026-03-30 23:21:49,BLOCKED,UNKNOWN,CRÍTICO: CVaR=85.4ms ≥ 80ms - SLA em risco!,1.0
2026-03-30 23:21:55,BLOCKED,UNKNOWN,CRÍTICO: CVaR=85.4ms ≥ 80ms - SLA em risco!,1.0
2026-03-30 23:22:00,BLOCKED,UNKNOWN,CRÍTICO: CVaR=85.4ms ≥ 80ms - SLA em risco!,1.0
2026-03-30 23:22:05,BLOCKED,UNKNOWN,CRÍTICO: CVaR=85.4ms ≥ 80ms - SLA em risco!,1.0
2026-03-30 23:22:10,BLOCKED,UNKNOWN,CRÍTICO: CVaR=85.4ms ≥ 80ms - SLA em risco!,1.0
2026-03-30 23:22:15,BLOCKED,UNKNOWN,CRÍTICO: CVaR=85.4ms ≥ 80ms - SLA em risco!,1.0
2026-03-30 23:22:20,BLOCKED,UNKNOWN,CRÍTICO: CVaR=85.4ms ≥ 80ms - SLA em risco!,1.0
2026-03-30 23:22:25,BLOCKED,UNKNOWN,CRÍTICO: CVaR=89.5ms ≥ 80ms - SLA em risco!,1.0
2026-03-30 23:22:30,BLOCKED,UNKNOWN,CRÍTICO: CVaR=93.6ms ≥ 80ms - SLA em risco!,1.0
2026-03-30 23:22:35,BLOCKED,UNKNOWN,CRÍTICO: CVaR=97.7ms ≥ 80ms - SLA em risco!,1.0
2026-03-30 23:22:40,BLOCKED,UNKNOWN,CRÍTICO: CVaR=101.7ms ≥ 80ms - SLA em risco!,1.0
2026-03-30 23:22:45,BLOCKED,UNKNOWN,CRÍTICO: CVaR=105.8ms ≥ 80ms - SLA em risco!,1.0
2026-03-30 23:22:50,BLOCKED,UNKNOWN,CRÍTICO: CVaR=105.8ms ≥ 80ms - SLA em risco!,1.0
2026-03-30 23:22:55,BLOCKED,UNKNOWN,CRÍTICO: CVaR=105.8ms ≥ 80ms - SLA em risco!,1.0
2026-03-30 23:23:00,BLOCKED,UNKNOWN,CRÍTICO: CVaR=105.8ms ≥ 80ms - SLA em risco!,1.0
2026-03-30 23:23:05,BLOCKED,UNKNOWN,CRÍTICO: CVaR=105.8ms ≥ 80ms - SLA em risco!,1.0
2026-03-30 23:23:10,BLOCKED,UNKNOWN,CRÍTICO: CVaR=105.8ms ≥ 80ms - SLA em risco!,1.0
2026-03-30 23:23:15,BLOCKED,UNKNOWN,CRÍTICO: CVaR=105.8ms ≥ 80ms - SLA em risco!,1.0
2026-03-30 23:23:20,BLOCKED,UNKNOWN,CRÍTICO: CVaR=105.8ms ≥ 80ms - SLA em risco!,1.0
2026-03-30 23:23:25,BLOCKED,UNKNOWN,CRÍTICO: CVaR=105.8ms ≥ 80ms - SLA em risco!,1.0
2026-03-30 23:23:30,BLOCKED,UNKNOWN,CRÍTICO: CVaR=105.8ms ≥ 80ms - SLA em risco!,1.0
2026-03-30 23:23:35,BLOCKED,UNKNOWN,CRÍTICO: CVaR=105.8ms ≥ 80ms - SLA em risco!,1.0
2026-03-30 23:23:40,BLOCKED,UNKNOWN,CRÍTICO: CVaR=105.8ms ≥ 80ms - SLA em risco!,1.0
2026-03-30 23:23:45,BLOCKED,UNKNOWN,CRÍTICO: CVaR=105.8ms ≥ 80ms - SLA em risco!,1.0
2026-03-30 23:23:50,BLOCKED,UNKNOWN,CRÍTICO: CVaR=105.8ms ≥ 80ms - SLA em risco!,1.0
2026-03-30 23:23:55,BLOCKED,UNKNOWN,CRÍTICO: CVaR=105.8ms ≥ 80ms - SLA em risco!,1.0
2026-03-30 23:24:00,BLOCKED,UNKNOWN,CRÍTICO: CVaR=105.8ms ≥ 80ms - SLA em risco!,1.0
2026-03-30 23:24:05,BLOCKED,UNKNOWN,CRÍTICO: CVaR=105.8ms ≥ 80ms - SLA em risco!,1.0
2026-03-30 23:24:10,BLOCKED,UNKNOWN,CRÍTICO: CVaR=105.8ms ≥ 80ms - SLA em risco!,1.0
2026-03-30 23:24:15,BLOCKED,UNKNOWN,CRÍTICO: CVaR=105.8ms ≥ 80ms - SLA em risco!,1.0
2026-03-30 23:24:20,BLOCKED,UNKNOWN,CRÍTICO: CVaR=105.8ms ≥ 80ms - SLA em risco!,1.0
2026-03-30 23:24:25,BLOCKED,UNKNOWN,CRÍTICO: CVaR=105.8ms ≥ 80ms - SLA em risco!,1.0
2026-03-30 23:24:30,BLOCKED,UNKNOWN,CRÍTICO: CVaR=105.8ms ≥ 80ms - SLA em risco!,1.0
2026-03-30 23:24:35,BLOCKED,UNKNOWN,CRÍTICO: CVaR=105.8ms ≥ 80ms - SLA em risco!,1.0
2026-03-30 23:24:40,BLOCKED,UNKNOWN,CRÍTICO: CVaR=105.8ms ≥ 80ms - SLA em risco!,1.0
2026-03-30 23:24:45,BLOCKED,UNKNOWN,CRÍTICO: CVaR=105.8ms ≥ 80ms - SLA em risco!,1.0
2026-03-30 23:24:50,BLOCKED,UNKNOWN,CRÍTICO: CVaR=105.8ms ≥ 80ms - SLA em risco!,1.0
2026-03-30 23:24:56,BLOCKED,UNKNOWN,CRÍTICO: CVaR=105.8ms ≥ 80ms - SLA em risco!,1.0
2026-03-30 23:25:01,BLOCKED,UNKNOWN,CRÍTICO: CVaR=105.8ms ≥ 80ms - SLA em risco!,1.0
2026-03-30 23:25:06,BLOCKED,UNKNOWN,CRÍTICO: CVaR=105.8ms ≥ 80ms - SLA em risco!,1.0
2026-03-30 23:25:11,BLOCKED,UNKNOWN,CRÍTICO: CVaR=105.8ms ≥ 80ms - SLA em risco!,1.0
2026-03-30 23:25:16,BLOCKED,UNKNOWN,CRÍTICO: CVaR=105.8ms ≥ 80ms - SLA em risco!,1.0
2026-03-30 23:25:21,BLOCKED,UNKNOWN,CRÍTICO: CVaR=105.8ms ≥ 80ms - SLA em risco!,1.0
2026-03-30 23:25:26,BLOCKED,UNKNOWN,CRÍTICO: CVaR=105.8ms ≥ 80ms - SLA em risco!,1.0
2026-03-30 23:25:31,BLOCKED,UNKNOWN,CRÍTICO: CVaR=105.8ms ≥ 80ms - SLA em risco!,1.0
2026-03-30 23:25:36,BLOCKED,UNKNOWN,CRÍTICO: CVaR=105.8ms ≥ 80ms - SLA em risco!,1.0
2026-03-30 23:25:41,BLOCKED,UNKNOWN,CRÍTICO: CVaR=105.8ms ≥ 80ms - SLA em risco!,1.0
2026-03-30 23:25:46,BLOCKED,UNKNOWN,CRÍTICO: CVaR=105.8ms ≥ 80ms - SLA em risco!,1.0
2026-03-30 23:25:51,BLOCKED,UNKNOWN,CRÍTICO: CVaR=105.8ms ≥ 80ms - SLA em risco!,1.0
2026-03-30 23:25:56,BLOCKED,UNKNOWN,CRÍTICO: CVaR=105.8ms ≥ 80ms - SLA em risco!,1.0
2026-03-30 23:26:01,BLOCKED,UNKNOWN,CRÍTICO: CVaR=105.8ms ≥ 80ms - SLA em risco!,1.0
2026-03-30 23:26:06,BLOCKED,UNKNOWN,CRÍTICO: CVaR=105.8ms ≥ 80ms - SLA em risco!,1.0
2026-03-30 23:26:11,BLOCKED,UNKNOWN,CRÍTICO: CVaR=105.8ms ≥ 80ms - SLA em risco!,1.0
2026-03-30 23:26:16,BLOCKED,UNKNOWN,CRÍTICO: CVaR=105.8ms ≥ 80ms - SLA em risco!,1.0
2026-03-30 23:26:21,BLOCKED,UNKNOWN,CRÍTICO: CVaR=105.8ms ≥ 80ms - SLA em risco!,1.0
2026-03-30 23:26:26,BLOCKED,UNKNOWN,CRÍTICO: CVaR=105.8ms ≥ 80ms - SLA em risco!,1.0
2026-03-30 23:26:31,BLOCKED,UNKNOWN,CRÍTICO: CVaR=105.8ms ≥ 80ms - SLA em risco!,1.0
2026-03-30 23:26:36,BLOCKED,UNKNOWN,CRÍTICO: CVaR=105.8ms ≥ 80ms - SLA em risco!,1.0
2026-03-30 23:26:41,BLOCKED,UNKNOWN,CRÍTICO: CVaR=105.8ms ≥ 80ms - SLA em risco!,1.0
2026-03-30 23:26:46,BLOCKED,UNKNOWN,CRÍTICO: CVaR=105.8ms ≥ 80ms - SLA em risco!,1.0
2026-03-30 23:26:51,BLOCKED,UNKNOWN,CRÍTICO: CVaR=105.8ms ≥ 80ms - SLA em risco!,1.0
2026-03-30 23:26:56,BLOCKED,UNKNOWN,CRÍTICO: CVaR=105.8ms ≥ 80ms - SLA em risco!,1.0
2026-03-30 23:27:01,BLOCKED,UNKNOWN,CRÍTICO: CVaR=105.8ms ≥ 80ms - SLA em risco!,1.0
2026-03-30 23:27:06,BLOCKED,UNKNOWN,CRÍTICO: CVaR=105.8ms ≥ 80ms - SLA em risco!,1.0
2026-03-30 23:27:11,BLOCKED,UNKNOWN,CRÍTICO: CVaR=105.8ms ≥ 80ms - SLA em risco!,1.0
2026-03-30 23:27:16,BLOCKED,UNKNOWN,CRÍTICO: CVaR=105.8ms ≥ 80ms - SLA em risco!,1.0
2026-03-30 23:27:21,BLOCKED,UNKNOWN,CRÍTICO: CVaR=105.8ms ≥ 80ms - SLA em risco!,1.0
2026-03-30 23:27:26,BLOCKED,UNKNOWN,CRÍTICO: CVaR=105.8ms ≥ 80ms - SLA em risco!,1.0
2026-03-30 23:27:31,BLOCKED,UNKNOWN,CRÍTICO: CVaR=105.8ms ≥ 80ms - SLA em risco!,1.0
2026-03-30 23:27:36,BLOCKED,UNKNOWN,CRÍTICO: CVaR=105.8ms ≥ 80ms - SLA em risco!,1.0
2026-03-30 23:27:41,BLOCKED,UNKNOWN,CRÍTICO: CVaR=105.8ms ≥ 80ms - SLA em risco!,1.0
2026-03-30 23:27:46,BLOCKED,UNKNOWN,CRÍTICO: CVaR=105.8ms ≥ 80ms - SLA em risco!,1.0
2026-03-30 23:27:51,BLOCKED,UNKNOWN,CRÍTICO: CVaR=105.8ms ≥ 80ms - SLA em risco!,1.0
2026-03-30 23:27:57,BLOCKED,UNKNOWN,CRÍTICO: CVaR=105.8ms ≥ 80ms - SLA em risco!,1.0
2026-03-30 23:28:02,BLOCKED,UNKNOWN,CRÍTICO: CVaR=105.8ms ≥ 80ms - SLA em risco!,1.0
2026-03-30 23:28:07,BLOCKED,UNKNOWN,CRÍTICO: CVaR=105.8ms ≥ 80ms - SLA em risco!,1.0
2026-03-30 23:28:12,BLOCKED,UNKNOWN,CRÍTICO: CVaR=105.8ms ≥ 80ms - SLA em risco!,1.0
2026-03-30 23:28:17,BLOCKED,UNKNOWN,CRÍTICO: CVaR=105.8ms ≥ 80ms - SLA em risco!,1.0
2026-03-30 23:28:22,BLOCKED,UNKNOWN,CRÍTICO: CVaR=105.9ms ≥ 80ms - SLA em risco!,1.0
2026-03-30 23:28:27,BLOCKED,UNKNOWN,CRÍTICO: CVaR=106.0ms ≥ 80ms - SLA em risco!,1.0
2026-03-30 23:28:32,BLOCKED,UNKNOWN,CRÍTICO: CVaR=106.1ms ≥ 80ms - SLA em risco!,1.0
2026-03-30 23:28:37,BLOCKED,UNKNOWN,CRÍTICO: CVaR=106.2ms ≥ 80ms - SLA em risco!,1.0
2026-03-30 23:28:42,BLOCKED,UNKNOWN,CRÍTICO: CVaR=106.3ms ≥ 80ms - SLA em risco!,1.0
2026-03-30 23:28:47,BLOCKED,UNKNOWN,CRÍTICO: CVaR=106.3ms ≥ 80ms - SLA em risco!,1.0
2026-03-30 23:28:52,BLOCKED,UNKNOWN,CRÍTICO: CVaR=106.3ms ≥ 80ms - SLA em risco!,1.0
2026-03-30 23:28:57,BLOCKED,UNKNOWN,CRÍTICO: CVaR=106.3ms ≥ 80ms - SLA em risco!,1.0
2026-03-30 23:29:02,BLOCKED,UNKNOWN,CRÍTICO: CVaR=106.3ms ≥ 80ms - SLA em risco!,1.0
2026-03-30 23:29:07,BLOCKED,UNKNOWN,CRÍTICO: CVaR=106.3ms ≥ 80ms - SLA em risco!,1.0
2026-03-30 23:29:12,BLOCKED,UNKNOWN,CRÍTICO: CVaR=106.3ms ≥ 80ms - SLA em risco!,1.0
2026-03-30 23:29:17,BLOCKED,UNKNOWN,CRÍTICO: CVaR=106.3ms ≥ 80ms - SLA em risco!,1.0
2026-03-30 23:29:22,BLOCKED,UNKNOWN,CRÍTICO: CVaR=106.3ms ≥ 80ms - SLA em risco!,1.0
2026-03-30 23:29:27,BLOCKED,UNKNOWN,CRÍTICO: CVaR=106.3ms ≥ 80ms - SLA em risco!,1.0
2026-03-30 23:29:32,BLOCKED,UNKNOWN,CRÍTICO: CVaR=106.3ms ≥ 80ms - SLA em risco!,1.0
2026-03-30 23:29:37,BLOCKED,UNKNOWN,CRÍTICO: CVaR=106.3ms ≥ 80ms - SLA em risco!,1.0
2026-03-30 23:29:42,BLOCKED,UNKNOWN,CRÍTICO: CVaR=106.3ms ≥ 80ms - SLA em risco!,1.0
2026-03-30 23:29:47,BLOCKED,UNKNOWN,CRÍTICO: CVaR=106.3ms ≥ 80ms - SLA em risco!,1.0
2026-03-30 23:29:52,BLOCKED,UNKNOWN,CRÍTICO: CVaR=106.3ms ≥ 80ms - SLA em risco!,1.0
2026-03-30 23:29:57,BLOCKED,UNKNOWN,CRÍTICO: CVaR=106.3ms ≥ 80ms - SLA em risco!,1.0
2026-03-30 23:30:02,BLOCKED,UNKNOWN,CRÍTICO: CVaR=106.3ms ≥ 80ms - SLA em risco!,1.0
2026-03-30 23:30:07,BLOCKED,UNKNOWN,CRÍTICO: CVaR=106.3ms ≥ 80ms - SLA em risco!,1.0
2026-03-30 23:30:12,BLOCKED,UNKNOWN,CRÍTICO: CVaR=106.3ms ≥ 80ms - SLA em risco!,1.0
2026-03-30 23:30:17,BLOCKED,UNKNOWN,CRÍTICO: CVaR=106.3ms ≥ 80ms - SLA em risco!,1.0
2026-03-30 23:30:22,BLOCKED,UNKNOWN,CRÍTICO: CVaR=106.3ms ≥ 80ms - SLA em risco!,1.0
2026-03-30 23:30:27,BLOCKED,UNKNOWN,CRÍTICO: CVaR=106.3ms ≥ 80ms - SLA em risco!,1.0
2026-03-30 23:30:32,BLOCKED,UNKNOWN,CRÍTICO: CVaR=106.3ms ≥ 80ms - SLA em risco!,1.0
2026-03-30 23:30:37,BLOCKED,UNKNOWN,CRÍTICO: CVaR=106.3ms ≥ 80ms - SLA em risco!,1.0
2026-03-30 23:30:42,BLOCKED,UNKNOWN,CRÍTICO: CVaR=106.3ms ≥ 80ms - SLA em risco!,1.0
2026-03-30 23:30:47,BLOCKED,UNKNOWN,CRÍTICO: CVaR=106.3ms ≥ 80ms - SLA em risco!,1.0
2026-03-30 23:30:52,BLOCKED,UNKNOWN,CRÍTICO: CVaR=106.3ms ≥ 80ms - SLA em risco!,1.0
2026-03-30 23:30:58,BLOCKED,UNKNOWN,CRÍTICO: CVaR=106.3ms ≥ 80ms - SLA em risco!,1.0
2026-03-30 23:31:03,BLOCKED,UNKNOWN,CRÍTICO: CVaR=106.3ms ≥ 80ms - SLA em risco!,1.0
2026-03-30 23:31:08,BLOCKED,UNKNOWN,CRÍTICO: CVaR=106.3ms ≥ 80ms - SLA em risco!,1.0
2026-03-30 23:31:13,BLOCKED,UNKNOWN,CRÍTICO: CVaR=106.3ms ≥ 80ms - SLA em risco!,1.0
2026-03-30 23:31:18,BLOCKED,UNKNOWN,CRÍTICO: CVaR=106.3ms ≥ 80ms - SLA em risco!,1.0
2026-03-30 23:31:23,BLOCKED,UNKNOWN,CRÍTICO: CVaR=106.3ms ≥ 80ms - SLA em risco!,1.0
2026-03-30 23:31:28,BLOCKED,UNKNOWN,CRÍTICO: CVaR=106.3ms ≥ 80ms - SLA em risco!,1.0
2026-03-30 23:31:33,BLOCKED,UNKNOWN,CRÍTICO: CVaR=106.3ms ≥ 80ms - SLA em risco!,1.0
2026-03-30 23:31:38,BLOCKED,UNKNOWN,CRÍTICO: CVaR=106.3ms ≥ 80ms - SLA em risco!,1.0
2026-03-30 23:31:43,BLOCKED,UNKNOWN,CRÍTICO: CVaR=106.3ms ≥ 80ms - SLA em risco!,1.0
2026-03-30 23:31:48,BLOCKED,UNKNOWN,CRÍTICO: CVaR=106.3ms ≥ 80ms - SLA em risco!,1.0
2026-03-30 23:31:53,BLOCKED,UNKNOWN,CRÍTICO: CVaR=106.3ms ≥ 80ms - SLA em risco!,1.0
2026-03-30 23:31:58,BLOCKED,UNKNOWN,CRÍTICO: CVaR=106.3ms ≥ 80ms - SLA em risco!,1.0
2026-03-30 23:32:03,BLOCKED,UNKNOWN,CRÍTICO: CVaR=106.3ms ≥ 80ms - SLA em risco!,1.0
2026-03-30 23:32:08,BLOCKED,UNKNOWN,CRÍTICO: CVaR=106.3ms ≥ 80ms - SLA em risco!,1.0
2026-03-30 23:32:13,BLOCKED,UNKNOWN,CRÍTICO: CVaR=106.3ms ≥ 80ms - SLA em risco!,1.0
2026-03-30 23:32:18,BLOCKED,UNKNOWN,CRÍTICO: CVaR=106.3ms ≥ 80ms - SLA em risco!,1.0
2026-03-30 23:32:23,BLOCKED,UNKNOWN,CRÍTICO: CVaR=106.3ms ≥ 80ms - SLA em risco!,1.0
2026-03-30 23:32:28,BLOCKED,UNKNOWN,CRÍTICO: CVaR=106.3ms ≥ 80ms - SLA em risco!,1.0
2026-03-30 23:32:33,BLOCKED,UNKNOWN,CRÍTICO: CVaR=106.3ms ≥ 80ms - SLA em risco!,1.0
2026-03-30 23:32:38,BLOCKED,UNKNOWN,CRÍTICO: CVaR=106.3ms ≥ 80ms - SLA em risco!,1.0
2026-03-30 23:32:43,BLOCKED,UNKNOWN,CRÍTICO: CVaR=106.3ms ≥ 80ms - SLA em risco!,1.0
2026-03-30 23:32:48,BLOCKED,UNKNOWN,CRÍTICO: CVaR=106.3ms ≥ 80ms - SLA em risco!,1.0
2026-03-30 23:32:53,BLOCKED,UNKNOWN,CRÍTICO: CVaR=106.3ms ≥ 80ms - SLA em risco!,1.0
2026-03-30 23:32:58,BLOCKED,UNKNOWN,CRÍTICO: CVaR=106.3ms ≥ 80ms - SLA em risco!,1.0
2026-03-30 23:33:03,BLOCKED,UNKNOWN,CRÍTICO: CVaR=106.3ms ≥ 80ms - SLA em risco!,1.0
2026-03-30 23:33:08,BLOCKED,UNKNOWN,CRÍTICO: CVaR=106.3ms ≥ 80ms - SLA em risco!,1.0
2026-03-30 23:33:13,BLOCKED,UNKNOWN,CRÍTICO: CVaR=106.3ms ≥ 80ms - SLA em risco!,1.0
2026-03-30 23:33:18,BLOCKED,UNKNOWN,CRÍTICO: CVaR=106.3ms ≥ 80ms - SLA em risco!,1.0
2026-03-30 23:33:23,BLOCKED,UNKNOWN,CRÍTICO: CVaR=106.3ms ≥ 80ms - SLA em risco!,1.0
2026-03-30 23:33:28,BLOCKED,UNKNOWN,CRÍTICO: CVaR=106.3ms ≥ 80ms - SLA em risco!,1.0
2026-03-30 23:33:33,BLOCKED,UNKNOWN,CRÍTICO: CVaR=106.3ms ≥ 80ms - SLA em risco!,1.0
2026-03-30 23:33:38,BLOCKED,UNKNOWN,CRÍTICO: CVaR=106.3ms ≥ 80ms - SLA em risco!,1.0
2026-03-30 23:33:43,BLOCKED,UNKNOWN,CRÍTICO: CVaR=106.3ms ≥ 80ms - SLA em risco!,1.0
2026-03-30 23:33:48,BLOCKED,UNKNOWN,CRÍTICO: CVaR=106.3ms ≥ 80ms - SLA em risco!,1.0
2026-03-30 23:33:53,BLOCKED,UNKNOWN,CRÍTICO: CVaR=106.3ms ≥ 80ms - SLA em risco!,1.0
2026-03-30 23:33:59,BLOCKED,UNKNOWN,CRÍTICO: CVaR=106.3ms ≥ 80ms - SLA em risco!,1.0
2026-03-30 23:34:04,BLOCKED,UNKNOWN,CRÍTICO: CVaR=106.3ms ≥ 80ms - SLA em risco!,1.0
2026-03-30 23:34:09,BLOCKED,UNKNOWN,CRÍTICO: CVaR=106.3ms ≥ 80ms - SLA em risco!,1.0
2026-03-30 23:34:14,BLOCKED,UNKNOWN,CRÍTICO: CVaR=106.3ms ≥ 80ms - SLA em risco!,1.0
2026-03-30 23:34:19,BLOCKED,UNKNOWN,CRÍTICO: CVaR=106.3ms ≥ 80ms - SLA em risco!,1.0
2026-03-30 23:34:24,BLOCKED,UNKNOWN,CRÍTICO: CVaR=106.3ms ≥ 80ms - SLA em risco!,1.0
2026-03-30 23:34:29,BLOCKED,UNKNOWN,CRÍTICO: CVaR=106.3ms ≥ 80ms - SLA em risco!,1.0
2026-03-30 23:34:34,BLOCKED,UNKNOWN,CRÍTICO: CVaR=106.3ms ≥ 80ms - SLA em risco!,1.0
2026-03-30 23:34:39,BLOCKED,UNKNOWN,CRÍTICO: CVaR=106.3ms ≥ 80ms - SLA em risco!,1.0
2026-03-30 23:34:44,BLOCKED,UNKNOWN,CRÍTICO: CVaR=106.3ms ≥ 80ms - SLA em risco!,1.0
2026-03-30 23:34:49,BLOCKED,UNKNOWN,CRÍTICO: CVaR=106.3ms ≥ 80ms - SLA em risco!,1.0
2026-03-30 23:34:54,BLOCKED,UNKNOWN,CRÍTICO: CVaR=106.3ms ≥ 80ms - SLA em risco!,1.0
2026-03-30 23:34:59,BLOCKED,UNKNOWN,CRÍTICO: CVaR=106.3ms ≥ 80ms - SLA em risco!,1.0
2026-03-30 23:35:04,BLOCKED,UNKNOWN,CRÍTICO: CVaR=106.3ms ≥ 80ms - SLA em risco!,1.0
2026-03-30 23:35:09,BLOCKED,UNKNOWN,CRÍTICO: CVaR=106.3ms ≥ 80ms - SLA em risco!,1.0
2026-03-30 23:35:14,BLOCKED,UNKNOWN,CRÍTICO: CVaR=106.3ms ≥ 80ms - SLA em risco!,1.0
2026-03-30 23:35:19,BLOCKED,UNKNOWN,CRÍTICO: CVaR=106.3ms ≥ 80ms - SLA em risco!,1.0
2026-03-30 23:35:24,BLOCKED,UNKNOWN,CRÍTICO: CVaR=106.3ms ≥ 80ms - SLA em risco!,1.0
2026-03-30 23:35:29,BLOCKED,UNKNOWN,CRÍTICO: CVaR=106.3ms ≥ 80ms - SLA em risco!,1.0
2026-03-30 23:35:34,BLOCKED,UNKNOWN,CRÍTICO: CVaR=106.3ms ≥ 80ms - SLA em risco!,1.0
2026-03-30 23:35:39,BLOCKED,UNKNOWN,CRÍTICO: CVaR=106.3ms ≥ 80ms - SLA em risco!,1.0
2026-03-30 23:35:44,BLOCKED,UNKNOWN,CRÍTICO: CVaR=106.3ms ≥ 80ms - SLA em risco!,1.0
2026-03-30 23:35:49,BLOCKED,UNKNOWN,CRÍTICO: CVaR=106.3ms ≥ 80ms - SLA em risco!,1.0
2026-03-30 23:35:54,BLOCKED,UNKNOWN,CRÍTICO: CVaR=106.3ms ≥ 80ms - SLA em risco!,1.0
2026-03-30 23:35:59,BLOCKED,UNKNOWN,CRÍTICO: CVaR=106.3ms ≥ 80ms - SLA em risco!,1.0
2026-03-30 23:36:04,BLOCKED,UNKNOWN,CRÍTICO: CVaR=106.3ms ≥ 80ms - SLA em risco!,1.0
2026-03-30 23:36:09,BLOCKED,UNKNOWN,CRÍTICO: CVaR=106.3ms ≥ 80ms - SLA em risco!,1.0
2026-03-30 23:36:14,BLOCKED,UNKNOWN,CRÍTICO: CVaR=106.3ms ≥ 80ms - SLA em risco!,1.0
2026-03-30 23:36:19,BLOCKED,UNKNOWN,CRÍTICO: CVaR=106.3ms ≥ 80ms - SLA em risco!,1.0
2026-03-30 23:36:24,BLOCKED,UNKNOWN,CRÍTICO: CVaR=106.3ms ≥ 80ms - SLA em risco!,1.0
2026-03-30 23:36:29,BLOCKED,UNKNOWN,CRÍTICO: CVaR=106.3ms ≥ 80ms - SLA em risco!,1.0
2026-03-30 23:36:34,BLOCKED,UNKNOWN,CRÍTICO: CVaR=106.3ms ≥ 80ms - SLA em risco!,1.0
2026-03-30 23:36:39,BLOCKED,UNKNOWN,CRÍTICO: CVaR=106.3ms ≥ 80ms - SLA em risco!,1.0
2026-03-30 23:36:44,BLOCKED,UNKNOWN,CRÍTICO: CVaR=106.3ms ≥ 80ms - SLA em risco!,1.0
2026-03-30 23:36:49,BLOCKED,UNKNOWN,CRÍTICO: CVaR=106.3ms ≥ 80ms - SLA em risco!,1.0
2026-03-30 23:36:55,BLOCKED,UNKNOWN,CRÍTICO: CVaR=106.3ms ≥ 80ms - SLA em risco!,1.0
2026-03-30 23:37:00,BLOCKED,UNKNOWN,CRÍTICO: CVaR=106.3ms ≥ 80ms - SLA em risco!,1.0
2026-03-30 23:37:05,BLOCKED,UNKNOWN,CRÍTICO: CVaR=106.3ms ≥ 80ms - SLA em risco!,1.0
2026-03-30 23:37:10,BLOCKED,UNKNOWN,CRÍTICO: CVaR=106.3ms ≥ 80ms - SLA em risco!,1.0
2026-03-30 23:37:15,BLOCKED,UNKNOWN,CRÍTICO: CVaR=106.3ms ≥ 80ms - SLA em risco!,1.0
2026-03-30 23:37:20,BLOCKED,UNKNOWN,CRÍTICO: CVaR=106.3ms ≥ 80ms - SLA em risco!,1.0
2026-03-30 23:37:25,BLOCKED,UNKNOWN,CRÍTICO: CVaR=106.3ms ≥ 80ms - SLA em risco!,1.0
2026-03-30 23:37:30,BLOCKED,UNKNOWN,CRÍTICO: CVaR=106.3ms ≥ 80ms - SLA em risco!,1.0
2026-03-30 23:37:35,BLOCKED,UNKNOWN,CRÍTICO: CVaR=106.3ms ≥ 80ms - SLA em risco!,1.0
2026-03-30 23:37:40,BLOCKED,UNKNOWN,CRÍTICO: CVaR=106.3ms ≥ 80ms - SLA em risco!,1.0
2026-03-30 23:37:45,BLOCKED,UNKNOWN,CRÍTICO: CVaR=106.3ms ≥ 80ms - SLA em risco!,1.0
2026-03-30 23:37:50,BLOCKED,UNKNOWN,CRÍTICO: CVaR=106.3ms ≥ 80ms - SLA em risco!,1.0
2026-03-30 23:37:55,BLOCKED,UNKNOWN,CRÍTICO: CVaR=106.3ms ≥ 80ms - SLA em risco!,1.0
2026-03-30 23:38:00,BLOCKED,UNKNOWN,CRÍTICO: CVaR=106.3ms ≥ 80ms - SLA em risco!,1.0
2026-03-30 23:38:05,BLOCKED,UNKNOWN,CRÍTICO: CVaR=106.3ms ≥ 80ms - SLA em risco!,1.0
2026-03-30 23:38:10,BLOCKED,UNKNOWN,CRÍTICO: CVaR=106.3ms ≥ 80ms - SLA em risco!,1.0
2026-03-30 23:38:15,BLOCKED,UNKNOWN,CRÍTICO: CVaR=106.3ms ≥ 80ms - SLA em risco!,1.0
2026-03-30 23:38:20,BLOCKED,UNKNOWN,CRÍTICO: CVaR=106.3ms ≥ 80ms - SLA em risco!,1.0
2026-03-30 23:38:25,BLOCKED,UNKNOWN,CRÍTICO: CVaR=106.3ms ≥ 80ms - SLA em risco!,1.0
2026-03-30 23:38:30,BLOCKED,UNKNOWN,CRÍTICO: CVaR=106.3ms ≥ 80ms - SLA em risco!,1.0
2026-03-30 23:38:35,BLOCKED,UNKNOWN,CRÍTICO: CVaR=106.3ms ≥ 80ms - SLA em risco!,1.0
2026-03-30 23:38:40,BLOCKED,UNKNOWN,CRÍTICO: CVaR=106.3ms ≥ 80ms - SLA em risco!,1.0
2026-03-30 23:38:45,BLOCKED,UNKNOWN,CRÍTICO: CVaR=106.3ms ≥ 80ms - SLA em risco!,1.0
2026-03-30 23:38:50,BLOCKED,UNKNOWN,CRÍTICO: CVaR=106.3ms ≥ 80ms - SLA em risco!,1.0
2026-03-30 23:38:55,BLOCKED,UNKNOWN,CRÍTICO: CVaR=106.3ms ≥ 80ms - SLA em risco!,1.0
2026-03-30 23:39:00,BLOCKED,UNKNOWN,CRÍTICO: CVaR=106.3ms ≥ 80ms - SLA em risco!,1.0
2026-03-30 23:39:05,BLOCKED,UNKNOWN,CRÍTICO: CVaR=106.3ms ≥ 80ms - SLA em risco!,1.0
2026-03-30 23:39:10,BLOCKED,UNKNOWN,CRÍTICO: CVaR=106.3ms ≥ 80ms - SLA em risco!,1.0
2026-03-30 23:39:15,BLOCKED,UNKNOWN,CRÍTICO: CVaR=106.3ms ≥ 80ms - SLA em risco!,1.0
2026-03-30 23:39:20,BLOCKED,UNKNOWN,CRÍTICO: CVaR=106.3ms ≥ 80ms - SLA em risco!,1.0
2026-03-30 23:39:25,BLOCKED,UNKNOWN,CRÍTICO: CVaR=106.3ms ≥ 80ms - SLA em risco!,1.0
2026-03-30 23:39:30,BLOCKED,UNKNOWN,CRÍTICO: CVaR=106.3ms ≥ 80ms - SLA em risco!,1.0
2026-03-30 23:39:35,BLOCKED,UNKNOWN,CRÍTICO: CVaR=106.3ms ≥ 80ms - SLA em risco!,1.0
2026-03-30 23:39:41,BLOCKED,UNKNOWN,CRÍTICO: CVaR=106.3ms ≥ 80ms - SLA em risco!,1.0
2026-03-30 23:39:46,BLOCKED,UNKNOWN,CRÍTICO: CVaR=106.3ms ≥ 80ms - SLA em risco!,1.0
2026-03-30 23:39:51,BLOCKED,UNKNOWN,CRÍTICO: CVaR=106.3ms ≥ 80ms - SLA em risco!,1.0
