time_index,P1,P2,P3,P4,P5,P6,P7,K1,K2,K3,K4
0,107.902298,122.21608,1.399741,0.972097,1.664558,1.270383,0.544977,0.209955,-0.269505,0.748988,0.892529
1,117.378708,115.394768,1.355389,0.952583,1.761122,1.293507,0.649667,0.166126,-0.338558,0.793224,0.832063
2,123.091431,119.973434,1.388288,1.012695,1.712036,1.268695,0.837471,0.170746,-0.455311,0.768616,0.783456
3,124.294792,137.019424,1.362853,1.070855,1.710453,1.297573,0.890309,0.207869,-0.353032,0.727475,0.775249
4,132.591675,152.733765,1.365239,1.139179,1.732317,1.314689,1.038408,0.229927,-0.315367,0.696253,0.725647
5,134.212875,161.050064,1.411302,1.2012,1.729941,1.256594,1.160041,0.25622,-0.27021,0.705862,0.662972
6,142.389038,163.748596,1.474795,1.186036,1.767555,1.237418,1.308935,0.255497,-0.08548,0.717899,0.59867
7,145.309982,167.12616,1.484124,1.188198,1.814188,1.242653,1.420305,0.256,-0.087402,0.745077,0.534599
8,155.986008,172.40657,1.53789,1.201667,1.834415,1.293565,1.459119,0.254855,0.027717,0.741298,0.532859
9,158.287033,168.941223,1.615515,1.207678,1.884092,1.263581,1.483064,0.242782,0.179092,0.7786,0.508357
10,162.025116,158.709167,1.677692,1.222987,1.943314,1.25666,1.501568,0.213838,0.21513,0.80286,0.503462
11,163.094604,155.20697,1.698278,1.28936,1.948508,1.317543,1.399191,0.207042,0.155303,0.762153,0.578763
12,156.451584,146.655319,1.596568,1.379309,1.927328,1.365726,1.247402,0.195737,0.075505,0.739553,0.666392
13,157.813431,125.377052,1.519556,1.407326,1.892471,1.361048,1.235746,0.142418,0.049069,0.744596,0.68336
14,144.467285,121.779655,1.463919,1.430803,1.828205,1.321327,1.240649,0.155102,-0.138214,0.695065,0.68029
15,135.532028,127.548012,1.465584,1.491026,1.713438,1.238744,1.181744,0.188795,-0.149262,0.630108,0.698646
16,137.652649,133.677917,1.399064,1.581513,1.660657,1.271161,1.093642,0.200796,0.045483,0.581379,0.715973
17,140.777054,132.772217,1.394611,1.632485,1.623092,1.26291,1.20127,0.194293,-0.005511,0.533781,0.680641
18,147.206696,138.890808,1.436824,1.745517,1.513167,1.244263,1.253087,0.208239,-0.014581,0.460282,0.688296
19,161.139374,133.506561,1.417337,1.758844,1.582308,1.332759,1.213559,0.172078,0.14872,0.456966,0.690484
20,176.875961,120.952774,1.391953,1.793186,1.614311,1.395378,1.267511,0.11781,0.325878,0.461347,0.684365
21,182.548126,114.779053,1.408858,1.839498,1.590608,1.419661,1.277969,0.09983,0.385284,0.453485,0.681985
22,185.889206,110.819542,1.386979,1.795593,1.675597,1.499462,1.242476,0.085314,0.406186,0.475781,0.693572
23,183.548874,118.316528,1.451119,1.806754,1.60346,1.471212,1.191337,0.111171,0.40474,0.466792,0.730234
24,177.833405,126.207176,1.401335,1.780124,1.659548,1.50344,1.241881,0.125127,0.242214,0.511455,0.72928
25,168.529739,138.2173,1.434047,1.703594,1.684391,1.520738,1.288481,0.166412,0.129529,0.539314,0.724563
26,153.623291,157.013229,1.426946,1.621541,1.700968,1.546436,1.281597,0.226527,0.018679,0.559735,0.737459
27,143.458298,175.030167,1.457754,1.585722,1.674887,1.559215,1.352019,0.278192,-0.089104,0.545852,0.71145
28,149.096741,177.114548,1.518533,1.544594,1.664405,1.552719,1.506277,0.270426,-0.132049,0.552091,0.641407
29,157.313599,171.677979,1.595037,1.538018,1.68555,1.484678,1.561082,0.241704,-0.062178,0.56377,0.605897
30,147.890778,179.459595,1.60157,1.576442,1.707334,1.457753,1.459505,0.275175,-0.01232,0.547361,0.623353
31,152.340134,167.852341,1.648291,1.644505,1.666268,1.400806,1.460021,0.250273,0.104036,0.535645,0.624349
32,143.283661,166.130554,1.680517,1.674167,1.661391,1.38777,1.358987,0.271255,0.128817,0.52241,0.648869
33,141.53389,158.500183,1.705828,1.7093,1.634955,1.353773,1.410821,0.25634,0.00048,0.515162,0.630115
34,130.631256,147.466675,1.708309,1.651122,1.648882,1.365228,1.359617,0.25178,-0.081919,0.52912,0.650758
35,125.563309,133.872284,1.674166,1.633242,1.643819,1.446031,1.405694,0.231194,-0.26345,0.523917,0.649621
36,137.85585,118.487991,1.677213,1.581512,1.725189,1.381363,1.48414,0.151898,-0.184407,0.596943,0.568847
37,149.352585,116.713829,1.722565,1.602675,1.670361,1.384647,1.466951,0.124857,-0.163375,0.583049,0.578828
38,153.893143,113.611244,1.77364,1.552937,1.701855,1.416428,1.452812,0.104782,-0.163139,0.600388,0.553769
39,148.919373,121.602097,1.89929,1.492059,1.582061,1.399529,1.285066,0.140364,-0.150568,0.556923,0.645797
40,147.841492,129.376312,1.907526,1.535381,1.536597,1.3962,1.20778,0.152774,-0.305937,0.54573,0.676645
41,153.490891,120.429932,1.956373,1.488675,1.557777,1.429416,1.112673,0.124795,-0.189931,0.575562,0.708655
42,157.596268,118.957108,1.923402,1.487246,1.588586,1.438091,1.014882,0.111196,-0.082599,0.588256,0.748869
43,159.57338,115.034859,1.896383,1.402468,1.630129,1.480883,0.936047,0.099256,0.090672,0.613766,0.780433
44,155.898544,117.760361,1.878636,1.445956,1.556287,1.424977,0.999292,0.123081,-0.123673,0.609633,0.785573
45,157.852081,114.613136,1.732456,1.387441,1.714198,1.465642,1.058729,0.096177,-0.125372,0.675155,0.737206
46,167.011536,119.95813,1.746438,1.374878,1.718711,1.441936,1.135933,0.093253,-0.106033,0.683279,0.730637
47,172.711975,125.501053,1.729084,1.385285,1.693733,1.455006,1.258988,0.09267,-0.198302,0.686546,0.716207
48,180.247894,119.583031,1.676101,1.317668,1.829616,1.600984,1.271631,0.058833,-0.004685,0.730882,0.704303
49,183.41954,116.701004,1.653666,1.359271,1.743993,1.678046,1.38406,0.055178,-0.080539,0.704742,0.72043
50,188.054947,121.781876,1.63694,1.410059,1.704978,1.721856,1.349314,0.059808,-0.066154,0.678342,0.777652
51,189.023071,117.866577,1.566895,1.419933,1.735846,1.835068,1.368815,0.048807,0.025309,0.671584,0.777155
52,182.452957,124.029129,1.542768,1.436087,1.712103,1.839489,1.27788,0.086809,0.018883,0.64227,0.830443
53,175.384781,128.049042,1.444891,1.509893,1.614902,1.885265,1.326124,0.123483,0.047002,0.582351,0.850546
54,174.164185,137.243546,1.360005,1.567624,1.574907,1.827414,1.343146,0.148443,0.065927,0.548235,0.836912
55,174.240906,148.327682,1.266771,1.605082,1.55891,1.794521,1.332689,0.172541,0.15554,0.52961,0.834305
56,170.693512,143.272766,1.243104,1.564477,1.559319,1.784449,1.452265,0.169353,0.053739,0.553705,0.79458
57,168.692627,151.349213,1.200975,1.492998,1.578493,1.830711,1.356728,0.190184,0.183292,0.56968,0.842319
58,166.379776,146.002884,1.133699,1.373971,1.603396,1.910105,1.363346,0.174236,0.335531,0.604043,0.849399
59,158.137878,154.195404,1.100875,1.367867,1.526302,1.906482,1.447863,0.19948,0.112485,0.602513,0.818825
60,148.629425,165.55159,1.147682,1.352176,1.385383,1.88413,1.456725,0.245196,-0.045371,0.564829,0.828865
61,157.986176,147.096207,1.159772,1.250738,1.413362,1.919676,1.401454,0.181846,0.08611,0.616334,0.832659
62,167.895599,123.493546,1.205086,1.103617,1.544686,1.920427,1.279379,0.097523,0.312033,0.706536,0.829789
63,161.674271,132.209885,1.299397,1.139342,1.438769,1.900814,1.165172,0.139648,0.095391,0.66972,0.886268
64,169.761124,120.089951,1.36498,1.086223,1.527265,1.855729,1.082281,0.09218,0.148817,0.717151,0.871946
65,172.778687,133.968643,1.446728,1.11374,1.520438,1.802621,1.001529,0.116336,0.107403,0.677217,0.871696
66,167.299911,152.000275,1.582286,1.235687,1.418981,1.68901,0.920083,0.175005,0.022228,0.616628,0.874711
67,165.72435,160.420563,1.627836,1.25411,1.480945,1.655172,0.927765,0.189211,-0.05279,0.601421,0.826101
68,161.141357,168.654861,1.663182,1.302882,1.507835,1.614417,0.860961,0.213276,0.102816,0.574502,0.824738
69,153.857651,178.622009,1.700826,1.439345,1.47017,1.581643,0.86594,0.251849,-0.098968,0.534703,0.821719
70,155.285965,177.433426,1.759177,1.536433,1.45913,1.595996,0.898158,0.251489,-0.074457,0.502304,0.826497
71,160.452942,164.959473,1.779297,1.575761,1.478892,1.626896,0.909561,0.217381,0.131187,0.48983,0.845531
72,162.258789,156.228149,1.807961,1.591162,1.473368,1.636795,0.978046,0.201116,0.14124,0.466249,0.833124
73,167.033493,156.173904,1.766403,1.681172,1.437734,1.584376,1.048908,0.193393,0.140189,0.450345,0.803379
74,171.075684,161.066559,1.707582,1.697432,1.411534,1.538908,1.208458,0.196557,0.067776,0.426425,0.741921
75,168.660767,170.944092,1.566929,1.724959,1.42984,1.571765,1.210939,0.2148,-0.001668,0.443763,0.727656
76,174.134628,167.445969,1.563426,1.648109,1.486511,1.626708,1.272215,0.20048,0.079629,0.485168,0.716096
77,180.451065,153.488541,1.559215,1.530898,1.62594,1.690511,1.337203,0.156251,0.1679,0.553379,0.71499
78,186.663757,143.172928,1.677141,1.475495,1.725671,1.625677,1.538903,0.108941,-0.066276,0.62239,0.62939
79,184.481201,139.125473,1.75884,1.511983,1.787054,1.580268,1.664046,0.099665,-0.157242,0.660601,0.567356
80,176.763947,148.016617,1.880798,1.529487,1.792232,1.604644,1.676874,0.146803,-0.302869,0.626518,0.569275
81,165.857544,164.49971,1.919699,1.576439,1.750432,1.596069,1.666783,0.21202,-0.248275,0.584527,0.591469
82,174.798889,158.628677,1.869987,1.584801,1.813488,1.567673,1.763653,0.171526,-0.358249,0.621403,0.557734
83,176.736465,157.874222,1.860139,1.543991,1.854626,1.553781,1.702614,0.172029,-0.268121,0.638314,0.554143
84,180.266815,154.258942,1.761369,1.532948,1.863423,1.545387,1.696298,0.158247,-0.232674,0.638013,0.54592
85,188.995056,145.768631,1.672791,1.58692,1.80647,1.49648,1.682252,0.133361,-0.102122,0.617456,0.534405
86,197.239563,136.056107,1.528234,1.621042,1.811778,1.51132,1.588554,0.097969,0.146648,0.606241,0.538365
87,201.667801,130.732315,1.461885,1.695957,1.73503,1.477812,1.585146,0.0869,0.326924,0.569591,0.52251
88,205.912598,137.564819,1.48608,1.68501,1.667239,1.468203,1.50071,0.105279,0.386394,0.526736,0.556152
89,205.698959,133.920731,1.477654,1.702461,1.660233,1.429097,1.547242,0.099482,0.415236,0.544206,0.530152
90,208.315796,134.012238,1.396075,1.687192,1.712739,1.52369,1.467943,0.082615,0.495796,0.553259,0.588392
91,205.968048,136.361206,1.418029,1.644626,1.757222,1.535562,1.439052,0.097818,0.431252,0.575971,0.599678
92,195.440018,147.894333,1.440249,1.647365,1.72351,1.509449,1.412277,0.133894,0.318371,0.568816,0.625392
93,183.538147,161.345306,1.529269,1.673219,1.659776,1.480497,1.436223,0.184448,0.122082,0.546252,0.619599
94,181.998978,159.846283,1.633086,1.589986,1.70648,1.435255,1.515447,0.176373,0.095506,0.574877,0.574499
95,174.357071,163.562836,1.726128,1.545778,1.715332,1.430423,1.460864,0.198784,0.104241,0.586402,0.577155
96,169.218246,172.63266,1.818819,1.511935,1.718137,1.361686,1.499133,0.226791,0.065519,0.581723,0.553038
97,161.857605,181.680054,1.796509,1.510213,1.70835,1.345945,1.438573,0.262813,0.164458,0.584075,0.557034
98,161.57251,180.780548,1.735568,1.478276,1.706395,1.359884,1.424419,0.259105,0.195109,0.587816,0.563456
99,152.541229,189.046127,1.62515,1.473485,1.714772,1.397927,1.334851,0.287801,0.133091,0.579939,0.59064
100,145.899872,191.210251,1.565467,1.471053,1.71503,1.402237,1.283241,0.297942,-0.028652,0.575047,0.615066
101,141.423965,186.892014,1.605396,1.461538,1.65702,1.366113,1.239909,0.304693,0.066451,0.566285,0.635245
102,133.843872,182.008835,1.589412,1.484324,1.640411,1.382036,1.160701,0.304634,-0.012624,0.556953,0.661576
103,126.223343,178.263077,1.573678,1.508344,1.620556,1.420719,1.073815,0.308019,-0.127041,0.541446,0.701866
104,129.298645,169.454666,1.636408,1.508066,1.56436,1.366224,1.132149,0.288231,-0.139528,0.544259,0.695118
105,133.610565,162.269974,1.527331,1.468735,1.591725,1.516845,1.13983,0.2586,-0.038467,0.556156,0.71804
106,127.666588,171.102432,1.536822,1.419507,1.567596,1.549234,1.233035,0.291724,-0.164898,0.554833,0.692543
107,128.594833,178.504791,1.449681,1.340691,1.599393,1.672786,1.366941,0.300379,-0.165705,0.56709,0.672566
108,123.325378,188.863708,1.360317,1.273711,1.620844,1.744225,1.546146,0.327612,-0.171252,0.580959,0.618804
109,121.91188,188.565918,1.37789,1.258741,1.62276,1.731696,1.725877,0.332988,-0.146804,0.617275,0.549637
110,118.886429,180.017487,1.424429,1.264404,1.632237,1.648541,1.896089,0.327097,-0.119116,0.651364,0.481161
111,126.859093,159.483185,1.568348,1.209562,1.736494,1.513218,2.002395,0.268903,-0.238006,0.697025,0.417564
112,129.754776,149.19458,1.622719,1.209446,1.792436,1.411667,2.042815,0.238668,-0.122051,0.722588,0.358997
113,127.152557,137.669189,1.658216,1.244347,1.797482,1.337147,2.085176,0.217309,-0.066581,0.728171,0.304366
114,117.427513,143.751877,1.64733,1.362515,1.633738,1.371295,2.085406,0.261436,0.004775,0.638986,0.319459
115,126.635483,133.398026,1.655604,1.448959,1.604953,1.35997,2.075731,0.211249,-0.296703,0.600006,0.32831
116,126.90451,125.39399,1.686475,1.485153,1.543473,1.432661,1.92083,0.190634,-0.307676,0.540114,0.412483
117,141.966232,114.171364,1.643278,1.567231,1.533819,1.539433,1.774684,0.130493,-0.323938,0.508009,0.458737
118,157.437332,120.010223,1.714383,1.628263,1.37202,1.551746,1.588652,0.129293,-0.130998,0.413757,0.538986
119,163.220703,135.065323,1.63877,1.702431,1.244331,1.515502,1.376161,0.154168,0.029602,0.323306,0.610974
120,170.47229,142.939743,1.583364,1.711318,1.16502,1.483061,1.331414,0.158463,0.070323,0.272995,0.59788
121,170.541519,145.962601,1.545575,1.714761,1.09058,1.388326,1.377997,0.164203,-0.004288,0.238886,0.537848
122,171.222473,142.747299,1.513381,1.67569,1.107564,1.267311,1.367592,0.14291,0.016529,0.247063,0.507054
123,157.358322,132.448059,1.545119,1.619291,1.134933,1.184841,1.337766,0.14338,-0.115402,0.278396,0.487878
124,141.817612,124.178436,1.601973,1.572166,1.189869,1.08391,1.400271,0.142836,-0.287466,0.341742,0.415159
125,132.07338,117.982033,1.690413,1.498108,1.219131,1.036512,1.392505,0.142405,-0.237114,0.393701,0.389534
126,122.660339,126.007668,1.827575,1.408711,1.212152,0.909607,1.400055,0.181096,-0.164137,0.408414,0.39937
127,122.432587,125.818657,1.826439,1.348932,1.3172,0.885418,1.518716,0.171916,-0.159705,0.480599,0.327845
128,123.10717,140.896469,1.800807,1.414584,1.313597,0.882286,1.552896,0.21745,-0.201741,0.480242,0.333072
129,132.25383,145.070755,1.73967,1.338667,1.377366,0.89563,1.625279,0.20803,-0.095079,0.524801,0.32588
130,141.720154,146.789536,1.664604,1.264775,1.490588,0.958529,1.640171,0.190866,-0.034483,0.595449,0.332027
131,142.022812,163.05835,1.614377,1.221475,1.510716,1.089447,1.603065,0.227669,-0.041436,0.622586,0.38601
132,147.506195,175.962677,1.587662,1.189137,1.504027,1.253434,1.526259,0.258979,0.06085,0.608767,0.481462
133,153.214645,183.458847,1.436293,1.127124,1.606336,1.455194,1.43287,0.254378,0.101254,0.639971,0.546114
134,155.189178,187.408386,1.321696,1.131961,1.632153,1.516996,1.444666,0.253388,-0.00245,0.665825,0.555152
135,148.980133,190.334778,1.265038,1.127963,1.560694,1.494783,1.56524,0.26764,0.072886,0.654246,0.519278
136,140.530716,191.063049,1.197052,1.154174,1.509442,1.526729,1.612078,0.281333,0.133936,0.625203,0.510076
137,141.420853,183.686615,1.22973,1.194012,1.463315,1.544791,1.684207,0.273674,0.026606,0.57794,0.514918
138,135.133957,178.653854,1.268895,1.244703,1.405603,1.533773,1.771468,0.281344,-0.063403,0.51647,0.513522
139,132.151596,177.64978,1.366551,1.335874,1.39641,1.442626,1.791673,0.290751,-0.069516,0.511508,0.479684
140,130.047241,176.242371,1.477485,1.362018,1.467461,1.381668,1.691902,0.292593,-0.146009,0.535975,0.489378
141,140.84697,179.528214,1.654355,1.364448,1.557268,1.328379,1.563575,0.279119,-0.086226,0.551901,0.503159
142,150.614136,172.308929,1.816789,1.364816,1.57609,1.24818,1.51269,0.247569,-0.112964,0.558378,0.50714
143,152.481888,174.664398,1.837108,1.415692,1.536669,1.282606,1.429685,0.250949,-0.050381,0.511683,0.518884
144,151.983643,165.805222,1.789071,1.506208,1.438447,1.262858,1.414968,0.238928,-0.107211,0.468273,0.513481
145,155.511658,153.917328,1.692019,1.585726,1.362816,1.220493,1.470697,0.201478,-0.108889,0.439367,0.48601
146,156.870422,148.590729,1.639517,1.616603,1.327429,1.271511,1.411477,0.190063,0.017127,0.395494,0.521805
147,157.484436,142.384872,1.665338,1.632193,1.331501,1.319425,1.472337,0.176393,-0.091773,0.379694,0.508336
148,158.725586,135.184601,1.671179,1.613855,1.391455,1.31327,1.561135,0.151634,-0.122807,0.410158,0.479258
149,154.245773,131.705414,1.664836,1.593313,1.4591,1.314441,1.600039,0.15292,-0.229633,0.448054,0.471084
150,146.658646,138.005615,1.719171,1.588308,1.491809,1.192792,1.598182,0.176813,-0.305399,0.478855,0.442813
151,132.948654,148.490295,1.74025,1.546756,1.493718,1.170642,1.484463,0.222291,-0.185449,0.469261,0.475706
152,132.80246,141.767899,1.896461,1.521155,1.41085,1.13152,1.494422,0.211713,-0.304948,0.456034,0.459366
153,120.502541,141.500992,1.955052,1.52668,1.293165,1.200787,1.496485,0.233956,-0.431016,0.407525,0.471783
154,117.351982,133.777618,2.009963,1.449748,1.206739,1.229571,1.495502,0.212751,-0.341822,0.37992,0.506019
155,114.370453,135.435043,1.973106,1.44286,1.160764,1.295894,1.599883,0.22017,-0.45345,0.359831,0.502234
156,108.747986,139.445007,1.877923,1.47627,1.177482,1.371246,1.606165,0.240898,-0.547211,0.364151,0.517586
157,99.477112,150.191498,1.762952,1.439049,1.278055,1.350278,1.515994,0.273749,-0.518126,0.395864,0.550894
158,97.598389,147.689728,1.727453,1.435266,1.325913,1.331985,1.452137,0.276987,-0.545846,0.422821,0.569359
159,97.134567,144.341217,1.681084,1.431538,1.284719,1.412173,1.414061,0.276686,-0.480941,0.382973,0.597265
160,117.944214,138.030884,1.683525,1.533088,1.178838,1.392803,1.535186,0.220339,-0.494714,0.333901,0.544863
161,129.009918,128.476379,1.692966,1.548354,1.035807,1.42776,1.651041,0.182322,-0.331723,0.271044,0.492036
162,139.891663,119.42157,1.619699,1.533818,1.048934,1.391617,1.60354,0.13418,-0.106164,0.271509,0.487955
163,135.954971,112.475258,1.515124,1.495034,1.143665,1.351346,1.697903,0.119782,-0.185718,0.344129,0.370824
164,136.552078,121.588303,1.464428,1.512334,1.103646,1.252052,1.824706,0.134177,-0.315859,0.332475,0.312761
165,128.991394,137.173721,1.39524,1.527716,1.023155,1.186034,1.906778,0.187685,-0.130529,0.301836,0.305474
166,138.789154,127.49456,1.389443,1.483997,1.105477,1.276207,1.866468,0.160226,-0.07296,0.326705,0.353761
167,147.710785,117.800026,1.335356,1.469299,1.291296,1.283439,1.748767,0.115933,0.014038,0.424212,0.370983
168,146.722992,120.810898,1.353057,1.49372,1.315927,1.203871,1.646683,0.127388,-0.071497,0.447285,0.427587
169,143.154617,124.366844,1.387209,1.505759,1.340355,1.20718,1.498304,0.151182,-0.132435,0.474444,0.511724
170,143.886627,127.256256,1.389176,1.487015,1.407112,1.312206,1.319139,0.151539,-0.164628,0.518491,0.601499
171,156.467255,117.792969,1.498201,1.402542,1.480262,1.47898,1.273458,0.114553,0.042514,0.558606,0.671233
172,162.891785,122.764496,1.60705,1.413181,1.482328,1.57949,1.114786,0.122414,0.176346,0.55415,0.781378
173,160.032471,135.786728,1.621069,1.545558,1.50592,1.644035,0.996126,0.158384,0.1563,0.525772,0.839521
174,158.073151,141.340439,1.684836,1.645759,1.490724,1.569873,1.082145,0.182313,0.069613,0.485867,0.802141
175,162.449814,137.342972,1.683593,1.732696,1.534002,1.489364,1.241843,0.166704,0.072072,0.476865,0.720294
176,158.004303,146.679611,1.655166,1.799109,1.529668,1.456985,1.344267,0.200373,0.019078,0.442245,0.653294
177,162.600357,139.504486,1.612663,1.736717,1.616035,1.378433,1.543808,0.171274,-0.063364,0.482864,0.553257
178,157.169662,151.15155,1.649314,1.702349,1.59443,1.334262,1.653258,0.220368,0.002683,0.482213,0.494348
179,158.577194,158.886139,1.664791,1.664114,1.626559,1.290676,1.754473,0.231083,0.026563,0.521728,0.434153
180,158.184586,161.757462,1.74079,1.573634,1.668252,1.283768,1.772228,0.236514,0.156026,0.547855,0.416811
181,156.602539,163.014557,1.744032,1.544002,1.67051,1.309165,1.805984,0.236778,0.152439,0.53564,0.403768
182,164.059509,149.663666,1.711652,1.566459,1.6336,1.280916,1.876183,0.19261,-0.069141,0.523388,0.373317
183,161.368988,139.975739,1.573213,1.563455,1.553067,1.197961,1.921172,0.168483,-0.013184,0.503313,0.317027
184,165.207291,132.392242,1.413367,1.534013,1.492703,1.082071,1.931213,0.136918,0.120337,0.488146,0.240907
185,166.611084,133.226028,1.268827,1.508374,1.389149,0.981526,1.889011,0.136527,0.303991,0.462922,0.188157
186,168.12323,140.261887,1.162752,1.50106,1.261176,0.91564,1.89521,0.151998,0.427187,0.411831,0.147756
187,170.637833,155.520462,1.093884,1.495423,1.170645,0.8914,1.878906,0.180715,0.634179,0.344286,0.144449
188,169.301636,155.630249,1.039234,1.465541,1.148771,0.911107,1.879047,0.181087,0.699029,0.347479,0.133704
189,164.589615,147.719238,1.035674,1.450262,1.10733,0.902861,1.930417,0.172844,0.668783,0.359925,0.136253
190,161.530518,134.046021,1.022982,1.418119,1.136027,0.926097,1.931741,0.13965,0.544548,0.400757,0.156392
191,163.516113,108.828583,1.0637,1.359362,1.320926,0.945699,1.885459,0.071704,0.494453,0.517219,0.146796
192,165.25206,105.924477,1.091012,1.379933,1.33163,0.992803,1.808153,0.063692,0.497305,0.521423,0.221031
193,164.430206,98.384964,1.139324,1.338634,1.455797,1.01441,1.762469,0.046469,0.53441,0.586345,0.23986
194,163.501205,98.41217,1.103832,1.303234,1.507138,1.100263,1.668399,0.050186,0.511739,0.609048,0.313903
195,166.876114,98.94664,1.123129,1.267388,1.564288,1.129876,1.635329,0.042415,0.491403,0.665604,0.339119
196,166.776352,100.851494,1.113027,1.271462,1.576965,1.195831,1.594231,0.050176,0.482996,0.701195,0.386091
197,168.995331,108.744064,1.07243,1.248291,1.579184,1.339415,1.513131,0.066032,0.454923,0.683911,0.507881
198,173.806015,117.682297,1.089537,1.283516,1.52422,1.454349,1.440157,0.086563,0.442378,0.675652,0.612384
199,171.904755,117.470886,1.130995,1.238664,1.586512,1.506747,1.45426,0.086412,0.373626,0.731666,0.626179
200,173.623108,125.856659,1.127465,1.150623,1.656103,1.574893,1.395645,0.090197,0.43791,0.748651,0.668652
201,164.193497,142.331207,1.185799,1.155136,1.572586,1.554515,1.444055,0.14261,0.200421,0.717854,0.657288
202,150.61731,169.666,1.256317,1.219984,1.473324,1.578338,1.457338,0.233687,-0.006677,0.644277,0.632055
203,145.34343,172.244202,1.301957,1.187987,1.497875,1.606037,1.443699,0.243336,-0.011694,0.626604,0.622328
204,141.186066,170.257004,1.404197,1.205282,1.509189,1.584146,1.488316,0.249922,-0.054953,0.616859,0.598908
205,133.27565,162.576447,1.450372,1.24208,1.468536,1.600304,1.635265,0.258005,-0.160511,0.58978,0.57572
206,144.306549,154.388885,1.517589,1.246558,1.602273,1.505839,1.746197,0.21195,-0.183983,0.653789,0.497159
207,155.245117,150.778641,1.50026,1.300123,1.661414,1.469089,1.841054,0.179916,-0.11474,0.68108,0.459045
208,153.503555,167.23613,1.466072,1.335773,1.621435,1.599402,1.757488,0.227847,0.038112,0.637445,0.520201
209,162.595917,160.320404,1.483806,1.331146,1.6645,1.686492,1.697812,0.196837,0.028302,0.656916,0.566659
210,158.991043,164.264618,1.470104,1.37129,1.590489,1.753124,1.711389,0.202009,-0.105581,0.638475,0.597446
211,161.906403,152.999542,1.513996,1.30887,1.612411,1.874552,1.618833,0.168746,-0.023744,0.636984,0.67184
212,155.785294,141.761322,1.539843,1.313519,1.548661,1.900199,1.659311,0.151361,-0.110076,0.645064,0.660094
213,149.849731,153.297943,1.523508,1.322986,1.425972,1.960347,1.585643,0.189181,-0.137912,0.575099,0.716039
214,143.723953,149.3078,1.477255,1.301484,1.357631,1.939193,1.61709,0.188346,-0.092942,0.554337,0.693438
215,145.403183,155.290833,1.397553,1.334546,1.277779,1.943692,1.585054,0.196324,-0.110819,0.525483,0.698875
216,144.227432,161.228516,1.411341,1.338767,1.190175,1.942808,1.579767,0.215529,-0.089205,0.485675,0.699404
217,143.216812,157.885864,1.347635,1.299065,1.166831,2.02718,1.584137,0.207623,0.058144,0.471431,0.725725
218,147.71579,165.399139,1.406275,1.324683,1.145948,2.055223,1.540155,0.213233,-0.020522,0.465156,0.746219
219,155.899902,160.914902,1.47594,1.284029,1.150593,2.060617,1.491267,0.186207,-0.070061,0.503807,0.761503
220,164.343445,150.258865,1.50894,1.208754,1.241331,2.072,1.399017,0.144233,0.126779,0.552686,0.798831
221,167.767395,138.5159,1.565903,1.169273,1.238664,2.040429,1.396664,0.115092,0.086613,0.592272,0.80325
222,176.623993,125.845802,1.56939,1.129677,1.352306,1.98583,1.349695,0.060916,0.133411,0.66283,0.783833
223,174.940384,127.707306,1.620912,1.163373,1.29751,1.900957,1.366507,0.07659,0.020417,0.650049,0.771263
224,175.892136,134.737411,1.624796,1.151011,1.334323,1.801232,1.373229,0.090198,0.075047,0.644558,0.722208
225,173.316177,132.75795,1.585321,1.111081,1.434652,1.695113,1.447433,0.090052,0.130301,0.664179,0.627252
226,160.4496,153.729538,1.601634,1.189254,1.348342,1.51091,1.584537,0.171662,-0.104489,0.609685,0.545671
227,151.182663,161.150879,1.630894,1.152389,1.416905,1.34907,1.6451,0.212523,-0.100826,0.633361,0.472188
228,138.532532,174.62886,1.554219,1.111517,1.495244,1.417052,1.605865,0.273313,-0.010133,0.621255,0.484058
229,132.32106,180.41539,1.504972,1.10489,1.594169,1.333373,1.678755,0.291866,-0.123873,0.670413,0.440018
230,127.99379,179.855713,1.440455,1.080728,1.641601,1.342837,1.72586,0.299068,-0.145972,0.683124,0.433222
231,122.705055,185.669266,1.350362,1.133312,1.587449,1.374986,1.720263,0.333813,0.034594,0.656535,0.456647
232,131.138,180.740036,1.304024,1.155672,1.608335,1.352573,1.719402,0.301807,-0.041177,0.669806,0.467046
233,134.220856,186.608963,1.242037,1.226833,1.584636,1.425273,1.652242,0.309293,0.101084,0.62769,0.510214
234,144.653168,185.347809,1.186716,1.33549,1.587995,1.571219,1.550646,0.287274,0.087282,0.590684,0.589588
235,153.977722,175.88179,1.155074,1.413653,1.543322,1.660771,1.558482,0.252635,0.0677,0.553969,0.654305
236,168.605804,153.282623,1.126235,1.440466,1.605925,1.751901,1.463406,0.179404,0.353304,0.575109,0.712733
237,169.657913,155.312973,1.122103,1.535964,1.570907,1.718866,1.538743,0.183711,0.240543,0.536908,0.681419
238,165.599243,162.951508,1.175315,1.592206,1.535093,1.667502,1.611228,0.212349,0.187384,0.492884,0.636239
239,155.951859,172.263809,1.270626,1.608738,1.478918,1.578447,1.720664,0.254323,0.132646,0.465909,0.552039
240,151.872528,173.833023,1.349593,1.597084,1.529171,1.53943,1.721486,0.25506,0.116892,0.489077,0.518911
241,156.165695,162.90657,1.394688,1.628634,1.533008,1.581753,1.823939,0.225357,-0.097344,0.484208,0.508755
242,158.193466,152.631973,1.51479,1.570169,1.604733,1.606728,1.755368,0.207927,0.044199,0.519888,0.535393
243,159.466644,156.817825,1.523318,1.613681,1.642859,1.570317,1.831901,0.207783,-0.086726,0.54811,0.495443
244,152.950302,163.882172,1.618186,1.556379,1.686054,1.525343,1.888216,0.238087,-0.004453,0.573924,0.461228
245,154.742233,151.913757,1.688033,1.487128,1.782804,1.494591,1.937361,0.210227,-0.125262,0.637196,0.426948
246,160.632553,146.109314,1.761232,1.428885,1.882186,1.422003,1.944187,0.174304,-0.14223,0.699014,0.367322
247,149.458832,155.369049,1.812998,1.463787,1.71769,1.437513,1.909701,0.227971,0.046757,0.608118,0.404174
248,147.971558,143.864197,1.813656,1.510309,1.655255,1.39102,1.916767,0.205527,-0.034433,0.574039,0.382623
249,155.009476,126.132584,1.757887,1.53821,1.664347,1.361644,1.898804,0.137003,-0.227168,0.579912,0.341889
250,153.173218,118.825394,1.757457,1.561099,1.522012,1.329269,1.857126,0.124502,-0.117944,0.522471,0.367483
251,141.16832,113.177757,1.695632,1.536321,1.383358,1.405098,1.793091,0.139346,-0.111415,0.472099,0.444531
252,148.62236,104.979492,1.572891,1.469929,1.461933,1.453264,1.704133,0.083445,-0.082636,0.547939,0.45488
253,152.483643,105.247467,1.509063,1.38598,1.398635,1.564951,1.570831,0.080493,-0.042436,0.557486,0.564835
254,157.822205,103.109665,1.459956,1.331485,1.391409,1.670903,1.440787,0.069575,0.115989,0.591139,0.647597
255,164.466019,104.366219,1.422741,1.29537,1.431854,1.736043,1.393687,0.053614,0.268257,0.614164,0.67485
256,167.441864,112.626648,1.494645,1.351514,1.432503,1.7033,1.392637,0.075506,0.150163,0.591569,0.687344
257,165.781586,127.23555,1.595079,1.433926,1.454331,1.654658,1.425943,0.115156,-0.058081,0.559171,0.676788
258,163.372131,133.447479,1.671962,1.531104,1.512311,1.565858,1.582405,0.123468,-0.278858,0.550413,0.598578
259,155.462677,143.064011,1.77127,1.552516,1.522008,1.636231,1.513938,0.166936,-0.346099,0.507161,0.640359
260,149.85878,145.597672,1.843331,1.596096,1.494235,1.627341,1.510071,0.187702,-0.347503,0.486922,0.639475
261,151.998169,137.411804,1.873095,1.558836,1.498803,1.650729,1.426223,0.172262,-0.206954,0.495568,0.680801
262,150.856934,133.110916,1.724547,1.610316,1.502905,1.659795,1.38263,0.16025,-0.190038,0.50672,0.706553
263,149.408127,119.520073,1.581415,1.555443,1.561203,1.697373,1.349463,0.134481,-0.079691,0.553095,0.725021
264,149.975357,112.602798,1.54123,1.465942,1.600408,1.665405,1.387049,0.127423,-0.035215,0.596707,0.708792
265,149.825851,118.874313,1.459264,1.464576,1.642531,1.575765,1.356782,0.136642,-0.107347,0.632122,0.721053
266,155.547974,123.280914,1.462634,1.407856,1.761273,1.483202,1.33014,0.129757,-0.076518,0.693334,0.692912
267,158.450119,121.38253,1.464755,1.35876,1.822691,1.483822,1.304965,0.124421,0.074019,0.735761,0.68437
268,156.920654,134.651611,1.529674,1.368854,1.802873,1.40878,1.309995,0.156957,0.032962,0.725034,0.666607
269,154.467224,129.549255,1.516454,1.330729,1.846583,1.449857,1.389134,0.148663,-0.010031,0.723287,0.638366
270,155.192917,121.706039,1.593107,1.389547,1.857054,1.342309,1.51372,0.132519,-0.053195,0.74021,0.553912
271,156.784805,121.964302,1.643887,1.431551,1.8659,1.277157,1.513668,0.136006,0.022818,0.734974,0.544516
272,157.612534,118.375595,1.657957,1.454055,1.881959,1.273728,1.570071,0.131531,-0.013706,0.73429,0.51192
273,144.687851,131.221466,1.659339,1.389589,1.883895,1.227685,1.487624,0.180943,0.111521,0.728001,0.534893
274,147.476944,118.965042,1.587874,1.332832,1.907751,1.257636,1.543959,0.139117,0.091506,0.762148,0.489646
275,142.956787,121.075554,1.503157,1.350591,1.853181,1.312369,1.505764,0.153489,0.020613,0.748949,0.506624
276,139.112747,119.593719,1.445117,1.377257,1.746414,1.35208,1.599554,0.153238,-0.007604,0.702627,0.494036
277,132.796967,127.01207,1.447423,1.395803,1.651792,1.370498,1.595809,0.187649,-0.029228,0.631097,0.537954
278,143.048325,113.914597,1.434756,1.421048,1.641272,1.405736,1.713388,0.133733,-0.027589,0.625359,0.500875
279,146.586716,108.751572,1.417462,1.446256,1.66141,1.428583,1.742966,0.107187,0.064691,0.634496,0.471127
280,142.724518,105.889915,1.349566,1.464443,1.668587,1.54812,1.677713,0.102439,0.081216,0.625229,0.515265
281,127.855507,124.347473,1.392835,1.499055,1.520334,1.567963,1.584729,0.186616,-0.129693,0.537245,0.627047
282,110.576935,135.031265,1.455675,1.475028,1.489152,1.58731,1.484681,0.251567,-0.273741,0.515583,0.686765
283,108.861618,137.873947,1.477163,1.439013,1.61146,1.565266,1.347607,0.253614,-0.254933,0.573584,0.682958
284,96.678658,154.144745,1.387789,1.462253,1.658462,1.583552,1.237938,0.307125,-0.367695,0.56452,0.726015
285,96.419647,151.230316,1.330332,1.419952,1.650887,1.616191,1.281919,0.306596,-0.228904,0.552878,0.724706
286,104.492767,154.808823,1.33994,1.451891,1.578864,1.559455,1.440366,0.305649,-0.214053,0.538462,0.662679
287,115.624802,151.718399,1.288519,1.453051,1.507222,1.511784,1.640393,0.271365,-0.215046,0.538152,0.581933
288,136.822006,141.758438,1.183478,1.430364,1.49255,1.606825,1.762337,0.203072,0.014208,0.53819,0.550353
289,133.173828,152.634125,1.150568,1.456091,1.350238,1.602735,1.881512,0.232588,0.010772,0.497252,0.517714
290,139.255066,147.92363,1.106771,1.422464,1.339097,1.729457,1.832221,0.204552,0.125887,0.488167,0.549952
291,138.128311,148.577576,1.178317,1.46442,1.261132,1.753065,1.817392,0.213674,0.097923,0.43397,0.560248
292,142.15834,135.406265,1.296285,1.502928,1.220353,1.717521,1.81936,0.178261,-0.01711,0.404684,0.554802
293,138.602448,117.365417,1.39639,1.542984,1.252211,1.6444,1.822594,0.136678,-0.17596,0.413466,0.497547
294,127.291458,118.413857,1.472152,1.616307,1.131946,1.672754,1.780128,0.174507,-0.17153,0.322855,0.536388
295,120.052544,116.627289,1.481218,1.62572,1.158879,1.600782,1.685856,0.178395,-0.184483,0.334542,0.551008
296,115.208588,122.828766,1.504187,1.610747,1.169088,1.603654,1.668449,0.203993,-0.244155,0.33812,0.571644
297,120.191887,113.116226,1.483454,1.539931,1.32914,1.569821,1.675629,0.16437,-0.286209,0.449712,0.53857
298,127.680832,118.157722,1.4839,1.453882,1.421924,1.564021,1.562457,0.164915,-0.153945,0.484028,0.60976
299,127.593979,127.348724,1.430899,1.494986,1.440888,1.498647,1.506859,0.187291,-0.268355,0.508515,0.646708
300,124.50602,128.942673,1.338536,1.484184,1.522081,1.517016,1.392394,0.199631,-0.223027,0.547807,0.682163
301,117.850311,130.920715,1.275352,1.427183,1.519048,1.524374,1.35047,0.221488,-0.106137,0.540979,0.694037
302,120.033142,126.973228,1.21688,1.417134,1.512947,1.455974,1.42544,0.203582,-0.098122,0.560189,0.628892
303,121.279861,141.491333,1.1769,1.436246,1.38097,1.463606,1.543656,0.24174,0.092576,0.477138,0.606171
304,127.494637,144.948151,1.088112,1.466353,1.373031,1.424079,1.715168,0.23077,0.086456,0.484063,0.49472
305,134.150024,153.173706,1.028743,1.427532,1.343269,1.447153,1.849613,0.236371,0.203929,0.461456,0.433205
306,138.082321,157.739151,0.976489,1.420886,1.325294,1.442792,1.949161,0.236871,0.310749,0.45851,0.382521
307,129.873169,165.327133,0.956476,1.488481,1.220995,1.50108,1.997858,0.280148,0.334857,0.407909,0.401676
308,147.498077,153.2798,1.018704,1.50183,1.295038,1.484864,1.917005,0.223593,0.193247,0.465493,0.456927
309,165.677933,128.267212,1.019954,1.459579,1.520051,1.570252,1.735024,0.126463,0.306741,0.576862,0.52028
310,175.243408,125.412384,1.064581,1.422852,1.640469,1.648435,1.58148,0.102186,0.498895,0.608445,0.605156
311,166.65303,144.062881,1.176702,1.520966,1.422817,1.600907,1.615353,0.169627,0.192583,0.529836,0.635332
312,164.00589,152.844452,1.183945,1.511364,1.426134,1.629387,1.559091,0.18503,0.212371,0.5061,0.626962
313,154.465424,165.530487,1.2996,1.545215,1.330713,1.530242,1.572026,0.232497,0.015014,0.444393,0.570906
314,167.436157,152.77739,1.351439,1.509336,1.371122,1.518363,1.488401,0.176365,0.220054,0.460955,0.577331
315,173.078766,146.406387,1.483691,1.563646,1.323475,1.401816,1.582124,0.150541,0.080361,0.452849,0.522522
316,178.237793,138.389313,1.472675,1.559933,1.398205,1.486352,1.530955,0.122455,0.144515,0.45314,0.552508
317,181.684677,142.26149,1.516461,1.626246,1.357645,1.556242,1.481162,0.136613,0.178772,0.413753,0.60702
318,177.047485,148.374908,1.491473,1.69271,1.322972,1.582779,1.528479,0.15561,0.047976,0.397319,0.611834
319,171.11113,147.244064,1.412474,1.689688,1.376742,1.716604,1.489665,0.160369,0.12933,0.390452,0.654119
320,157.6922,154.051941,1.454707,1.697806,1.273947,1.780105,1.581339,0.205572,-0.10219,0.343376,0.66806
321,144.659225,163.196259,1.496077,1.712397,1.233732,1.864868,1.550649,0.246094,-0.089974,0.323055,0.698894
322,137.700317,161.756256,1.549607,1.680112,1.218796,1.969477,1.618545,0.250258,-0.185014,0.309994,0.717628
323,130.319855,167.001755,1.634279,1.686916,1.241783,2.037464,1.496613,0.270493,-0.184492,0.317994,0.757631
324,136.954651,162.776108,1.820001,1.663693,1.265361,2.025182,1.56429,0.245709,-0.302022,0.334988,0.733978
325,135.80072,156.58075,1.978647,1.668813,1.288558,1.932916,1.587572,0.232075,-0.319256,0.375996,0.695163
326,147.523392,153.34726,2.078591,1.65275,1.387102,1.931215,1.62649,0.195957,-0.487851,0.4071,0.655594
327,156.973358,148.46228,2.150563,1.568821,1.463136,1.843307,1.623933,0.164692,-0.401497,0.458006,0.625667
328,162.677551,154.557312,2.099632,1.611701,1.477702,1.79943,1.693442,0.171711,-0.399366,0.476159,0.580695
329,164.378021,153.489014,2.046184,1.55832,1.560268,1.752193,1.660477,0.177556,-0.314145,0.531563,0.567512
330,172.55159,153.194885,1.937584,1.495716,1.679188,1.610326,1.717211,0.158031,-0.177711,0.604375,0.511587
331,178.893539,143.978821,1.83068,1.423494,1.824386,1.546221,1.767634,0.124286,-0.166669,0.69737,0.463553
332,166.552322,153.525467,1.808284,1.370653,1.811878,1.471411,1.822485,0.182588,-0.13704,0.705555,0.42962
333,155.616425,160.215515,1.788606,1.331156,1.776848,1.38873,1.864092,0.221124,0.048316,0.697302,0.40862
334,150.489517,155.914246,1.774021,1.331973,1.753284,1.288449,1.888831,0.223801,0.10294,0.707105,0.371643
335,158.701141,138.681793,1.743097,1.315366,1.811881,1.211087,1.92114,0.167232,-0.015626,0.737179,0.316888
336,154.577133,136.463852,1.666147,1.315473,1.729084,1.217872,1.863446,0.175142,0.01136,0.685561,0.338432
337,150.109802,139.396057,1.562776,1.334231,1.637524,1.120721,1.819232,0.182447,0.188598,0.654027,0.328881
338,144.736069,137.980972,1.4888,1.333192,1.584496,1.065297,1.733264,0.185661,0.282539,0.645567,0.32626
339,148.552109,135.143707,1.428897,1.399762,1.561194,1.081675,1.684209,0.169418,0.176126,0.618529,0.343682
340,140.850159,139.044678,1.388879,1.452749,1.500678,1.193825,1.645268,0.195508,0.018841,0.540026,0.430419
341,134.678253,136.808105,1.498272,1.515837,1.434678,1.273246,1.662558,0.213324,-0.216628,0.48755,0.484533
342,123.685265,145.452377,1.488716,1.592576,1.493963,1.316152,1.517884,0.240019,-0.234467,0.484422,0.538029
343,119.837158,135.709106,1.53836,1.568047,1.535916,1.431174,1.492194,0.23217,-0.316696,0.464226,0.57727
344,141.724091,127.44989,1.654973,1.612613,1.512123,1.355439,1.613723,0.182779,-0.258057,0.460862,0.502117
345,155.106735,134.917221,1.66993,1.682671,1.483832,1.325875,1.642729,0.173922,-0.094585,0.412574,0.464169
346,160.760971,138.61998,1.573651,1.761972,1.449252,1.336601,1.641843,0.173198,-0.074948,0.369934,0.456613
347,169.054916,135.402832,1.517271,1.789206,1.458255,1.416184,1.60214,0.151599,-0.104202,0.36286,0.478088
348,164.128555,131.161667,1.538041,1.810186,1.39873,1.476619,1.622235,0.156633,-0.066016,0.333588,0.501987
349,168.076416,125.602463,1.599194,1.818843,1.442977,1.47769,1.631848,0.134665,-0.163386,0.355986,0.510274
350,174.605804,119.62812,1.650213,1.787362,1.566501,1.476628,1.559303,0.108476,-0.106335,0.410505,0.52589
351,179.765976,123.882935,1.667384,1.805008,1.570619,1.435739,1.460278,0.112052,0.051645,0.421789,0.582633
352,180.149017,115.454269,1.524747,1.815538,1.592601,1.526749,1.387002,0.094728,0.181422,0.444319,0.626942
353,182.879105,112.42569,1.41683,1.773997,1.573336,1.577488,1.407461,0.090424,0.211675,0.434639,0.63464
354,180.389969,114.060715,1.281395,1.808388,1.459976,1.574816,1.465599,0.102675,0.182454,0.401078,0.65191
355,186.173706,129.035004,1.214707,1.894056,1.356134,1.561141,1.505792,0.131298,0.158474,0.35864,0.652933
356,190.317291,138.015182,1.171942,1.889714,1.378735,1.598867,1.46963,0.146026,0.286625,0.354287,0.67183
357,196.811508,140.690155,1.201482,1.83591,1.472481,1.578697,1.453378,0.136039,0.419089,0.396157,0.662552
358,189.798828,158.565369,1.206534,1.860918,1.427548,1.575005,1.475925,0.173781,0.400369,0.36667,0.648088
359,184.250061,169.598679,1.224383,1.79832,1.436976,1.549024,1.534519,0.192576,0.26814,0.372843,0.602506
360,171.83139,178.674652,1.259272,1.693361,1.41705,1.583629,1.570891,0.22958,0.28152,0.363457,0.570411
361,152.117935,182.892715,1.356019,1.563141,1.357547,1.525402,1.693457,0.272137,0.14507,0.377267,0.506345
362,137.145538,175.727417,1.459838,1.467565,1.307813,1.458777,1.779014,0.270652,-0.083988,0.406632,0.467342
363,118.881592,164.612076,1.542193,1.407678,1.241785,1.472396,1.774356,0.273656,-0.214108,0.414351,0.482604
364,118.522736,148.793564,1.685026,1.367656,1.205116,1.513519,1.689087,0.239567,-0.423498,0.413155,0.531055
365,113.417435,145.712799,1.726097,1.399811,1.204805,1.469939,1.497729,0.241071,-0.39785,0.411196,0.583146
366,116.924416,134.185135,1.70062,1.429827,1.222286,1.456991,1.488711,0.214299,-0.424602,0.411141,0.588334
367,126.878174,128.160858,1.614066,1.499257,1.309356,1.40124,1.437345,0.191854,-0.347895,0.443328,0.589863
368,151.283295,116.485764,1.451596,1.564602,1.485237,1.399026,1.498883,0.111884,-0.111972,0.506789,0.540418
369,164.882568,109.767288,1.367317,1.605038,1.581779,1.483587,1.488537,0.087968,0.129636,0.51822,0.579064
370,176.159363,112.099167,1.404058,1.686344,1.615699,1.455422,1.54608,0.086149,0.07336,0.519446,0.570651
371,184.643768,112.747299,1.402836,1.699221,1.719589,1.514162,1.558151,0.073133,0.147484,0.533595,0.573579
372,188.953827,121.285461,1.412695,1.754841,1.711081,1.478945,1.602221,0.082938,0.094638,0.515465,0.575269
373,192.324875,123.248047,1.389682,1.763306,1.725856,1.529202,1.613095,0.083257,0.20228,0.519157,0.56459
374,187.607468,143.65686,1.43154,1.809104,1.588787,1.486721,1.661116,0.150646,0.090757,0.440913,0.553418
375,183.856689,157.962036,1.383123,1.838655,1.518556,1.458122,1.677134,0.187137,-0.004656,0.401332,0.528074
376,181.38147,159.209091,1.294827,1.865357,1.468333,1.439338,1.631447,0.193554,0.019495,0.376287,0.501017
377,184.551636,153.436066,1.295659,1.825703,1.439281,1.390586,1.531858,0.173492,0.215743,0.357557,0.511711
378,179.13501,153.576111,1.304454,1.832581,1.342308,1.328264,1.479452,0.173599,0.228968,0.316691,0.509166
379,175.67688,154.012283,1.386111,1.797344,1.295621,1.323614,1.354763,0.185363,0.252417,0.297852,0.53577
380,174.733368,150.874557,1.41297,1.757677,1.263783,1.298147,1.403687,0.174677,0.147336,0.297347,0.528831
381,165.767563,158.618729,1.403264,1.752055,1.238442,1.346199,1.329105,0.203925,0.187832,0.299986,0.571149
382,168.62886,150.270065,1.439932,1.636376,1.280761,1.353305,1.361261,0.178017,0.094157,0.370008,0.584477
383,165.679733,143.81424,1.394078,1.527986,1.355112,1.35983,1.436443,0.156033,0.036467,0.443641,0.560761
384,153.202805,160.138229,1.434923,1.429264,1.370413,1.343047,1.374635,0.215128,-0.054592,0.463317,0.57861
385,145.971191,160.190918,1.438805,1.359995,1.391613,1.241583,1.467089,0.225457,-0.028926,0.514224,0.50298
386,140.461838,165.582748,1.401057,1.36659,1.396898,1.171137,1.538269,0.251493,0.068127,0.505413,0.456844
387,142.928192,163.432693,1.313512,1.392597,1.373602,1.13184,1.645588,0.244923,0.165116,0.489716,0.414364
388,151.911667,154.896454,1.231261,1.424107,1.412222,1.150625,1.712918,0.209956,0.141133,0.507328,0.373861
389,157.670563,150.279739,1.139873,1.404984,1.454425,1.19787,1.706532,0.183956,0.259918,0.525648,0.362609
390,151.222015,158.750275,1.104695,1.432067,1.362075,1.295404,1.779642,0.221276,0.337335,0.461214,0.393655
391,145.538116,164.329224,1.140504,1.506104,1.337989,1.353539,1.851321,0.249742,0.287162,0.455232,0.394259
392,156.369904,160.048294,1.206817,1.509502,1.50497,1.453733,1.810476,0.21187,0.109073,0.514836,0.425535
393,158.534256,159.73642,1.383036,1.539395,1.585192,1.497553,1.835035,0.213115,-0.098762,0.527659,0.479767
394,158.014572,161.044937,1.576492,1.52991,1.670496,1.531404,1.839444,0.219232,-0.165425,0.55731,0.520376
395,149.761322,168.464996,1.716329,1.510289,1.738286,1.581015,1.749029,0.248881,-0.187293,0.5744,0.551329
396,145.514206,172.398193,1.793169,1.507514,1.715965,1.620995,1.722307,0.262245,-0.190539,0.565804,0.572684
397,140.522003,173.126617,1.833619,1.513271,1.639832,1.635311,1.655713,0.27389,-0.133533,0.547754,0.587136
398,144.509995,161.073105,1.790679,1.52263,1.566504,1.673884,1.722821,0.237378,-0.361765,0.520643,0.583533
399,139.794678,150.898972,1.789634,1.526657,1.493391,1.612347,1.729828,0.224063,-0.247456,0.510947,0.565127
400,148.975739,141.181625,1.748194,1.526331,1.568835,1.550361,1.719773,0.167815,-0.363979,0.53992,0.52583
401,151.407227,142.915009,1.853022,1.488066,1.609765,1.404554,1.618192,0.163319,-0.328528,0.558325,0.495456
402,135.114594,150.816727,1.94212,1.49863,1.505587,1.307902,1.453301,0.229181,-0.238967,0.509488,0.550382
403,121.761383,145.286407,1.947363,1.479629,1.493947,1.221938,1.372449,0.241826,-0.402701,0.509917,0.554078
404,108.82605,146.876175,1.924293,1.457584,1.441888,1.154664,1.275356,0.26242,-0.445346,0.4974,0.56073
405,100.268951,146.25325,1.872051,1.452567,1.320846,1.255567,1.18162,0.278942,-0.470829,0.450786,0.628228
406,102.560051,140.852097,1.788706,1.405384,1.265193,1.422242,1.157991,0.260147,-0.574542,0.436551,0.698794
407,124.762589,124.332108,1.765267,1.294229,1.260539,1.520782,1.182348,0.18424,-0.219601,0.484707,0.732311
408,143.009003,120.848129,1.603271,1.266467,1.435435,1.603081,1.150635,0.127627,-0.055626,0.580079,0.734132
409,148.652786,121.66227,1.490664,1.350113,1.432663,1.613412,1.16903,0.135105,0.01597,0.580366,0.775467
410,156.538086,136.01123,1.381217,1.399353,1.505568,1.593944,1.180159,0.159269,0.058716,0.568707,0.764611
411,161.577164,143.161377,1.334935,1.471491,1.483063,1.452429,1.387867,0.168844,-0.016461,0.554311,0.658692
412,151.944702,160.169907,1.298108,1.435758,1.429426,1.331635,1.571717,0.225594,-0.039588,0.526294,0.567271
413,150.394226,165.413147,1.211724,1.348202,1.46936,1.334061,1.62361,0.229812,0.086885,0.559307,0.5157
414,146.651764,170.397537,1.151851,1.220999,1.500468,1.39042,1.640698,0.23646,0.14496,0.62033,0.487376
415,139.751068,180.439972,1.114611,1.155827,1.462113,1.510912,1.631607,0.269159,0.182256,0.602898,0.526471
416,133.81546,184.458038,1.054246,1.133264,1.479957,1.61043,1.588692,0.280196,0.241335,0.601302,0.555717
417,128.695084,176.406525,1.137855,1.214077,1.429502,1.611407,1.647966,0.282603,0.105171,0.580431,0.56518
418,132.161484,164.018646,1.208452,1.318981,1.432268,1.614257,1.709476,0.25487,-0.076909,0.564155,0.582349
419,138.485092,140.106491,1.28012,1.324759,1.494965,1.622947,1.789273,0.189078,-0.060352,0.578479,0.553828
420,139.780426,124.266312,1.295907,1.344609,1.603079,1.615776,1.799597,0.150246,0.007024,0.613739,0.5113
421,128.3853,133.540665,1.358398,1.449282,1.481676,1.508468,1.888741,0.200926,-0.110051,0.58022,0.486197
422,123.879517,137.011215,1.416306,1.393703,1.524789,1.448801,1.875545,0.219252,-0.121015,0.603868,0.475265
423,135.244476,126.353516,1.454156,1.251029,1.77755,1.480676,1.740835,0.167312,-0.112179,0.70182,0.47423
424,122.827934,146.682739,1.497215,1.270775,1.743229,1.456722,1.6817,0.243398,-0.258523,0.681933,0.523542
425,115.796295,160.336258,1.469812,1.315804,1.740559,1.504545,1.568775,0.294092,-0.280698,0.680367,0.573355
426,113.199509,168.55835,1.477845,1.265083,1.744296,1.581175,1.529778,0.31791,-0.083827,0.669999,0.592826
427,124.135086,173.763748,1.492967,1.27584,1.714993,1.667859,1.641154,0.301067,-0.284479,0.656425,0.589482
428,143.905228,170.592072,1.45564,1.246016,1.748708,1.836486,1.645346,0.242672,-0.160829,0.647066,0.633998
429,146.512238,175.477615,1.410936,1.311254,1.664576,1.921973,1.686921,0.245913,-0.158572,0.61236,0.643766
430,139.019135,190.072083,1.326773,1.38952,1.545475,1.961726,1.686157,0.28916,-0.235228,0.548853,0.664307
431,133.972946,197.129669,1.285744,1.442374,1.526752,1.929053,1.537435,0.319189,-0.064562,0.510964,0.699178
432,135.443878,193.48468,1.252991,1.501242,1.503034,1.912196,1.462094,0.316175,0.024509,0.466774,0.728812
433,138.068344,185.492889,1.232655,1.554658,1.446568,1.914081,1.391464,0.302066,0.246994,0.40617,0.761591
434,139.089111,183.306808,1.293916,1.640734,1.352747,1.82885,1.381429,0.300649,0.123205,0.350014,0.750308
435,143.687149,179.98494,1.35671,1.713382,1.253856,1.793372,1.356004,0.289511,0.074177,0.295678,0.745073
436,154.698853,169.623703,1.371127,1.727603,1.175526,1.871913,1.303487,0.250902,0.288456,0.252209,0.777705
437,165.032715,162.783066,1.331792,1.753467,1.108822,1.955253,1.332925,0.216761,0.465967,0.209513,0.786794
438,168.964859,162.726318,1.322824,1.778869,1.065742,1.980832,1.40039,0.212744,0.457658,0.186264,0.765576
439,162.636749,171.941833,1.284018,1.838193,1.06657,1.97253,1.427934,0.24418,0.388704,0.174857,0.744971
440,159.833588,170.226151,1.299299,1.851411,1.129891,1.902776,1.44592,0.245271,0.198649,0.20396,0.73284
441,156.832214,152.92865,1.302334,1.798495,1.224258,1.931789,1.398547,0.222567,0.197194,0.255894,0.769252
442,150.635773,143.463593,1.365009,1.795428,1.241172,1.885042,1.370748,0.213352,0.096498,0.288542,0.806392
443,138.391495,134.216782,1.438628,1.766334,1.211064,1.882654,1.379745,0.217293,-0.093009,0.319088,0.831273
444,138.554352,133.493698,1.493293,1.684639,1.361987,1.922236,1.210417,0.207616,-0.100167,0.395047,0.871986
445,138.208145,132.625854,1.558671,1.587024,1.427942,1.926884,1.203017,0.202088,-0.123488,0.448631,0.87116
446,138.667206,145.747177,1.552093,1.55767,1.475934,1.901729,1.12983,0.223729,-0.09917,0.480036,0.901231
447,139.343658,158.408493,1.541811,1.572456,1.445475,1.89929,1.133773,0.254691,-0.146355,0.476438,0.898025
448,145.980713,155.977509,1.486305,1.537956,1.486871,1.905167,1.171869,0.233205,-0.067781,0.495104,0.890448
449,150.346329,156.450684,1.465206,1.540181,1.488756,1.910505,1.155172,0.226197,0.092452,0.507963,0.885118
