time_index,z0,z1,z2,z3,z4,z5,z6,z7,z8,z9,z10,z11,z12,z13,z14,z15
0,1.082597,0.0,5.488619,0.327723,2.95711,1.944201,0.0,0.734649,2.484255,4.214971,0.0,6.030056,1.252016,2.344545,0.0,1.815607
1,1.090971,0.0,4.97941,0.389132,2.561835,2.10597,0.0,0.232455,2.822347,3.844485,0.0,5.491994,1.249962,1.869453,0.103662,1.527675
2,0.549367,0.0,4.235712,0.206835,2.491296,2.436497,0.0,0.0,2.838605,3.031237,0.239232,4.853761,0.884731,1.810851,0.124334,1.565106
3,0.484533,0.0,3.4172,0.0,1.632058,2.359013,0.0,0.0,1.914546,2.524876,0.478433,4.332056,0.816325,1.201461,0.197861,0.858933
4,0.246534,0.0,2.64404,0.0,1.299255,2.397409,0.0,0.0,1.768427,1.842985,0.885287,3.491944,0.617706,0.957576,0.435049,0.593158
5,0.0,0.0,2.000148,0.0,1.377613,2.381621,0.185183,0.0,1.97896,1.10478,1.082871,2.818398,0.313775,1.17999,0.336658,0.673796
6,0.089145,0.0,1.824256,0.0,1.083648,1.964548,0.011742,0.054357,1.341794,1.255193,0.897821,2.523945,0.265043,0.98252,0.259721,0.433902
7,0.215333,0.0,1.383096,0.009006,0.61836,1.598331,0.016489,0.068331,1.130758,1.18277,0.852696,2.084433,0.293618,0.633921,0.279925,0.011023
8,0.264603,0.0,1.373333,0.084041,0.636944,1.159277,0.137515,0.302221,0.815824,1.336006,0.505819,2.13738,0.238693,0.715517,0.011618,0.14312
9,0.445882,0.0,1.031482,0.404938,0.215656,0.95137,0.230283,0.121883,0.687264,1.179419,0.44108,1.915038,0.303451,0.180315,0.099364,0.0
10,0.319667,0.0,1.245473,0.257157,0.272368,1.033994,0.055993,0.145297,0.617497,0.985115,0.558287,1.780822,0.219758,0.209068,0.268173,0.0
11,0.13453,0.0,1.635263,0.062878,0.389846,1.134351,0.0,0.086153,0.285293,0.978446,0.646124,1.759016,0.004819,0.274426,0.361918,0.164749
12,0.452888,0.0,1.507502,0.363475,0.52295,0.915634,0.0,0.403088,0.060657,1.193471,0.401094,1.954211,0.171963,0.228954,0.371839,0.085026
13,0.460825,0.0,1.450804,0.512769,0.564869,0.883063,0.0,0.666499,0.176866,1.075148,0.326677,1.653147,0.181033,0.32993,0.52933,0.002035
14,0.084621,0.0,1.563056,0.555622,0.995286,1.074692,0.0,0.56724,0.702408,0.820432,0.41681,1.203789,0.0,0.890531,0.437424,0.21902
15,0.0,0.0,1.345038,0.780846,1.097883,1.164988,0.0,0.63641,0.800892,0.675262,0.377132,0.998474,0.0,1.050903,0.449503,0.097494
16,0.0,0.083767,0.938931,1.155633,0.860878,1.191963,0.0,0.62551,0.809376,0.383587,0.531538,0.576117,0.0,0.771623,0.896593,0.0
17,0.0,0.183621,1.308492,0.962417,0.874235,1.285844,0.011875,0.669467,0.084682,0.461583,0.469679,0.814033,0.0,0.942098,0.852126,0.065134
18,0.0,0.388812,0.883411,1.410886,0.481545,1.38633,0.126204,0.656843,0.0,0.040982,0.68323,0.376063,0.0,0.413582,1.539909,0.0
19,0.0,0.535316,0.84923,1.5822,0.349167,1.51263,0.402971,0.591599,0.0,0.0,0.787266,0.331849,0.0,0.291058,1.848623,0.0
20,0.0,0.490245,1.154815,1.411078,0.326183,1.535507,0.29688,0.551963,0.0,0.0,0.730958,0.552371,0.0,0.102775,1.904591,0.132487
21,0.0,0.466743,1.161431,1.379598,0.361678,1.626816,0.330806,0.560866,0.0,0.0,0.802721,0.601475,0.0,0.036029,2.053011,0.194727
22,0.0,0.548283,1.101039,1.18458,0.468707,1.688287,0.330382,0.670563,0.0,0.0,0.85147,0.560571,0.0,0.0,2.077962,0.16544
23,0.0,0.658858,0.750948,1.409943,0.33925,1.596132,0.478341,0.648458,0.0,0.0,0.926818,0.416848,0.0,0.173086,1.958717,0.070296
24,0.0,0.663612,0.383664,1.625116,0.093086,1.380288,0.665595,0.639823,0.0,0.0,0.888944,0.248845,0.0,0.114722,1.971864,0.0
25,0.0,0.621674,0.675938,1.321338,0.209549,1.373695,0.553262,0.502565,0.0,0.0,0.93846,0.305566,0.0,0.464837,1.50185,0.0
26,0.0,0.652278,0.420593,1.247059,0.258667,1.142462,0.551224,0.75196,0.0,0.0,0.696501,0.149838,0.0,0.106818,1.645478,0.0
27,0.195621,0.737911,0.495606,1.170579,0.445711,0.927076,0.632761,0.77604,0.0,0.0,0.292681,0.002017,0.0,0.0,1.702217,0.347228
28,0.461058,0.776905,0.458733,1.134193,0.511936,0.712051,0.73633,0.754927,0.0,0.0,0.0,0.014411,0.272344,0.0,1.613601,0.786638
29,0.71277,0.714804,0.56724,0.792553,0.718323,0.795806,0.755259,0.51497,0.0,0.0,0.0,0.0,0.395463,0.0,1.234919,0.577223
30,0.782063,0.892212,0.24735,0.896845,0.698318,0.869534,0.916694,0.438756,0.082973,0.0,0.0,0.0,0.45311,0.0,1.114286,0.605113
31,1.153353,1.07158,0.356162,0.968927,0.523351,0.934268,1.331407,0.405014,0.107762,0.0,0.0,0.0,0.675322,0.354732,1.264615,0.890723
32,1.405375,1.280216,0.21063,1.015143,0.549384,0.886636,1.610245,0.553338,0.0,0.0,0.0,0.0,0.90698,0.28544,1.48226,1.276319
33,1.693804,1.529931,0.392115,0.987409,0.718577,0.756373,1.617122,0.511243,0.0,0.0,0.0,0.0,1.164644,0.231172,1.457281,1.550004
34,2.038556,1.353101,0.634479,0.591498,0.923153,0.617041,1.472253,0.32213,0.248101,0.0,0.0,0.0,1.198741,0.499782,0.992708,1.6129
35,2.007804,1.609368,0.317738,0.631355,1.39277,0.535073,1.055561,0.247558,0.695643,0.0,0.0,0.0,0.957654,0.509326,0.784349,1.635331
36,1.853717,1.752507,0.315821,0.58596,1.871306,0.513704,0.799395,0.166404,0.943484,0.0,0.0,0.0,0.750766,0.601501,0.609461,1.735075
37,1.66117,1.570595,0.380674,0.513129,1.923639,0.334137,0.466776,0.330812,1.01282,0.0,0.0,0.0,0.574228,0.46812,0.50014,1.499559
38,1.744205,1.037294,0.910586,0.259912,1.504419,0.01833,0.240407,0.538197,0.459783,0.0,0.0,0.0,0.72321,0.320707,0.540352,1.357291
39,1.374751,0.6734,0.885703,0.301996,1.487158,0.0,0.040699,0.309906,0.203702,0.061433,0.0,0.014852,0.736296,0.0,0.427683,1.037978
40,1.010795,0.249815,0.774338,0.080127,1.250061,0.0,0.138345,0.356626,0.078937,0.0,0.0,0.378864,0.73784,0.0,0.324693,0.755455
41,0.569152,0.0,0.581597,0.0,1.177443,0.0,0.031235,0.458649,0.080899,0.082821,0.0,0.510375,0.578349,0.0,0.218505,0.568205
42,0.446873,0.0,0.493958,0.0,1.04337,0.0,0.165231,0.751782,0.322572,0.101621,0.159887,0.619881,0.529374,0.214796,0.232674,0.377053
43,0.106219,0.0,0.396076,0.171228,1.315313,0.072989,0.069902,0.733315,0.877899,0.494494,0.238148,0.603299,0.399307,0.651585,0.0,0.352413
44,0.184614,0.0,0.767224,0.073677,1.358572,0.112443,0.085767,0.991893,0.860581,0.829215,0.15009,0.815736,0.428401,1.104031,0.0,0.349183
45,0.128435,0.0,0.789652,0.0,1.410268,0.202433,0.0,1.246602,1.194731,0.745905,0.262815,0.902142,0.227642,1.353286,0.0,0.196426
46,0.0,0.0,0.734243,0.007135,1.753268,0.330836,0.0,1.090146,1.548409,1.067409,0.315056,0.70966,0.155056,1.377538,0.0,0.140816
47,0.0,0.0,0.735642,0.0,2.117602,0.494857,0.0,1.107654,1.851739,0.885971,0.404332,0.637636,0.102677,1.768426,0.0,0.22098
48,0.0,0.0,0.720441,0.0,2.535914,0.625368,0.0,1.033695,2.033203,0.982678,0.431234,0.58045,0.0,1.965079,0.0,0.426061
49,0.0,0.0,0.588987,0.0,2.640659,0.576669,0.0,1.024593,2.086875,0.918454,0.462582,0.501415,0.009259,1.924509,0.0,0.489012
50,0.047528,0.0,0.498261,0.0,2.405876,0.430644,0.0,1.253033,1.814972,0.835833,0.373882,0.561967,0.174188,1.757278,0.0,0.415923
51,0.323175,0.195146,0.374088,0.0,1.940919,0.356737,0.0,1.16059,1.485022,0.454595,0.478318,0.21552,0.270232,1.24296,0.170779,0.276468
52,0.441482,0.474835,0.259098,0.0,1.728461,0.336912,0.071354,1.128663,1.107474,0.305387,0.428434,0.067115,0.337355,0.8071,0.353136,0.213919
53,0.491852,0.790151,0.089844,0.0,1.552799,0.267224,0.064959,1.196266,0.662778,0.320057,0.337766,0.0,0.342423,0.288001,0.698025,0.328847
54,0.380064,0.899187,0.010801,0.0,1.746687,0.289737,0.0,1.187167,0.501612,0.373322,0.356484,0.0,0.104161,0.00183,0.842429,0.541554
55,0.318751,0.810996,0.057539,0.0,1.663489,0.128757,0.0,1.708148,0.206254,0.457937,0.405964,0.0,0.202769,0.0,1.258324,0.329656
56,0.176174,0.60249,0.0,0.0,1.900129,0.077946,0.0,1.964113,0.025733,0.835287,0.500906,0.251892,0.029985,0.0,1.376389,0.367548
57,0.120252,0.333189,0.016185,0.0,1.603315,0.0,0.0,2.513673,0.0,1.033214,0.633922,0.480878,0.213101,0.0,1.758651,0.022529
58,0.0,0.216479,0.073274,0.0,1.269348,0.0,0.0,2.580886,0.0,0.985212,0.763521,0.531593,0.153508,0.0,1.962213,0.0
59,0.055562,0.155578,0.021098,0.0,1.019922,0.0,0.0,2.669077,0.0,1.169101,0.777052,0.620924,0.219909,0.0,2.131021,0.0
60,0.0,0.240833,0.0,0.060301,0.733965,0.0,0.0,2.051924,0.0,0.844402,0.877958,0.470352,0.0,0.0,1.810194,0.0
61,0.073152,0.119295,0.032868,0.0,0.604599,0.121185,0.0,1.627144,0.0,1.035055,0.940591,0.684367,0.125335,0.0,1.265063,0.0
62,0.049297,0.0,0.250314,0.0,0.44692,0.253514,0.0,1.138517,0.0,0.793762,1.015063,0.783193,0.0,0.381623,0.643178,0.0
63,0.090226,0.0,0.39581,0.0,0.664841,0.328837,0.0,0.917924,0.353824,0.835401,0.800805,1.065068,0.015306,0.635279,0.092717,0.0
64,0.153054,0.0,0.612303,0.0,0.68597,0.221628,0.0,0.995036,0.406107,1.094899,0.611658,0.976263,0.140245,0.564584,0.2198,0.0
65,0.135558,0.0,0.779085,0.034304,1.146644,0.248484,0.0,1.120331,0.529499,1.029907,0.466874,0.94062,0.122312,0.802002,0.224965,0.0
66,0.248479,0.0,0.764579,0.154003,1.20571,0.098431,0.0,1.631436,0.160337,1.011846,0.272197,0.846905,0.351281,0.572692,0.597283,0.0
67,0.192395,0.0,0.602426,0.271639,1.244448,0.0,0.0,1.850814,0.147927,0.853045,0.139114,0.67657,0.257264,0.382685,0.838024,0.0
68,0.137296,0.0,0.422647,0.16547,1.492172,0.062676,0.0,1.702844,0.009782,0.754838,0.127783,0.530109,0.193408,0.032265,0.8996,0.280976
69,0.317881,0.0,0.629151,0.389067,1.381663,0.020826,0.0,1.09763,0.100784,0.658912,0.079678,0.382926,0.433117,0.135528,0.796942,0.600514
70,0.692675,0.0,0.763473,0.365365,1.059871,0.0,0.427559,1.063777,0.0,0.514326,0.026119,0.510524,0.936808,0.367401,0.778157,0.79188
71,1.002026,0.0,0.699782,0.173563,0.785158,0.0,0.829122,1.304347,0.0,0.376123,0.115078,0.754216,1.127918,0.585867,0.823217,1.210111
72,1.157753,0.0,0.55984,0.298886,0.542634,0.0,1.182548,1.476987,0.0,0.349121,0.153783,0.794599,1.351923,0.721549,1.006461,1.420552
73,1.091555,0.0,0.231672,0.503373,0.424848,0.0,1.428453,1.740819,0.0,0.391521,0.176197,0.625127,1.548117,0.676125,1.268698,1.24534
74,1.048623,0.0,0.138179,0.621127,0.236353,0.0,1.499988,1.747479,0.0,0.445283,0.295147,0.547912,1.317713,0.906705,1.351065,1.281525
75,0.864599,0.0,0.19862,0.670976,0.131043,0.0,1.382587,1.69193,0.176064,0.533497,0.535868,0.491231,1.167413,1.380788,1.128398,0.721606
76,0.48036,0.0,0.053288,0.506787,0.380157,0.152411,1.078338,1.54329,0.656338,0.781539,0.853492,0.652129,0.709782,1.788081,0.666408,0.220481
77,0.074933,0.0,0.0,0.769296,0.835621,0.282702,0.894487,1.016224,1.164685,1.10716,0.971171,0.776493,0.102448,2.357855,0.212528,0.339868
78,0.0,0.0,0.120678,0.826638,0.7719,0.426953,0.983461,0.888278,1.178921,1.263798,1.079959,0.861731,0.0,2.522037,0.165603,0.172714
79,0.260696,0.0,0.303111,0.545689,0.0,0.472638,1.011634,1.332223,0.682881,1.462909,1.350003,1.120899,0.261291,2.301314,0.538,0.0
80,0.1203,0.0,0.192133,0.550856,0.0,0.693865,0.748265,1.030549,0.581917,1.560144,1.478537,1.115423,0.128782,1.691586,0.775682,0.0
81,0.07758,0.0,0.396089,0.161565,0.0,0.831166,0.474832,0.964685,0.270635,1.656353,1.476457,1.62065,0.0,1.450835,0.57045,0.0
82,0.223989,0.0,0.402202,0.037553,0.0,1.046576,0.269411,0.894912,0.074913,1.73581,1.622657,1.708514,0.0,1.07528,0.871127,0.0
83,0.408047,0.0,0.332947,0.0,0.015707,0.932653,0.431011,1.033064,0.0,1.991689,1.487946,1.869266,0.08773,0.645786,0.957843,0.0
84,0.412692,0.0,0.378758,0.0,0.092483,0.626135,0.103076,0.938986,0.0,1.725823,1.463412,1.717218,0.036317,0.489244,0.971652,0.0
85,0.302468,0.0,0.643678,0.0,0.451545,0.421295,0.0,1.23437,0.0,1.589266,1.408157,1.592504,0.270536,0.442469,0.892099,0.0
86,0.468076,0.0,0.563319,0.0,0.714257,0.00746,0.0,1.65086,0.0,1.580116,1.207757,1.759626,0.533225,0.445203,0.875919,0.0
87,0.567225,0.0,0.120089,0.0,0.838567,0.0,0.071235,2.002969,0.15869,1.359324,1.017352,1.548912,0.768028,0.116917,1.199954,0.03041
88,0.727614,0.0,0.577803,0.0,0.858452,0.0,0.251162,2.139921,0.0,1.343841,0.80826,1.657203,0.922047,0.419709,1.076468,0.45438
89,0.389347,0.0,0.182811,0.0885,0.885554,0.0,0.179907,1.857562,0.240711,0.754861,0.653439,0.88237,0.868893,0.129818,1.119762,0.313575
90,0.458679,0.0,0.402542,0.0,1.165484,0.0,0.375748,1.415902,0.540548,0.510897,0.480373,0.940077,0.70877,0.660206,0.508163,0.582917
91,0.491204,0.0,0.233479,0.0,1.508116,0.0,0.443241,1.134805,0.638009,0.360059,0.165153,0.701467,0.830592,0.499231,0.303173,0.654881
92,0.871882,0.181645,0.226218,0.0,1.445982,0.0,0.506544,0.743687,0.553303,0.072922,0.0,0.372548,0.877438,0.039762,0.506075,0.932955
93,1.349654,0.498384,0.645688,0.149284,1.309511,0.0,0.740024,0.520089,0.286125,0.0,0.0,0.309823,1.250596,0.066363,0.621709,1.274435
94,1.621294,0.482875,0.782121,0.307887,1.410967,0.0,0.697899,0.644872,0.298664,0.0,0.0,0.365696,1.317792,0.077007,0.722276,1.378172
95,1.791701,0.281831,1.015918,0.575146,1.403251,0.0,0.409008,1.152999,0.237416,0.083279,0.0,0.505965,1.336757,0.273601,0.949556,1.488986
96,1.769718,0.0,1.409931,0.68156,1.455928,0.0,0.019819,1.474488,0.198992,0.601081,0.0,0.757603,1.373633,0.393926,0.99933,1.381832
97,1.582996,0.0,1.57602,0.687467,1.378066,0.0,0.0,1.778705,0.336756,0.77877,0.0,1.144374,1.277811,0.595938,0.839283,0.958708
98,1.280545,0.0,1.987298,0.76613,1.13956,0.0,0.0,1.694593,0.497911,1.214001,0.0,1.753887,1.092373,1.15955,0.353296,0.939279
99,0.916641,0.0,2.080648,1.005806,0.942157,0.0,0.0,1.375505,0.816729,1.410592,0.0,1.89894,0.837501,1.204579,0.128132,0.861919
100,0.735625,0.0,2.135764,0.961771,0.795842,0.0,0.0,1.463718,0.905042,1.826834,0.0,2.318386,0.835558,1.290266,0.0,0.670925
101,0.684874,0.0,2.162311,0.927242,0.793957,0.0,0.0,1.503731,0.827017,2.024834,0.0,2.551616,0.829993,1.24161,0.0,0.364911
102,0.705746,0.0,2.214732,0.75523,0.774572,0.0,0.0,1.481689,0.740818,1.950546,0.0,2.618323,0.688991,1.220432,0.0,0.377756
103,0.331868,0.0,2.034868,0.855994,1.125429,0.0,0.0,1.066946,0.949895,1.634833,0.0,1.935548,0.48521,1.033993,0.0,0.465595
104,0.36358,0.0,2.033494,0.841269,1.235737,0.03404,0.0,0.741975,0.915186,1.230065,0.0,1.377065,0.340222,0.787514,0.01792,0.511739
105,0.385966,0.0,2.074309,0.638667,1.591509,0.247448,0.0,0.704224,1.049039,0.784202,0.0,1.102013,0.215703,0.957268,0.0,0.536599
106,0.467599,0.0,2.210646,0.605612,2.103014,0.440518,0.0,0.47885,1.304771,0.584288,0.0,0.80407,0.110442,1.248672,0.0,0.87682
107,0.535649,0.0,1.937268,0.435345,2.747199,0.526011,0.0,0.478157,1.763726,0.859563,0.0,0.502898,0.0,1.392593,0.0,1.143831
108,0.678209,0.168132,1.837983,0.35222,2.846204,0.51521,0.0,0.546418,1.803021,0.887343,0.0,0.423304,0.061629,1.834072,0.0,1.422126
109,0.791546,0.531805,1.367419,0.150824,2.894255,0.615862,0.0,0.746996,2.004425,0.549166,0.0,0.027509,0.161903,1.965499,0.0,1.220635
110,0.906671,0.778055,0.945202,0.058285,2.737192,0.580862,0.0,0.678756,1.976424,0.268903,0.0,0.0,0.244252,1.59402,0.192718,1.011479
111,0.762002,0.858674,0.607328,0.0,2.559459,0.538089,0.0,0.562961,1.849357,0.169717,0.0,0.0,0.162452,1.263758,0.19554,1.010113
112,0.689528,0.955903,0.49233,0.0,2.405233,0.526012,0.0,0.444043,1.532501,0.087136,0.0,0.0,0.17764,1.112347,0.117919,1.13502
113,0.70381,0.64313,0.306968,0.0,2.118563,0.301503,0.168212,0.819211,1.267537,0.059473,0.0,0.0,0.302953,0.800587,0.136392,0.972592
114,0.944621,0.692499,0.433023,0.061493,1.722152,0.055538,0.356383,0.618645,0.827671,0.164731,0.0,0.0,0.638896,0.360293,0.451076,1.060941
115,1.17451,0.699262,0.377692,0.317433,0.994938,0.0,0.692477,0.85002,0.501507,0.0,0.0,0.0,0.951362,0.236213,0.742041,1.095474
116,1.397911,0.669851,0.318592,0.187458,0.888444,0.0,1.155339,1.036381,0.0,0.0,0.0,0.09117,1.227418,0.146432,0.918098,1.516303
117,1.341244,0.593946,0.35397,0.362797,0.791685,0.0,1.248675,0.673951,0.0,0.0,0.0,0.074471,1.270146,0.121729,0.834797,1.473833
118,1.219457,0.346955,0.422036,0.290199,0.799825,0.085912,1.030049,0.540289,0.106088,0.0,0.0,0.213247,1.039001,0.28098,0.573176,1.159441
119,0.993904,0.353868,0.519711,0.373133,1.012443,0.151087,0.523387,0.391618,0.326232,0.0,0.0,0.102996,0.806993,0.120189,0.467901,0.904324
120,0.713393,0.361675,0.701595,0.334083,1.676161,0.332174,0.274644,0.224182,0.55973,0.0,0.0,0.256816,0.392797,0.448704,0.222318,1.22238
121,0.71547,0.225245,0.89801,0.171485,1.441223,0.467707,0.018437,0.313455,0.417633,0.078292,0.0,0.177253,0.465915,0.225581,0.450642,0.693259
122,0.489557,0.322786,0.826484,0.07846,1.779045,0.534854,0.024358,0.297573,0.742124,0.081724,0.0,0.237526,0.205378,0.542431,0.211989,0.932756
123,0.312385,0.443026,0.432558,0.041019,1.979514,0.606599,0.120633,0.309587,1.023329,0.017062,0.008581,0.132086,0.0,0.696321,0.053087,0.902636
124,0.479936,0.428387,0.279549,0.288317,1.172736,0.314475,0.185335,0.387496,0.800447,0.0,0.012329,0.0,0.226113,0.47466,0.141164,0.546441
125,0.664286,0.536331,0.188567,0.391941,0.851867,0.173511,0.433225,0.27105,0.699387,0.0,0.04325,0.0,0.478289,0.437375,0.186978,0.545355
126,0.749286,0.246796,0.0,0.256157,0.581016,0.087145,0.770801,0.342517,0.664398,0.187268,0.126171,0.263069,0.696184,0.431987,0.156535,0.44651
127,0.906738,0.0,0.185829,0.264491,0.03315,0.076212,1.172648,0.202173,0.412616,0.536484,0.292096,0.965051,0.861979,0.609746,0.069091,0.268326
128,0.750547,0.0,0.0,0.329993,0.0,0.215825,1.141132,0.506312,0.469536,0.796722,0.590352,1.46123,0.802633,0.652324,0.018037,0.0
129,0.63456,0.0,0.390351,0.429636,0.0,0.121108,0.880362,0.666291,0.311947,1.038053,0.686465,1.660903,0.539245,1.05796,0.073319,0.071845
130,0.607118,0.0,0.784283,0.606691,0.0,0.0,0.468993,0.771248,0.407151,1.215978,0.402931,1.504642,0.505444,0.952258,0.059144,0.045765
131,0.268934,0.0,1.031667,0.663746,0.329769,0.300368,0.063867,0.730932,0.616754,0.977756,0.222478,1.10017,0.40257,0.746694,0.107057,0.0
132,0.295659,0.0,1.183303,0.776158,0.602948,0.398442,0.0,0.711126,0.740941,1.018417,0.050878,1.031409,0.184511,0.865938,0.061395,0.0
133,0.042544,0.0,1.241802,0.904922,0.858532,0.721105,0.0,0.582688,0.907586,0.814165,0.115713,0.855942,0.0,1.078633,0.128076,0.006584
134,0.0,0.0,1.275523,1.242103,0.775645,0.925579,0.02389,0.464164,0.89127,0.572911,0.176778,0.816102,0.0,1.290032,0.221271,0.064566
135,0.156989,0.197025,1.312886,1.165557,0.365188,1.076453,0.267428,0.757934,0.349426,0.396917,0.222456,0.768199,0.0,0.897427,0.777757,0.0
136,0.0,0.313034,1.111697,1.446362,0.46618,1.273674,0.219479,0.396969,0.320723,0.0,0.402595,0.530776,0.0,0.569427,1.111876,0.041696
137,0.0,0.176511,1.120797,1.31865,0.371535,1.322462,0.167369,0.440968,0.0,0.0,0.587703,0.573612,0.0,0.297526,1.448898,0.155004
138,0.0,0.352672,0.900054,0.77796,0.64611,1.536471,0.393544,0.471264,0.0,0.0,0.671978,0.6308,0.0,0.0,1.583797,0.179491
139,0.0,0.190482,0.79488,0.743402,0.535146,1.508041,0.364656,0.33516,0.0,0.0,0.766323,0.808985,0.0,0.09245,1.399878,0.239682
140,0.0,0.123257,0.864235,0.298785,1.019539,1.643921,0.161664,0.242941,0.176683,0.0,0.847844,0.870819,0.0,0.188907,0.946725,0.319018
141,0.0,0.0,0.922879,0.156339,0.766489,1.357504,0.205659,0.088142,0.435852,0.058458,0.768378,1.029148,0.126591,0.155078,0.731243,0.184667
142,0.0,0.0,1.031661,0.120065,0.957786,1.298197,0.228219,0.010781,0.560587,0.195173,0.537614,1.42612,0.037103,0.481045,0.236493,0.413221
143,0.0,0.0,0.935417,0.014137,0.918744,1.377702,0.032765,0.0,0.731459,0.259021,0.752191,1.321505,0.013207,0.471943,0.313194,0.425541
144,0.0,0.006184,0.954934,0.0,0.80324,1.595275,0.110082,0.0,0.611477,0.411872,0.798101,1.513849,0.097724,0.351567,0.354579,0.232807
145,0.258185,0.0,0.838166,0.0,0.36817,1.472617,0.419403,0.0,0.307872,0.647452,0.612143,1.954679,0.249802,0.015676,0.105537,0.0
146,0.374418,0.0,0.76372,0.0,0.237199,1.434418,0.359275,0.0,0.547755,0.574127,0.731953,1.803558,0.355981,0.0,0.261898,0.0
147,0.350422,0.0,0.998955,0.0,0.30434,1.447032,0.239887,0.0,0.304232,0.675504,0.638942,1.965062,0.301376,0.0,0.228561,0.0
148,0.5806,0.0,1.182953,0.19287,0.384097,1.117604,0.246618,0.0,0.331564,0.937601,0.389935,2.079669,0.410744,0.0,0.257596,0.087388
149,0.500904,0.0,1.466321,0.145008,0.524953,1.241004,0.0,0.0,0.14728,0.629286,0.382904,1.981345,0.356497,0.0,0.313225,0.280005
150,0.711668,0.0,1.411628,0.068465,0.613966,1.18066,0.031039,0.0,0.07618,0.423537,0.23931,1.936296,0.620099,0.0,0.361755,0.265631
151,0.839226,0.0,1.195444,0.028423,0.615165,1.042442,0.399533,0.0,0.08454,0.47245,0.170888,1.669271,1.040983,0.0,0.496043,0.222907
152,1.125863,0.0,0.826302,0.170471,0.40649,0.669678,0.77596,0.0,0.0,0.801913,0.137766,1.885934,1.214954,0.0,0.259848,0.415986
153,1.201782,0.0,0.426012,0.114664,0.082509,0.33311,0.827339,0.0,0.345264,0.903841,0.491037,2.073407,1.333361,0.0,0.155938,0.104658
154,1.273574,0.0,0.311606,0.0,0.0,0.149068,0.985568,0.175881,0.553921,1.422883,0.810021,2.648111,1.274848,0.347053,0.034133,0.082008
155,1.117179,0.0,0.524071,0.0,0.0,0.257843,0.717219,0.078323,0.732131,1.672477,1.087788,2.802094,1.224199,0.523637,0.020239,0.110183
156,1.259575,0.0,0.689987,0.0,0.0,0.093017,0.791077,0.643565,0.655539,2.067274,1.003176,3.183107,1.348506,0.824916,0.044945,0.0
157,1.509269,0.0,0.899715,0.141702,0.0,0.0,0.793526,1.034651,0.655678,2.136095,0.839523,3.028564,1.451089,0.875993,0.269183,0.188399
158,1.765926,0.0,1.099383,0.743344,0.0,0.0,0.855705,1.233556,0.628312,1.752339,0.574327,2.509263,1.63315,0.925032,0.615377,0.514004
159,1.535124,0.0,1.089752,0.901553,0.0,0.0,0.826696,1.312667,0.516319,1.385758,0.483313,1.812672,1.663454,0.782511,1.040382,0.860308
160,1.615881,0.0,0.98051,0.748861,0.0,0.0,1.093886,1.462373,0.141951,1.458663,0.370735,1.848942,1.823887,0.724642,1.088337,0.971253
161,1.609444,0.0,0.619765,0.806516,0.0,0.0,1.2317,1.125121,0.302469,1.174404,0.577318,1.727696,1.806738,0.683058,1.091342,0.909857
162,1.452669,0.0,0.210319,0.207773,0.0,0.0,1.316382,1.333185,0.322209,1.325444,0.860156,2.229635,1.595462,0.908091,0.677014,0.450086
163,1.439686,0.0,0.076955,0.365851,0.0,0.0,1.452392,0.796828,0.733326,1.234182,1.085944,2.105048,1.538805,1.066763,0.42505,0.164101
164,1.204197,0.0,0.07968,0.294872,0.0,0.0,1.315575,0.799362,0.82941,1.427766,0.950334,2.212603,1.307727,1.197524,0.067446,0.032457
165,0.871269,0.0,0.193788,0.375924,0.0,0.075941,0.982929,0.787675,1.136039,1.21518,0.857874,1.889474,1.113538,1.144091,0.0,0.0
166,0.648242,0.0,0.387616,0.304348,0.150247,0.217137,0.756906,0.881572,1.223878,1.383582,0.652743,1.882856,0.920037,1.181777,0.0,0.0
167,0.31198,0.0,0.552521,0.417874,0.861785,0.174034,0.882681,0.772515,1.614331,1.570558,0.397082,1.985857,0.747423,1.440967,0.0,0.743378
168,0.526388,0.0,0.776985,0.374065,0.696965,0.125205,0.847599,0.74482,1.214116,1.658647,0.324225,1.923996,1.121655,1.084855,0.0,0.600058
169,0.81032,0.0,0.699545,0.050826,0.459071,0.115756,0.946996,0.778672,0.787353,1.214459,0.397785,2.111564,1.113531,0.918962,0.016377,0.624789
170,1.102015,0.0,0.414526,0.143807,0.257766,0.080468,1.158547,0.709946,0.609784,1.038635,0.438151,2.148148,1.434868,0.68398,0.0,0.208361
171,1.042159,0.0,0.219221,0.234451,0.163619,0.115438,1.13366,0.299777,0.719843,0.907179,0.536915,1.707455,1.448547,0.36209,0.193679,0.350574
172,0.993523,0.0,0.062741,0.087421,0.263959,0.165434,1.090894,0.22961,0.534748,0.717839,0.483434,1.70853,1.335307,0.262157,0.101095,0.149278
173,0.804415,0.0,0.391771,0.0,0.213291,0.035713,0.952954,0.335845,0.0,1.055604,0.292998,1.927535,1.118779,0.399932,0.0,0.463192
174,0.697845,0.0,0.194102,0.0,0.034215,0.243972,0.829608,0.0,0.356642,0.560387,0.577814,1.443398,0.921921,0.30411,0.00121,0.276656
175,0.639475,0.0,0.0,0.0,0.135126,0.093227,0.83788,0.301146,0.40247,0.759404,0.539951,1.346395,0.795976,0.282116,0.0,0.055904
176,0.316809,0.0,0.0,0.094777,0.164608,0.32856,0.560919,0.226018,0.360214,0.481423,0.533591,1.073554,0.523299,0.212291,0.0,0.0
177,0.15447,0.0,0.144749,0.090155,0.263997,0.681966,0.420434,0.0,0.319051,0.346929,0.493882,0.935642,0.135529,0.199804,0.0,0.0
178,0.159578,0.515565,0.088718,0.185687,0.479598,1.053119,0.497003,0.0,0.547815,0.0,0.46658,0.578114,0.036232,0.271056,0.223261,0.0
179,0.446307,0.861822,0.167973,0.446946,0.690015,1.290743,0.661582,0.0,0.697771,0.0,0.324531,0.287439,0.12275,0.364595,0.427571,0.0
180,0.745393,1.133337,0.387892,0.665133,0.983829,1.273115,0.649989,0.0,0.644489,0.0,0.038812,0.053853,0.173299,0.428775,0.426709,0.311967
181,0.801987,1.379508,0.400045,0.929949,0.923619,1.204966,0.726871,0.0,0.653845,0.0,0.027297,0.0,0.143357,0.572749,0.643206,0.420475
182,0.752545,1.135178,0.48782,0.930282,0.647766,0.968286,0.750011,0.0,0.498646,0.0,0.137858,0.0,0.168462,0.723934,0.554007,0.465101
183,0.347765,0.910689,0.044309,0.712107,0.679346,0.940505,0.841444,0.021645,0.58763,0.0,0.458172,0.030578,0.0,0.75941,0.498306,0.25958
184,0.081197,0.548984,0.0,0.745207,0.194357,0.85322,0.888397,0.00775,0.57901,0.083619,0.786288,0.170811,0.0,0.689523,0.546356,0.0
185,0.0,0.302998,0.0,0.680425,0.0,0.874593,1.031184,0.086824,0.318399,0.284537,1.001829,0.708272,0.0,0.987379,0.366572,0.0
186,0.0,0.442322,0.130385,0.624439,0.0,1.005681,1.002201,0.083576,0.272062,0.380921,1.126804,0.817872,0.0,1.146026,0.365882,0.0
187,0.0,0.555215,0.020835,0.877612,0.0,1.283797,1.263232,0.0,0.476895,0.14954,1.263096,0.750897,0.0,1.21479,0.583829,0.0
188,0.0,0.753093,0.141237,0.735262,0.0,1.352118,1.057506,0.0,0.516412,0.034487,1.249579,0.588008,0.0,1.413272,0.671282,0.0
189,0.0,0.707536,0.18653,0.645603,0.567838,1.194222,1.00075,0.0,0.815093,0.148161,0.990469,0.445017,0.0,1.270836,0.499635,0.057183
190,0.0,0.754741,0.091929,0.963458,0.804266,1.249981,0.979125,0.0,1.024768,0.048357,1.009632,0.195991,0.0,1.427957,0.582539,0.255065
191,0.0,0.98578,0.115203,0.873931,0.873311,1.29182,1.181822,0.0,0.954118,0.039451,1.014387,0.177103,0.0,1.530825,0.647884,0.302218
192,0.0,0.9623,0.0,1.135902,0.206162,1.373162,1.392111,0.0,0.665341,0.0,1.302538,0.17163,0.0,1.684254,0.928626,0.067954
193,0.0,0.820792,0.0,1.05533,0.0,1.573458,1.489764,0.0,0.396422,0.0,1.42445,0.523875,0.0,1.518035,0.873277,0.0
194,0.0,0.948061,0.0,0.839909,0.0,1.808217,1.320535,0.0,0.272709,0.0,1.497742,0.524823,0.0,1.108202,1.087169,0.0
195,0.0,0.704829,0.137737,0.837734,0.0,1.697955,1.057825,0.0,0.01038,0.084304,1.263402,0.90666,0.0,0.851239,0.863612,0.0
196,0.0,0.543649,0.400952,0.742435,0.109023,1.610171,0.575896,0.026516,0.0,0.036471,1.147986,0.744946,0.0,0.507656,1.019566,0.0
197,0.0,0.490996,0.528674,0.816389,0.226353,1.38135,0.376961,0.2771,0.00276,0.0,0.906763,0.463762,0.0,0.117257,1.293131,0.0
198,0.0,0.307844,0.641508,0.871745,0.578396,1.087773,0.130761,0.560507,0.0,0.0,0.52576,0.307935,0.0,0.0,1.307944,0.0
199,0.100795,0.035408,1.056427,0.948004,0.767968,0.707716,0.0,0.558483,0.0,0.112846,0.166228,0.42499,0.0,0.0,1.051928,0.252595
200,0.322366,0.0,1.216992,1.245384,0.541784,0.252078,0.0,0.733749,0.0,0.355883,0.0,0.317108,0.125838,0.0,1.255124,0.321099
201,0.481932,0.0,1.137327,1.066852,0.519562,0.0,0.0,1.316149,0.0,0.65974,0.02188,0.531396,0.137817,0.0,1.347851,0.29877
202,0.544079,0.0,1.115471,1.082102,0.372247,0.0,0.0,1.686437,0.0,0.893285,0.039022,0.627475,0.29729,0.170541,1.58441,0.36751
203,0.297382,0.0,0.872452,1.312147,0.219643,0.103427,0.097735,1.537235,0.0,0.701086,0.241306,0.438802,0.225163,0.15479,1.730696,0.115902
204,0.281719,0.0,0.837615,1.270341,0.047813,0.353291,0.328819,1.194376,0.0,0.699578,0.522755,0.475462,0.067671,0.263284,1.852316,0.343503
205,0.0,0.0,0.850963,0.995649,0.078088,0.72892,0.340662,1.049593,0.0,0.583894,0.832003,0.485143,0.0,0.434433,1.782315,0.139177
206,0.0,0.097938,0.575112,0.875085,0.064736,0.809168,0.628631,1.101387,0.0,0.584253,0.823985,0.70938,0.0,0.440657,1.604152,0.0
207,0.0,0.173924,0.144136,1.038151,0.0,0.788278,0.952833,1.077432,0.0,0.345686,1.134075,0.316716,0.08841,0.511026,1.9734,0.017383
208,0.0,0.0,0.159459,1.062729,0.0,0.451393,1.167587,1.166963,0.0,0.34774,1.17265,0.54951,0.166207,0.900722,1.789705,0.489188
209,0.377806,0.0,0.221758,0.959474,0.0,0.024404,1.616762,1.437919,0.0,0.755131,0.952545,0.791569,0.855433,0.852848,1.747674,0.626152
210,0.659917,0.0,0.256136,0.944449,0.0,0.0,1.765487,1.808564,0.0,0.858114,0.852953,0.9587,1.148954,0.988664,1.818493,0.850015
211,0.63322,0.0,0.151378,0.947209,0.0,0.0,1.751437,2.057299,0.0,0.814087,0.746776,0.846063,1.231752,0.75971,2.061561,0.970418
212,0.447505,0.0,0.0,1.082318,0.0,0.0,1.674264,2.061003,0.0,0.636947,0.81823,0.631418,1.094949,0.753474,2.100469,0.814206
213,0.448973,0.0,0.051502,0.952102,0.0,0.0,1.74474,1.974003,0.0,0.810312,0.810399,0.641462,1.108698,0.896753,1.97999,0.705828
214,0.260196,0.0,0.088658,1.279395,0.0,0.0,1.561743,1.41349,0.0,0.541339,0.911276,0.448685,0.648871,1.148172,1.657703,0.605721
215,0.21635,0.0,0.0,1.162232,0.0,0.0,1.556669,1.50755,0.0,0.578494,0.791624,0.412185,0.659635,1.003122,1.563433,0.418911
216,0.271433,0.0,0.003073,0.926504,0.0,0.0,1.326791,1.346936,0.0,0.565458,0.786158,0.478538,0.543013,1.028823,1.225019,0.220975
217,0.392611,0.0,0.294919,1.07642,0.0,0.0,1.12732,0.83076,0.0,0.52798,0.561969,0.479422,0.425004,0.983905,0.943172,0.39259
218,0.169891,0.0,0.181234,0.516609,0.069426,0.225353,0.54158,0.753425,0.0,0.36908,0.584182,0.453199,0.181629,0.489754,0.578686,0.0
219,0.158919,0.072024,0.38054,0.523806,0.097728,0.322144,0.253173,0.2591,0.291423,0.332258,0.569568,0.335112,0.058326,0.361685,0.430956,0.0
220,0.271064,0.0,0.2368,0.633867,0.076383,0.309066,0.16104,0.344548,0.266501,0.555816,0.390156,0.780088,0.0,0.318427,0.15083,0.0
221,0.420456,0.0,0.600297,0.678785,0.04243,0.355869,0.176601,0.350048,0.568332,0.971028,0.325655,1.068708,0.158882,0.466318,0.0,0.0
222,0.725472,0.0,0.862227,0.804588,0.038923,0.0,0.175835,0.773134,0.820644,1.252967,0.016494,1.301224,0.203728,0.682649,0.0,0.0
223,1.14178,0.0,1.266125,0.884226,0.089856,0.0,0.300899,0.922201,0.774841,1.072279,0.0,1.300505,0.373928,1.048123,0.0,0.275942
224,0.894045,0.268323,1.052819,1.088881,0.815608,0.0,0.345805,0.423421,1.125968,0.858133,0.0,0.72536,0.325665,1.029494,0.0,0.97577
225,1.188146,0.389761,0.905898,0.926363,0.451941,0.0,0.348893,0.346908,0.725932,0.191769,0.0,0.185824,0.616454,0.639959,0.112336,0.722873
226,1.062001,0.399863,0.453742,0.449708,0.696385,0.248116,0.516318,0.168521,0.453239,0.0,0.0,0.105536,0.71081,0.226318,0.169687,0.333759
227,0.726726,0.696473,0.144673,0.221096,0.875998,0.315074,0.42173,0.12505,0.237619,0.0,0.0,0.0,0.587103,0.0,0.275071,0.20076
228,0.697226,0.592647,0.0,0.150228,0.935249,0.215929,0.38592,0.271322,0.224346,0.0,0.0,0.124023,0.479999,0.0,0.296484,0.244108
229,0.698941,0.623094,0.186012,0.0,1.156522,0.414415,0.29372,0.288964,0.386416,0.0,0.0,0.038892,0.400024,0.0,0.331354,0.142019
230,0.549053,0.760672,0.374394,0.283738,1.512546,0.461999,0.18313,0.149359,0.770935,0.0,0.0,0.0,0.16934,0.31585,0.198946,0.577468
231,0.548896,0.690607,0.659319,0.552241,1.248085,0.557204,0.0,0.081001,0.704224,0.0,0.0,0.0,0.14362,0.35267,0.293796,0.464711
232,0.340658,0.35372,0.653091,0.511112,1.199284,0.899119,0.0,0.111536,0.937983,0.0,0.154419,0.212238,0.0,0.472934,0.222867,0.333423
233,0.265638,0.343641,0.821685,0.372908,1.273471,1.421558,0.0,2.3e-05,1.240063,0.0,0.461372,0.447199,0.0,0.584889,0.419211,0.161863
234,0.0,0.558957,1.10405,0.192904,1.912309,2.103442,0.0,0.0,1.506626,0.0,0.649259,0.782188,0.0,1.091501,0.38662,0.493697
235,0.0,0.616621,1.246316,0.259064,2.161777,2.582776,0.0,0.0,1.850038,0.0,0.864933,0.948496,0.0,1.403955,0.478648,0.606
236,0.0,0.481771,1.385506,0.531141,1.76888,2.518103,0.0,0.0,2.097058,0.0,0.948087,0.960172,0.0,1.303148,0.723893,0.474748
237,0.0,0.375819,1.8048,0.499532,1.871901,2.33947,0.0,0.0,1.805237,0.0,0.680901,1.241766,0.0,1.175807,0.61159,0.709414
238,0.09288,0.0,2.165099,0.667512,1.285473,1.890345,0.0,0.0,1.038468,0.259097,0.380647,1.567979,0.0,0.711169,0.541194,0.664628
239,0.614826,0.0,2.071526,0.924114,0.657274,1.39335,0.0,0.0,0.672864,0.330884,0.135723,1.85048,0.147455,0.074565,0.487181,0.36471
240,0.757768,0.0,1.788382,0.672193,0.649578,1.39387,0.0,0.0,0.128175,0.471113,0.091292,2.030091,0.363171,0.0,0.425015,0.293143
241,0.647403,0.0,1.477024,0.144598,0.738542,1.645321,0.101395,0.0,0.0,0.268372,0.238737,1.995753,0.451689,0.0,0.392943,0.124428
242,0.502378,0.0,0.876266,0.0,0.721124,1.887937,0.320277,0.0,0.103026,0.0,0.55162,1.644323,0.581874,0.0,0.451086,0.0
243,0.308571,0.08994,0.456519,0.0,0.545067,1.697236,0.558776,0.0,0.453595,0.0,0.628765,1.281939,0.453588,0.0,0.451588,0.0
244,0.0,0.295132,0.199704,0.178107,0.627778,1.434982,0.60027,0.0,0.712906,0.005212,0.770236,0.990951,0.045271,0.447805,0.250375,0.049655
245,0.188229,0.004451,0.166556,0.483594,0.0,0.953868,1.080623,0.0,0.403976,0.441489,1.024957,1.096355,0.149851,0.874974,0.4187,0.0
246,0.196219,0.0,0.072083,0.703538,0.0,0.911403,1.400204,0.208406,0.206467,0.597362,1.634097,0.917141,0.137205,1.450614,0.977906,0.0
247,0.343323,0.0,0.0,0.920923,0.0,0.731709,1.63524,0.616969,0.0,1.28062,1.726951,1.236477,0.257159,1.504187,1.282219,0.0
248,0.500282,0.0,0.0,0.726673,0.0,0.821539,1.596406,0.752683,0.0,1.84069,1.774579,1.78111,0.196922,1.715102,1.141823,0.0
249,0.274003,0.0,0.50233,0.215719,0.0,1.343058,1.037946,0.350611,0.250705,1.799326,1.93271,1.900151,0.0,1.73286,0.765168,0.0
250,0.326626,0.0866,0.357602,0.262118,0.0,1.777025,0.928417,0.0,0.710514,1.46919,1.940203,1.822322,0.0,1.464756,0.741095,0.0
251,0.067617,0.373471,0.667685,0.0,0.0,2.174195,0.538995,0.0,0.698537,1.019792,1.937732,1.732484,0.0,1.523826,0.545414,0.0
252,0.386673,0.153292,0.332888,0.0,0.0,1.737939,0.876603,0.0,0.630227,1.29003,1.715865,1.744014,0.0,1.07587,0.563172,0.0
253,0.634565,0.0,0.066888,0.028839,0.0,1.42343,1.048505,0.0,0.268956,1.41871,1.600309,1.843784,0.212311,0.93764,0.538915,0.0
254,0.777032,0.0,0.0,0.118263,0.0,1.013459,1.067016,0.0,0.173094,1.337001,1.552953,1.771575,0.423445,0.809235,0.707954,0.0
255,0.807138,0.0,0.0,0.0,0.0,0.398645,0.739792,0.42173,0.202105,1.188576,1.296996,1.771297,0.491352,0.669287,0.566593,0.0
256,0.971222,0.0,0.388064,0.0,0.319455,0.0,0.452218,0.956474,0.08376,1.344654,0.837149,1.854835,0.723152,0.560609,0.349334,0.042153
257,1.034157,0.0,0.650377,0.127728,0.700241,0.0,0.245648,0.627773,0.372741,0.917365,0.362747,1.228241,1.02096,0.026665,0.61027,0.356814
258,1.199392,0.0,1.329974,0.359405,1.064566,0.0,0.0,0.606438,0.079585,0.628677,0.0,1.068314,1.043545,0.095024,0.527271,0.733086
259,1.21732,0.0,1.795044,0.640826,1.297547,0.0,0.0,0.643624,0.022569,0.404961,0.0,0.827153,0.867764,0.141892,0.510874,1.204199
260,1.256306,0.0,2.066931,0.538581,1.456257,0.0,0.0,0.824247,0.0,0.603223,0.0,0.95442,0.905831,0.134736,0.452154,1.195695
261,0.998383,0.0,1.828153,0.561279,1.925678,0.0,0.0,0.657005,0.146999,0.405826,0.0,0.74033,0.547051,0.023545,0.380764,1.226589
262,0.986821,0.0,1.822536,0.446091,1.658947,0.0,0.0,0.818108,0.0,0.295702,0.0,0.586035,0.623736,0.0,0.559919,0.914502
263,0.774247,0.0,1.774215,0.470445,1.962629,0.0,0.0,0.548381,0.014723,0.321763,0.0,0.595458,0.420519,0.029367,0.401337,1.162402
264,0.666724,0.0,1.684871,0.384887,1.861285,0.0,0.0,0.739554,0.0,0.423965,0.0,0.697272,0.414029,0.0,0.556421,1.043174
265,0.511276,0.0,1.427508,0.428633,1.564765,0.0,0.0,1.050206,0.0,0.417516,0.0,0.666832,0.371802,0.0,0.947759,0.834239
266,0.347966,0.0,1.201477,0.274397,1.339925,0.0,0.0,1.430423,0.0,0.460542,0.0,0.799984,0.386691,0.0,1.269624,0.760773
267,0.233884,0.0,0.96622,0.366424,1.091189,0.106449,0.0,1.338078,0.0,0.4148,0.055859,0.514445,0.460327,0.0,1.650903,0.680544
268,0.046025,0.061858,0.434144,0.484906,0.96107,0.209118,0.266067,1.455383,0.0,0.278845,0.16262,0.238565,0.422466,0.0,1.923212,0.814524
269,0.054162,0.166671,0.241375,0.194032,0.959892,0.259138,0.339087,1.43904,0.0,0.00601,0.219954,0.273199,0.356705,0.0,1.572121,0.636502
270,0.407422,0.139855,0.423199,0.300687,0.933805,0.020672,0.637278,1.091244,0.0,0.211355,0.000185,0.263312,0.723294,0.0,1.350641,0.970553
271,0.656221,0.137084,0.666888,0.273038,0.982238,0.0,0.565333,0.81821,0.0,0.096951,0.0,0.301576,0.839821,0.0,0.9452,1.084163
272,0.987459,0.0,0.8801,0.0,1.058457,0.0,0.510672,0.941421,0.0,0.205473,0.0,0.593371,0.957935,0.210315,0.580925,1.046313
273,0.859349,0.101588,0.689877,0.041679,1.311909,0.0,0.173355,0.697031,0.349808,0.0,0.0,0.286405,0.672161,0.13146,0.453871,0.819221
274,0.790432,0.331821,0.72659,0.228404,1.902475,0.022718,0.0,0.51697,0.887235,0.018989,0.0,0.046403,0.425902,0.347528,0.31076,0.933967
275,1.042478,0.321056,1.222585,0.229506,2.437861,0.0,0.0,0.631713,1.131554,0.179231,0.0,0.034874,0.384235,0.657068,0.318424,1.244834
276,1.385833,0.273208,1.894465,0.45885,2.618404,0.0,0.0,0.762233,1.25203,0.616088,0.0,0.145428,0.503711,1.019824,0.365458,1.30271
277,1.60677,0.182728,2.421822,0.611689,2.668962,0.0,0.0,0.997724,1.425655,0.683263,0.0,0.302927,0.54812,1.29279,0.390425,1.263159
278,1.650128,0.191929,2.603953,0.523806,2.971969,0.0,0.0,1.126711,1.413313,1.05931,0.0,0.666484,0.506396,1.604167,0.17209,1.502599
279,1.383301,0.234738,2.124818,0.547223,3.143519,0.0,0.0,0.877932,1.640672,0.970573,0.0,0.480583,0.146044,1.442915,0.034457,1.62634
280,1.402636,0.441866,1.750738,0.650607,2.133043,0.0,0.0,0.716853,1.321352,0.367229,0.0,0.0,0.328762,0.873157,0.310289,0.989005
281,1.299781,0.669103,1.170274,0.826362,1.601984,0.0,0.0,0.455854,1.15166,0.0,0.0,0.0,0.352137,0.500523,0.416095,0.679954
282,1.437466,0.49717,1.099725,0.382511,1.377514,0.0,0.0,0.633512,0.697853,0.171505,0.0,0.0,0.424055,0.578317,0.314319,0.942413
283,1.154071,0.530246,0.715559,0.543645,1.588995,0.0,0.036332,0.548427,0.930128,0.124819,0.0,0.0,0.300304,0.734878,0.106452,1.064634
284,1.236191,0.491031,0.70147,0.660069,1.008738,0.0,0.128737,0.641331,0.742499,0.118574,0.0,0.0,0.625508,0.685253,0.252353,0.749321
285,1.132058,0.300342,0.510929,0.649353,0.926646,0.0,0.518063,0.545098,0.720391,0.222637,0.0,0.140048,0.565999,0.888695,0.087026,1.108916
286,1.117304,0.047103,0.440698,0.482255,0.34937,0.0,0.885399,0.796951,0.480223,0.123839,0.0,0.366029,0.804061,0.936241,0.187296,0.980797
287,0.761279,0.0,0.19562,0.540447,0.357773,0.0,0.974485,0.615383,0.608513,0.093993,0.148562,0.361226,0.880904,0.734686,0.207194,0.64592
288,0.648888,0.0,0.230577,0.31741,0.347633,0.0,0.825931,0.881354,0.573053,0.311829,0.272347,0.68896,0.830546,0.862438,0.12054,0.637376
289,0.245106,0.0,0.184179,0.144992,0.928852,0.0,0.705282,0.882765,0.621504,0.677717,0.193771,1.030298,0.473838,1.019244,0.0,0.936694
290,0.320434,0.0,0.273169,0.073886,0.637806,0.0,0.656672,1.036456,0.486024,0.684722,0.298771,0.960231,0.693776,0.844336,0.030673,0.540156
291,0.330498,0.0,0.233306,0.18075,0.474157,0.0,0.554315,1.01031,0.462478,0.317733,0.429337,0.602228,0.747993,0.692406,0.221038,0.237581
292,0.38025,0.0,0.161623,0.096909,0.593951,0.0,0.567426,0.964935,0.418211,0.29768,0.321619,0.54478,0.542248,0.657579,0.181954,0.386032
293,0.27969,0.0,0.104169,0.049533,0.824116,0.019038,0.55861,0.916599,0.465065,0.35443,0.2456,0.438235,0.544048,0.67628,0.101817,0.240521
294,0.179554,0.08907,0.0,0.057954,0.785416,0.09515,0.338422,0.686105,0.651665,0.17133,0.307207,0.175004,0.35828,0.403707,0.16096,0.026783
295,0.069063,0.105549,0.0,0.0,0.953667,0.398712,0.201893,0.20532,0.75565,0.1948,0.408956,0.278416,0.113509,0.407848,0.0,0.170368
296,0.0,0.289397,0.266591,0.0,1.139693,0.900391,0.0,0.037358,0.549741,0.0,0.548285,0.568134,0.0,0.718744,0.0,0.223348
297,0.006284,0.272399,0.510167,0.0,0.970758,1.185989,0.0,0.001695,0.55421,0.032534,0.728967,0.637799,0.0,0.666997,0.156094,0.0
298,0.0,0.347639,0.569347,0.0,1.366385,1.522074,0.0,0.0,1.186172,0.0,0.88978,0.626794,0.0,1.09952,0.199262,0.228206
299,0.0,0.546452,0.694367,0.0,1.516816,1.642763,0.173099,0.086438,1.540837,0.045315,0.880622,0.648964,0.0,1.358723,0.294707,0.342351
300,0.0,0.58986,0.745223,0.232048,1.554863,1.747336,0.494173,0.059248,1.795917,0.173245,0.91118,0.749798,0.0,1.723133,0.277454,0.415638
301,0.0,0.480158,0.732895,0.414065,1.20925,1.743304,0.285992,0.188613,1.637613,0.240659,1.088896,0.695123,0.0,1.742566,0.402844,0.178051
302,0.0,0.191051,0.831942,0.504398,0.76192,1.553033,0.266567,0.456032,1.286363,0.588055,1.038634,0.930224,0.0,1.672157,0.371044,0.0
303,0.0,0.094833,0.930334,0.488878,0.77134,1.444814,0.577935,0.516935,1.351269,1.007846,0.832392,1.294006,0.0,1.612427,0.242818,0.0
304,0.0,0.118106,0.865758,0.73494,0.487701,1.417513,0.822343,0.449304,1.242288,1.125021,0.734468,1.540191,0.0,1.48521,0.184349,0.0
305,0.0,0.639419,0.755816,0.732767,0.783991,1.704815,0.761836,0.0,1.425028,0.793618,0.935111,1.173461,0.0,1.504783,0.334014,0.29401
306,0.0,0.737903,0.438568,0.94202,0.0,2.042893,0.948185,0.0,0.781144,0.217309,1.227383,1.059382,0.0,1.274658,0.737197,0.0
307,0.001089,0.770741,0.325351,0.798228,0.0,2.066007,1.278413,0.0,0.640237,0.0,1.248411,0.961009,0.0,0.998253,0.80325,0.0
308,0.0,0.835968,0.09429,0.837866,0.005,2.068042,1.273628,0.0,0.252946,0.0,1.185405,0.741495,0.0,0.674738,1.013916,0.0
309,0.0,0.917786,0.061126,1.040081,0.0,1.853175,1.043166,0.0,1.2e-05,0.0,1.049564,0.470996,0.0,0.70546,1.287147,0.0
310,0.051094,0.688887,0.241883,0.93744,0.16597,1.344179,0.890682,0.076647,0.165636,0.0,0.774726,0.283991,0.0,0.441045,1.138886,0.0
311,0.291718,0.627867,0.558041,0.993621,0.272163,0.970936,0.852048,0.084236,0.0,0.0,0.309408,0.231732,0.123469,0.277925,0.969743,0.287307
312,0.170537,0.591508,0.274311,0.846339,0.452089,1.021691,0.652184,0.127746,0.240438,0.0,0.337141,0.021057,0.146712,0.050952,0.867828,0.139088
313,0.114829,0.428521,0.150999,0.301375,0.81102,1.171295,0.486418,0.0,0.418703,0.0,0.407274,0.427259,0.0,0.269657,0.377127,0.1469
314,0.362762,0.580797,0.177749,0.09502,0.631877,1.455357,0.656074,0.0,0.372311,0.0,0.469267,0.504323,0.37759,0.153004,0.484143,0.0
315,0.432316,0.383451,0.220137,0.0,0.735349,1.505493,0.541698,0.0,0.263608,0.0,0.41541,0.875604,0.407723,0.135504,0.19285,0.0
316,0.422718,0.575861,0.220037,0.0,1.074417,1.53136,0.478767,0.0,0.509363,0.0,0.411467,0.8188,0.375093,0.23595,0.243249,0.015171
317,0.25683,0.529889,0.317874,0.0,1.276505,1.373795,0.30808,0.0,0.450914,0.02357,0.280029,0.852905,0.187152,0.487482,0.0,0.280027
318,0.212221,0.464236,0.173029,0.0,1.319305,1.116158,0.385486,0.0,1.011919,0.0,0.369943,0.487668,0.237523,0.591649,0.045804,0.129788
319,0.148512,0.265354,0.211609,0.0,1.249146,0.746934,0.093306,0.075526,1.167874,0.079164,0.453485,0.209515,0.217035,0.598843,0.097186,0.001191
320,0.0,0.058509,0.415012,0.0,1.648707,0.560589,0.0,0.550186,1.189374,0.284715,0.409852,0.348014,0.0,1.032071,0.0,0.293008
321,0.0,0.0,0.507663,0.0,1.998013,0.586869,0.0,0.632394,1.647982,0.4321,0.415686,0.406335,0.0,1.360723,0.0,0.370305
322,0.0,0.025699,0.6775,0.0,2.395901,0.740994,0.0,0.817626,1.783985,0.566487,0.391967,0.46817,0.028096,1.661905,0.0,0.42944
323,0.0,0.0,0.656504,0.0,2.410824,0.908246,0.0,0.608453,1.989774,0.314762,0.527293,0.20771,0.0,1.601679,0.0,0.406142
324,0.0,0.155545,0.645079,0.0,2.790436,1.103165,0.0,0.344922,2.181701,0.201767,0.521816,0.164104,0.0,1.713687,0.0,0.702153
325,0.0,0.175612,0.629482,0.0,2.558476,1.048572,0.0,0.345798,2.033482,0.105885,0.503868,0.124618,0.0,1.612609,0.0,0.64493
326,0.0,0.300387,0.554188,0.0,2.457258,0.995232,0.0,0.369663,1.851905,0.136599,0.479859,0.029113,0.0,1.459658,0.0,0.613804
327,0.0,0.288991,0.384114,0.0,2.11406,0.840444,0.026624,0.397528,1.565383,0.116103,0.42202,0.067578,0.0,1.284935,0.0,0.646776
328,0.0,0.575427,0.377517,0.0,1.997346,0.907281,0.243705,0.264777,1.351979,0.064862,0.40771,0.0,0.0,1.184122,0.070753,0.688569
329,0.181948,0.702236,0.24808,0.24535,1.261633,0.8616,0.38743,0.366547,0.866914,0.0,0.489062,0.0,0.018382,0.880791,0.461874,0.41313
330,0.208139,0.672784,0.209008,0.233412,0.943859,0.718124,0.539524,0.55803,0.415385,0.0,0.376241,0.0,0.133665,0.380983,0.681725,0.293422
331,0.13023,0.627263,0.060975,0.44425,0.806814,0.465282,0.580417,0.735728,0.044261,0.0,0.184686,0.0,0.210605,0.0,0.91888,0.365057
332,0.283391,0.339959,0.234014,0.572079,0.511779,0.170957,0.498907,0.914988,0.0,0.012507,0.058412,0.025206,0.304959,0.0,0.962915,0.604646
333,0.412595,0.0,0.652444,0.525115,0.715236,0.0,0.213285,0.85537,0.0,0.271637,0.0,0.334997,0.335424,0.135311,0.625471,0.419698
334,0.637826,0.0,1.127002,0.660872,0.725272,0.0,0.0,0.78443,0.0,0.47755,0.0,0.574726,0.422339,0.190684,0.489822,0.558267
335,0.60993,0.0,1.537727,0.769507,0.890407,0.086371,0.0,0.675008,0.0,0.321196,0.0,0.827794,0.428935,0.287054,0.25243,0.441212
336,0.669328,0.0,1.888332,1.145901,0.770727,0.140275,0.0,0.309468,0.176856,0.206704,0.0,0.732209,0.262058,0.259645,0.334814,0.630781
337,0.741847,0.0,1.999089,1.004053,1.045703,0.297893,0.0,0.31045,0.300886,0.381339,0.0,0.86869,0.107968,0.283945,0.348582,0.81234
338,0.617417,0.036719,1.725699,1.049409,1.443724,0.632667,0.0,0.200359,0.757304,0.091891,0.0,0.68251,0.0,0.331223,0.31349,0.782752
339,0.939076,0.321581,1.855986,1.272243,1.219234,0.699952,0.0,0.063346,0.619462,0.0,0.0,0.321452,0.063671,0.38472,0.492074,0.783892
340,1.081115,0.543163,1.552279,1.137655,1.480969,0.788012,0.0,0.108782,0.794113,0.0,0.0,0.010432,0.019048,0.410473,0.598655,0.854309
341,1.278707,0.890616,1.547326,1.178434,1.23039,0.73611,0.102896,0.0,0.550396,0.0,0.0,0.0,0.183189,0.735323,0.56998,1.116528
342,1.195548,1.112681,0.978736,1.223685,0.809934,0.812873,0.554465,0.187405,0.528182,0.0,0.0,0.0,0.171177,0.969373,0.843034,0.977145
343,0.981828,1.084596,0.372648,1.009659,0.76213,0.746435,0.868149,0.361131,0.695935,0.0,0.179408,0.0,0.070646,1.045064,0.856115,0.883862
344,0.822714,1.293373,0.097552,0.932067,0.755642,0.691095,0.990528,0.30299,0.627978,0.0,0.173646,0.0,0.218198,0.781588,0.855576,0.752635
345,0.835054,1.130786,0.031226,0.598192,0.763188,0.554725,0.9503,0.360265,0.562163,0.0,0.079567,0.0,0.335745,0.578507,0.587411,0.765154
346,0.961816,1.022059,0.004693,0.207753,0.974065,0.417764,0.955336,0.423807,0.61269,0.0,0.0,0.0,0.399418,0.63924,0.297427,1.009478
347,0.973829,1.05608,0.0,0.288913,0.882083,0.366662,0.95539,0.209964,0.548427,0.0,0.0,0.0,0.65125,0.301969,0.317801,0.76658
348,0.968534,1.037208,0.0,0.06612,0.957375,0.480704,0.995283,0.077367,0.379444,0.0,0.0,0.0,0.683039,0.286705,0.25846,0.645498
349,0.739088,0.717429,0.0,0.013401,0.782078,0.592123,0.798783,0.0,0.519604,0.0,0.074931,0.0,0.661454,0.263403,0.209708,0.288668
350,0.394425,0.319295,0.031748,0.0,1.051853,0.760233,0.252839,0.139281,0.6916,0.161052,0.355339,0.44068,0.293585,0.355674,0.092911,0.207392
351,0.0,0.133286,0.442127,0.0,1.272153,0.813879,0.089012,0.368314,1.000864,0.616426,0.534245,0.8981,0.0,0.824051,0.0,0.417568
352,0.0,0.0,0.588095,0.0,0.972485,0.790122,0.061772,0.600124,0.738639,0.904477,0.620987,1.258501,0.0,0.929938,0.0,0.024881
353,0.001941,0.0,0.478158,0.0,0.742878,0.853433,0.273782,0.469872,0.824594,0.948396,0.827597,1.190805,0.03088,1.028155,0.061999,0.0
354,0.168324,0.0,0.266492,0.097979,0.0,0.826182,0.395252,0.206614,0.689252,0.858187,1.190104,0.977667,0.170645,0.92321,0.367131,0.0
355,0.226304,0.0,0.244277,0.283229,0.0,0.947368,0.758979,0.290857,0.304592,0.967098,1.455405,1.194872,0.185604,1.108092,0.680018,0.0
356,0.511919,0.0,0.489037,0.453749,0.0,0.969074,1.29917,0.418975,0.0,1.43699,1.602596,1.864773,0.265245,1.438582,0.995255,0.067231
357,0.580208,0.0,0.596046,0.555525,0.0,1.089841,1.614162,0.816928,0.0,1.798926,1.691896,2.126671,0.496899,1.226885,1.602418,0.105466
358,0.496073,0.0,0.700532,0.705377,0.0,1.327813,1.502351,0.928601,0.0,1.637196,1.752933,2.117119,0.506829,0.942244,2.190244,0.352034
359,0.347495,0.0,0.826819,0.533168,0.0,1.432708,1.204602,0.968781,0.0,1.500784,1.710215,1.836471,0.619772,0.49684,2.516654,0.344213
360,0.592954,0.0,0.971601,0.419908,0.0,1.082559,1.144941,0.864091,0.0,1.534452,1.476089,1.936459,0.597634,0.533914,2.182014,0.599563
361,0.435521,0.0,0.428398,0.581913,0.0,0.958528,1.149106,0.753115,0.0,1.203377,1.352176,1.612138,0.588271,0.37846,1.862286,0.295324
362,0.176815,0.0,0.705617,0.318503,0.0,0.910726,0.821517,0.603664,0.0,0.92255,1.380997,1.326034,0.433664,0.810832,1.351061,0.120794
363,0.325499,0.0,0.705118,0.669711,0.0,0.424453,0.755629,0.669018,0.0,1.035039,1.051105,1.452702,0.324305,1.257482,0.805514,0.277449
364,0.596521,0.0,0.835197,0.601925,0.0,0.064838,0.807646,0.918854,0.065497,1.306178,0.552821,1.502762,0.639539,1.171099,0.461517,0.245915
365,0.794678,0.0,0.851824,0.548465,0.0,0.0,0.832864,1.205181,0.0,1.165875,0.227308,1.399023,0.842891,1.21534,0.336158,0.209942
366,0.577477,0.0,0.686385,0.916287,0.0,0.0,0.782771,0.829097,0.245579,0.675757,0.42254,0.638838,0.665934,1.292007,0.513228,0.294015
367,0.215204,0.0,0.1933,0.965573,0.073086,0.078181,0.946891,0.712496,0.424289,0.427996,0.594064,0.289379,0.363655,1.304115,0.512658,0.212521
368,0.086598,0.0,0.0,0.97607,0.0,0.013219,0.975171,0.78365,0.438336,0.558865,0.659057,0.343225,0.263995,1.376694,0.495915,0.089641
369,0.127163,0.0,0.132933,0.874976,0.0,0.172712,1.040239,1.077989,0.413747,0.717117,0.794641,0.646993,0.384913,1.723551,0.444332,0.0
370,0.021,0.0,0.276501,0.832793,0.0,0.170809,1.156642,1.239991,0.437509,1.051237,0.656278,0.901739,0.398049,1.813668,0.320641,0.0
371,0.193821,0.0,0.49313,0.861057,0.0,0.094084,1.006048,1.281039,0.471076,0.965592,0.718727,1.097995,0.276475,2.073903,0.226456,0.0
372,0.0,0.0,0.2807,0.93383,0.154268,0.094459,0.617653,0.913257,0.901069,0.960109,0.696846,0.858849,0.164621,1.63938,0.062457,0.0
373,0.0,0.0,0.304166,0.493284,0.614619,0.0,0.577651,1.063642,0.717537,1.15903,0.419219,0.976887,0.389313,1.376644,0.0,0.0
374,0.242226,0.0,0.315224,0.271433,0.410306,0.0,0.557657,1.029469,0.669908,0.764124,0.526268,0.868862,0.353415,1.335856,0.0,0.179595
375,0.274507,0.0,0.135141,0.336124,0.481294,0.127112,0.748764,0.870573,0.69847,0.289148,0.449676,0.499537,0.398716,1.163304,0.076306,0.351891
376,0.43585,0.253029,0.0,0.465894,0.785638,0.080513,0.82859,0.436351,0.81174,0.22271,0.332875,0.169722,0.29499,1.056422,0.071179,0.804157
377,0.598016,0.546643,0.0,0.546481,0.548362,0.006301,0.928201,0.321706,0.611339,0.038428,0.159981,0.0,0.547184,0.694367,0.226103,0.619941
378,0.632628,0.427946,0.0,0.517681,0.204825,0.024855,1.050954,0.373278,0.460205,0.0,0.158421,0.009045,0.555695,0.685889,0.189172,0.435964
379,0.546794,0.299538,0.0,0.696352,0.014105,0.153753,1.097385,0.411579,0.331823,0.003513,0.264244,0.132557,0.434109,0.789755,0.28934,0.297782
380,0.474869,0.267688,0.175712,0.873352,0.0,0.089251,0.987743,0.612112,0.138343,0.106962,0.197719,0.360137,0.31165,0.883987,0.322636,0.283564
381,0.20786,0.096386,0.283326,0.906771,0.045253,0.146947,0.617423,0.525165,0.564825,0.155696,0.303987,0.281548,0.164742,0.631244,0.343184,0.0
382,0.364521,0.0,0.565732,0.63565,0.24543,0.0,0.351455,0.630667,0.224343,0.449521,0.084742,0.716947,0.22625,0.513111,0.094051,0.200693
383,0.602813,0.0,0.677623,0.631065,0.458703,0.0,0.315269,0.526761,0.047105,0.326686,0.0,0.818999,0.395332,0.315337,0.06028,0.400229
384,0.720409,0.0,0.827255,0.518006,0.696851,0.148911,0.372617,0.213751,0.060896,0.122642,0.0,0.571686,0.593341,0.133988,0.358859,0.689422
385,0.680839,0.280898,0.709701,0.554297,0.988678,0.604043,0.52146,0.149381,0.068289,0.0,0.0,0.238012,0.753662,0.0,0.731564,0.639601
386,0.847082,0.349562,0.914353,0.46852,0.876741,0.755239,0.889227,0.01766,0.0,0.0,0.0,0.404514,1.005229,0.0,0.960909,0.917955
387,0.507376,0.317454,0.491688,0.253186,1.003944,0.959521,0.859383,0.057796,0.0,0.0,0.0,0.345203,0.947066,0.0,1.079209,0.593697
388,0.431991,0.0,0.288065,0.0,0.69248,0.8536,0.700395,0.020461,0.0,0.0,0.227186,0.979453,0.607713,0.0,0.571672,0.45788
389,0.199261,0.0,0.433434,0.0,0.532048,0.856527,0.40847,0.0,0.0,0.0,0.449097,1.069361,0.411825,0.152808,0.340478,0.354608
390,0.137262,0.0,0.239047,0.0,0.651512,0.788429,0.424479,0.0,0.0,0.0,0.394474,0.963001,0.505757,0.0,0.323385,0.200479
391,0.282196,0.0,0.202367,0.0,0.736522,0.742024,0.677482,0.0,0.0,0.0,0.235403,0.805799,0.827435,0.0,0.521092,0.361437
392,0.685976,0.0,0.451751,0.0,0.703559,0.606387,1.128875,0.0,0.0,0.0,0.000106,0.937412,1.23812,0.0,0.630667,0.843397
393,0.861819,0.0,0.425604,0.048636,0.735869,0.445303,1.450456,0.0,0.0,0.0,0.0,0.778646,1.626693,0.0,0.8165,1.035093
394,0.926528,0.0,0.306485,0.047042,0.55133,0.351726,1.514941,0.0,0.0,0.0,0.0,1.023559,1.60721,0.0,0.647901,0.995188
395,0.784736,0.0,0.237171,0.121853,0.288912,0.272063,1.281808,0.0,0.0,0.0,0.187623,1.070134,1.340018,0.071078,0.503515,0.771911
396,0.548011,0.0,0.021751,0.163028,0.0,0.455457,1.199898,0.0,0.022239,0.008999,0.445281,1.249008,0.954082,0.276905,0.267631,0.373342
397,0.585691,0.0,0.0,0.404338,0.0,0.629071,1.552974,0.0,0.242479,0.06142,0.657223,1.146625,0.890124,0.480962,0.444619,0.218923
398,0.813233,0.0,0.0,0.538597,0.0,0.743883,1.893067,0.0,0.419912,0.103421,0.716985,1.201478,0.956507,0.509989,0.478343,0.002123
399,0.86901,0.0,0.0,0.298209,0.0,0.89836,1.642654,0.0,0.257499,0.082561,0.65306,1.202177,1.083343,0.189681,0.333026,0.0
400,1.076388,0.0,0.0,0.0,0.0,0.844628,1.453151,0.0,0.0,0.134535,0.445089,1.518363,1.105772,0.083257,0.022526,0.071785
401,1.385079,0.0,0.0,0.0,0.0,0.572207,1.652216,0.0,0.0,0.201669,0.192784,1.310574,1.457784,0.179462,0.087122,0.396522
402,1.259247,0.057304,0.0,0.244983,0.106519,0.447892,1.721588,0.0,0.362938,0.0,0.164155,0.703212,1.515823,0.0,0.28496,0.382693
403,1.128795,0.072323,0.0,0.213337,0.088209,0.389236,1.581142,0.0,0.250307,0.0,0.136997,0.75124,1.309419,0.111477,0.200876,0.453346
404,0.633814,0.123582,0.0,0.0,0.318092,0.450302,0.970525,0.0,0.305549,0.0,0.256484,0.733903,0.890318,0.044177,0.17649,0.316074
405,0.566174,0.0,0.049579,0.098283,0.388544,0.390179,0.849405,0.0,0.0,0.13804,0.176906,1.189967,0.81393,0.0,0.0,0.206111
406,0.292181,0.0,0.501168,0.0,0.453643,0.428716,0.526934,0.0,0.039426,0.196908,0.321056,1.038575,0.777588,0.0,0.308856,0.281211
407,0.416134,0.0,0.74983,0.0,0.392637,0.170957,0.586168,0.312359,0.0,0.532538,0.240025,1.303207,0.785093,0.130766,0.332431,0.508269
408,0.455058,0.0,0.631534,0.229005,0.209457,0.009619,0.572054,0.584258,0.0,0.533958,0.278448,1.268039,0.742765,0.322852,0.31633,0.486447
409,0.192188,0.0,0.613481,0.13886,0.170885,0.0,0.431559,0.706761,0.0,0.747703,0.483377,1.06416,0.637192,0.593061,0.325854,0.306634
410,0.171863,0.0,0.218032,0.226595,0.0,0.0,0.636612,0.662633,0.119756,0.564598,0.65184,0.883428,0.639037,0.730853,0.333942,0.084516
411,0.326862,0.0,0.0,0.340164,0.0,0.007873,1.073663,0.598099,0.085612,0.351149,0.684659,0.999588,0.614575,0.909282,0.338403,0.199111
412,0.441295,0.0,0.14402,0.305724,0.0,0.0,1.236497,0.663648,0.0,0.393444,0.626455,0.87491,0.861662,1.103516,0.441999,0.619564
413,0.718233,0.0,0.0,0.392711,0.0,0.0,1.599403,0.925539,0.038062,0.292261,0.547082,0.756034,1.123959,1.158642,0.599241,0.840602
414,0.855631,0.0,0.029541,0.456666,0.0,0.0,1.862669,1.051763,0.0,0.141074,0.412122,0.472071,1.359523,1.052536,0.860619,0.91774
415,0.762064,0.147123,0.039158,0.709747,0.0,0.0,1.723799,0.764716,0.0,0.0,0.350899,0.211843,1.029619,0.879292,0.950186,0.969862
416,0.395929,0.26151,0.0,0.622269,0.0,0.036474,1.253113,0.705619,0.0,0.091069,0.402524,0.09866,0.661184,0.257788,0.998234,0.53136
417,0.027332,0.411888,0.0,0.293066,0.118601,0.340697,0.599681,0.986499,0.0,0.114459,0.624532,0.207353,0.180025,0.0,1.166946,0.209951
418,0.0,0.309263,0.096473,0.069853,0.40069,0.330118,0.059394,1.299876,0.0,0.309838,0.717738,0.297616,0.0,0.0,1.311564,0.0
419,0.0,0.054844,0.0,0.199158,0.54495,0.0,0.089792,1.675969,0.0,0.643443,0.573462,0.366572,0.12777,0.0,1.718904,0.089842
420,0.0,0.0,0.299332,0.0,0.698483,0.0,0.0,1.914091,0.0,0.877599,0.587346,0.61399,0.326307,0.0,1.710005,0.076768
421,0.0,0.0,0.303358,0.039991,0.78287,0.057016,0.0,1.706271,0.0,0.785503,0.549945,0.57804,0.33878,0.0,1.731817,0.284687
422,0.054023,0.0,0.514273,0.106251,0.679828,0.0,0.0,1.373794,0.0,0.575798,0.517425,0.796712,0.29816,0.0,1.518683,0.49882
423,0.076683,0.0,0.784122,0.0,0.800067,0.442985,0.0,0.816172,0.0,0.329601,0.671356,0.880516,0.47156,0.0,1.427549,0.33148
424,0.455179,0.0,1.112779,0.0,0.897021,0.598245,0.0,0.244022,0.0,0.512107,0.522506,1.543391,0.687209,0.0,1.14703,0.445481
425,0.67972,0.0,1.463311,0.0,1.013635,0.542735,0.0,0.081983,0.0,0.78973,0.468136,2.04914,0.833407,0.0,1.108284,0.697757
426,0.673067,0.0,1.37233,0.0,1.116659,0.372537,0.0,0.149508,0.0,0.8247,0.450505,2.182325,0.949836,0.0,1.256257,0.777425
427,0.742669,0.0,1.033227,0.0,1.236733,0.378966,0.0,0.097261,0.0,0.806159,0.438137,2.133053,1.051679,0.0,1.321565,0.786539
428,0.555759,0.0,1.31966,0.0,1.212281,0.475095,0.0,0.152111,0.0,0.626629,0.579632,1.962605,0.92127,0.0,1.282838,0.734448
429,0.498574,0.0,1.394319,0.0,1.116776,0.504736,0.0,0.130506,0.0,0.559994,0.68564,1.758412,0.80023,0.0,1.097246,0.609854
430,0.668664,0.0,0.768709,0.0,0.885147,0.308446,0.0,0.002088,0.0,0.699128,0.532769,1.545199,0.901104,0.0,1.03845,0.458323
431,0.74937,0.0,0.610305,0.0,0.680432,0.115161,0.144558,0.420576,0.0,0.807256,0.46724,1.797944,0.632363,0.0,0.804468,0.353102
432,0.503469,0.0,0.572317,0.0,0.58733,0.419085,0.061747,0.398023,0.0,0.904017,0.734681,1.40657,0.581987,0.0,0.972546,0.171621
433,0.375769,0.0,0.49168,0.0,0.570028,0.521882,0.0,0.695123,0.0,0.83152,0.828804,1.336513,0.492859,0.0,0.997158,0.001381
434,0.195499,0.0,0.556857,0.0,0.44849,0.62123,0.0,0.533601,0.0,0.650596,0.941717,1.110053,0.296245,0.0,1.132134,0.239053
435,0.458309,0.0,0.910992,0.0,0.53606,0.561237,0.033091,0.690487,0.0,1.305475,0.768285,1.675002,0.529272,0.0,0.940153,0.231876
436,0.44528,0.0,1.154491,0.0,0.404719,0.448844,0.0,0.752125,0.0,1.273308,0.828801,1.752694,0.433229,0.143944,0.824424,0.300507
437,0.667117,0.0,1.261082,0.0,0.328726,0.264938,0.0,0.860756,0.0,1.576118,0.586862,2.050609,0.477841,0.300574,0.558361,0.323213
438,0.48819,0.0,1.227776,0.211673,0.325762,0.258113,0.0,0.934517,0.114877,1.565026,0.595541,1.685049,0.412964,0.440543,0.473993,0.066453
439,0.77336,0.0,1.208813,0.481398,0.074966,0.102644,0.022192,0.923259,0.345472,1.650914,0.431132,1.803682,0.41765,0.814587,0.15889,0.0
440,0.675587,0.0,0.921793,0.776884,0.0,0.148036,0.231497,0.943361,0.71486,1.588639,0.614034,1.551435,0.30519,1.054776,0.245458,0.0
441,0.40343,0.0,0.784567,0.710547,0.0,0.329243,0.370519,1.175905,0.524932,1.729104,0.908596,1.523347,0.217335,1.304442,0.401345,0.0
442,0.461829,0.0,0.436999,0.675248,0.0,0.35606,0.70906,1.305735,0.446812,1.952762,1.180613,1.700023,0.294632,1.35501,0.685147,0.0
443,0.398844,0.0,0.290404,0.661357,0.0,0.515978,0.691858,1.168948,0.474798,1.895346,1.586804,1.710871,0.221835,1.3862,0.945423,0.0
444,0.603625,0.0,0.388659,0.280225,0.0,0.413593,0.788728,1.341576,0.262642,2.115714,1.518093,2.178391,0.375268,1.357773,0.719796,0.0
445,0.592617,0.0,0.61851,0.136824,0.0,0.607136,0.677214,1.106261,0.13835,2.026191,1.415608,2.250935,0.416458,1.229167,0.631292,0.0
446,0.693887,0.0,0.809321,0.246881,0.0,0.55161,0.570481,0.809713,0.268852,1.808679,1.084485,2.204524,0.451077,0.991179,0.465999,0.058667
447,0.250918,0.0,1.145759,0.172248,0.106066,0.781223,0.227373,0.595376,0.320579,1.431598,0.880052,1.730861,0.341153,0.790897,0.492124,0.021711
448,0.127858,0.0,1.17013,0.139045,0.361244,1.010393,0.337831,0.605566,0.286356,0.923148,0.699161,1.563346,0.300161,0.770164,0.503693,0.019684
449,0.0,0.0,0.957032,0.529032,0.202384,1.160217,0.139106,0.392137,0.605839,0.425463,0.844724,1.051717,0.101352,0.593071,0.871517,0.149766
