episode,worker,reward,mean_reward_10,elapsed_s
0,2,-10.62548505353311,-10.62548505353311,6.198589086532593
0,0,948.3000000000161,948.3000000000161,76.36481189727783
0,1,952.9000000000166,952.9000000000166,76.90350914001465
0,4,947.1000000000164,947.1000000000164,77.24075937271118
0,7,951.5000000000161,951.5000000000161,77.54251384735107
0,3,950.6000000000165,950.6000000000165,77.54256868362427
0,5,946.1000000000162,946.1000000000162,77.9565007686615
0,6,895.6430770058889,895.6430770058889,79.05151724815369
10,2,950.9000000000165,950.8100000000164,703.0234928131104
10,4,950.8000000000166,950.9700000000164,750.1515476703644
10,1,950.9000000000162,950.8400000000163,750.5285217761993
10,0,950.8000000000163,950.8700000000163,752.5115020275116
10,6,951.2000000000164,950.8300000000165,761.5165321826935
10,5,951.3000000000163,950.9200000000162,761.804530620575
10,3,950.6000000000164,950.8000000000163,763.7855186462402
10,7,950.9000000000163,950.8600000000164,764.6935102939606
20,2,950.8000000000164,950.9200000000162,1386.8645198345184
20,4,951.1000000000164,950.8400000000163,1440.7744896411896
20,1,950.2000000000165,951.0000000000164,1441.2951338291168
20,0,950.7000000000163,950.7600000000164,1444.0945091247559
20,6,951.0000000000161,951.1400000000164,1447.8524973392487
20,5,950.8000000000162,950.8800000000163,1448.304535150528
20,3,950.4000000000165,950.9100000000165,1456.3164896965027
20,7,950.4000000000166,950.8900000000164,1460.7954938411713
30,2,950.9000000000163,950.8000000000163,2068.96249461174
30,4,951.1000000000163,950.6800000000164,2121.184509754181
30,5,950.6000000000164,950.7800000000163,2127.7345266342163
30,1,950.9000000000167,950.8400000000163,2129.7255296707153
30,0,951.2000000000164,950.8900000000165,2130.165494441986
30,6,950.9000000000163,950.8200000000163,2131.923568725586
30,7,950.5000000000163,950.9600000000164,2133.5712234973907
30,3,951.2000000000163,950.9600000000164,2137.961527109146
40,2,951.1000000000163,950.7500000000164,2763.380503177643
40,5,950.9000000000165,950.9600000000164,2813.206510782242
40,0,950.3000000000166,950.8500000000164,2819.1964886188507
40,4,950.9000000000163,950.7700000000162,2821.171539783478
40,6,950.9000000000165,950.8200000000164,2832.637493133545
40,7,951.200000000016,950.9600000000162,2832.9805793762207
40,1,950.9000000000166,950.9400000000162,2835.860609769821
40,3,951.1000000000163,950.8600000000166,2838.097529411316
50,2,951.1000000000166,951.0000000000166,3448.547494649887
50,5,950.7000000000163,951.0100000000164,3489.6974971294403
50,0,951.3000000000163,950.8200000000164,3494.847494840622
50,4,950.9000000000162,950.9000000000163,3500.217496395111
50,6,950.8000000000166,950.9900000000162,3512.706516265869
50,3,950.6000000000164,950.7800000000165,3514.198502063751
50,7,950.5000000000166,950.8300000000163,3514.2465834617615
50,1,950.8000000000164,950.8000000000162,3515.690486431122
60,2,951.0000000000161,950.9200000000164,4083.261494874954
60,5,950.8000000000164,950.8500000000164,4121.263566017151
60,0,950.9000000000165,950.8300000000163,4121.461563110352
60,4,951.3000000000162,950.8500000000164,4125.467489480972
60,6,951.1000000000164,950.9400000000163,4131.367506742477
60,7,950.9000000000165,950.7800000000163,4138.181492805481
60,3,950.5000000000167,950.9800000000163,4138.297498703003
60,1,950.6000000000162,950.8200000000164,4140.018488883972
70,2,950.9000000000162,950.7500000000164,4591.690212011337
70,0,951.5000000000163,950.9600000000164,4628.429774522781
70,5,950.6000000000165,950.8600000000164,4628.962500095367
70,4,951.2000000000163,950.8800000000165,4634.707568407059
70,6,950.7000000000165,950.6600000000166,4638.923497438431
70,3,951.500000000016,950.8400000000165,4642.82932305336
70,1,951.3000000000162,950.9900000000164,4645.356488704681
70,7,950.7000000000165,950.9000000000163,4645.366521596909
80,2,951.1000000000162,950.8900000000164,5099.351500988007
80,0,951.2000000000163,950.9200000000164,5136.572508096695
80,5,950.9000000000166,950.8600000000164,5137.263500452042
80,4,950.6000000000165,950.9000000000163,5140.367501497269
80,6,950.8000000000166,950.9000000000163,5143.683561325073
80,7,951.0000000000161,950.9600000000164,5149.296494007111
80,3,950.5000000000165,950.8700000000163,5150.741493701935
80,1,950.4000000000167,950.7300000000163,5154.584482908249
90,2,951.1000000000162,950.6900000000165,5606.738487243652
90,0,950.7000000000165,950.8100000000164,5650.445493221283
90,5,951.400000000016,950.9800000000163,5652.643574714661
90,6,950.8000000000167,950.7300000000165,5656.272502660751
90,4,950.9000000000163,950.9500000000164,5657.529491424561
90,3,951.1000000000162,950.9200000000164,5664.466496229172
90,7,951.0000000000161,950.8000000000163,5665.033498287201
90,1,951.0000000000165,950.8900000000164,5669.217565536499
100,2,950.7000000000163,950.7400000000165,6123.525495767593
100,5,951.0000000000163,950.8300000000165,6161.111568689346
100,0,950.8000000000162,951.0100000000164,6161.969565153122
100,6,951.4000000000161,950.9100000000165,6166.06149315834
100,4,950.9000000000163,950.8700000000163,6170.01849937439
100,3,951.000000000016,950.8700000000163,6171.646564722061
100,7,950.5000000000164,950.9700000000163,6174.866497516632
100,1,951.2000000000162,950.7900000000166,6176.315521478653
110,2,951.0000000000163,950.9300000000163,6629.587530374527
110,5,950.9000000000167,950.8900000000164,6669.386498212814
110,0,950.9000000000165,951.0200000000162,6669.633558511734
110,6,951.0000000000165,950.9000000000163,6674.707489728928
110,3,950.5000000000164,950.8100000000164,6675.6604907512665
110,7,950.8000000000162,950.7000000000164,6679.234479665756
110,4,950.900000000016,950.8300000000163,6680.943494081497
110,1,951.2000000000161,951.0400000000163,6684.216485500336
120,2,951.3000000000162,951.0500000000162,7140.191495656967
120,5,951.0000000000164,950.9000000000163,7181.754487752914
120,0,950.9000000000165,950.9000000000163,7183.83948969841
120,6,951.0000000000166,950.9300000000163,7185.864502906799
120,3,950.6000000000165,950.8400000000163,7187.612706422806
120,4,951.2000000000164,950.9400000000163,7192.664493083954
120,7,951.5000000000165,950.9100000000165,7193.496492862701
120,1,951.0000000000163,950.9200000000164,7199.503529787064
130,2,950.7000000000163,950.7900000000163,7709.235580205917
130,3,950.8000000000163,950.8700000000163,7765.224189758301
130,5,951.600000000016,950.9100000000165,7767.077517747879
130,0,951.0000000000165,950.9600000000164,7767.935535669327
130,6,951.100000000016,950.8100000000164,7768.781496286392
130,7,951.1000000000164,950.8300000000165,7774.761759519577
130,4,950.8000000000163,951.0800000000161,7776.609516143799
130,1,951.2000000000162,950.7800000000163,7779.691499948502
140,2,950.5000000000163,950.7200000000164,8376.596582651138
140,6,950.7000000000164,950.7600000000164,8437.002486944199
140,3,950.9000000000162,950.7400000000164,8437.97751235962
140,0,950.9000000000163,950.9000000000163,8440.211493492126
140,7,950.9000000000162,950.9700000000164,8444.572958946228
140,5,950.7000000000162,950.9300000000163,8445.396520137787
140,4,950.6000000000164,950.8100000000164,8448.361492156982
140,1,950.8000000000163,950.9500000000164,8454.228563785553
150,2,950.6000000000165,950.9100000000165,8983.043487787247
150,6,951.4000000000159,950.9300000000161,9029.580499887466
150,0,950.5000000000165,950.8900000000164,9030.655498743057
150,5,950.7000000000164,950.9900000000164,9031.206564188004
150,3,951.3000000000162,950.8400000000163,9032.135121583939
150,7,951.1000000000163,950.8900000000165,9034.45749425888
150,4,951.0000000000161,950.9100000000165,9036.228494167328
150,1,951.2000000000162,950.7600000000162,9040.635499954224
160,2,950.6000000000165,950.9300000000163,9492.933568000793
160,6,951.1000000000162,950.7300000000163,9535.15349149704
160,3,950.4000000000165,950.8700000000163,9541.842495203018
160,5,951.0000000000163,951.0000000000164,9542.07348871231
160,7,951.0000000000164,950.8900000000164,9544.390486955643
160,0,951.7000000000163,950.9100000000165,9547.03056526184
160,4,950.900000000016,950.9000000000163,9548.18648815155
160,1,950.8000000000166,951.0100000000162,9555.042498111725
170,2,951.6000000000165,950.9000000000166,10006.200458526611
170,6,950.9000000000162,950.8400000000162,10049.270526647568
170,3,950.7000000000165,950.9900000000165,10049.639513969421
170,5,951.2000000000162,950.8600000000163,10057.26949596405
170,0,951.0000000000163,950.7800000000165,10059.336506605148
170,7,950.8000000000167,950.8700000000165,10059.754501104355
170,4,950.6000000000164,950.7600000000164,10062.492497444153
170,1,950.7000000000164,950.9100000000165,10069.270500659943
180,2,951.1000000000164,950.9200000000162,10519.78650689125
180,3,951.5000000000157,950.8700000000165,10564.718495130539
180,6,950.9000000000162,950.8300000000163,10565.574489116669
180,5,950.5000000000165,950.7600000000164,10569.170496940613
180,4,950.5000000000166,951.0700000000163,10571.506491422653
180,7,950.8000000000161,950.8500000000164,10572.255482673645
180,0,951.7000000000157,950.9900000000162,10573.121495246887
180,1,950.9000000000163,950.8600000000164,10579.86548948288
190,2,950.5000000000166,950.7400000000164,11026.826490402222
190,3,950.5000000000164,950.7700000000165,11070.74141550064
190,6,951.1000000000166,950.9100000000165,11075.521491289139
190,4,951.1000000000163,950.8100000000165,11078.778521060944
190,5,950.8000000000164,950.7900000000163,11079.28051352501
190,7,951.0000000000164,950.8100000000164,11080.899492025375
190,0,950.5000000000165,950.7400000000164,11085.069487333298
190,1,950.7000000000164,950.9400000000165,11092.75149679184
200,2,950.6000000000166,950.9200000000164,11536.593514680862
200,3,951.0000000000163,950.7300000000165,11590.226494073868
200,6,951.2000000000158,950.8300000000163,11592.645495176315
200,4,951.0000000000163,950.9600000000164,11592.789486408234
200,5,950.4000000000165,950.6400000000164,11593.940450191498
200,0,950.8000000000166,950.8600000000163,11596.771490335464
200,7,950.6000000000165,950.9100000000162,11600.751609325409
200,1,950.4000000000165,950.7800000000165,11605.69550704956
210,2,950.8000000000164,950.9800000000163,12049.137507677078
210,3,950.7000000000166,950.8100000000165,12098.125495910645
210,6,950.7000000000163,950.9500000000165,12099.404487848282
210,4,951.5000000000159,950.8800000000163,12101.393517255783
210,0,950.7000000000163,950.9400000000165,12102.700491666794
210,5,950.5000000000165,950.7500000000166,12104.463488817215
210,7,951.100000000016,950.8300000000165,12112.51848745346
210,1,951.0000000000163,950.8400000000165,12116.793503522873
220,2,950.9000000000166,950.9200000000162,12669.433510541916
220,3,951.0000000000163,950.9600000000164,12728.668499708176
220,6,950.7000000000164,950.9500000000164,12730.563575983047
220,4,951.3000000000167,950.9300000000164,12734.367499828339
220,7,951.000000000016,950.8300000000163,12738.037504673004
220,0,950.4000000000163,950.7900000000163,12741.209485292435
220,5,951.1000000000165,950.9500000000165,12747.694484710693
220,1,951.1000000000163,950.9400000000165,12757.816504240036
230,2,951.200000000016,950.8500000000164,13321.753494977951
230,6,951.200000000016,951.0700000000163,13369.873493909836
230,3,950.5000000000166,950.8200000000164,13373.973491668701
230,7,950.8000000000166,950.8400000000162,13378.187579631805
230,4,950.9000000000162,950.9000000000163,13380.613486528397
230,0,950.7000000000164,950.9500000000164,13384.324501037598
230,5,950.9000000000166,950.8900000000161,13389.990495681763
230,1,951.0000000000166,950.9300000000164,13392.051500797272
240,2,951.6000000000164,951.0100000000164,13841.185494661331
240,6,951.0000000000165,950.8000000000163,13880.82105588913
240,3,950.7000000000165,950.7800000000165,13888.483501911163
240,7,951.3000000000162,951.0400000000161,13891.575501918793
240,4,950.5000000000166,950.6600000000165,13894.017493724823
240,0,950.8000000000163,950.9400000000163,13894.198496103287
240,1,950.9000000000162,951.0300000000163,13899.508496046066
240,5,951.6000000000163,951.0200000000162,13903.99842262268
250,2,951.2000000000162,950.8900000000161,14348.714673995972
250,6,951.1000000000162,950.9100000000162,14391.830486774445
250,3,950.7000000000164,950.8100000000164,14399.633492469788
250,7,950.6000000000164,950.7500000000166,14400.286471366882
250,0,951.3000000000161,950.8900000000164,14405.128502607346
250,4,950.4000000000167,950.7900000000163,14405.955485343933
250,1,951.0000000000163,950.8400000000163,14408.737490653992
250,5,950.9000000000166,950.9000000000163,14415.7094976902
260,2,950.9000000000165,950.8700000000163,14857.412497997284
260,6,951.4000000000161,951.0500000000163,14902.550504684448
260,7,950.5000000000166,950.8100000000164,14910.755491018295
260,3,950.5000000000167,950.8300000000163,14912.791503190994
260,0,950.7000000000164,950.8800000000165,14913.933499097824
260,1,950.3000000000167,950.7000000000165,14919.974500656128
260,4,950.8000000000164,950.7800000000165,14921.09725356102
260,5,950.8000000000163,950.7400000000164,14930.278495311737
270,2,951.2000000000161,950.8900000000164,15370.664486646652
270,6,950.9000000000162,951.1000000000164,15413.963500738144
270,7,950.8000000000166,950.9500000000164,15423.766490459442
270,3,951.0000000000163,950.9700000000164,15425.428495645523
270,0,950.5000000000167,950.8300000000165,15429.976564645767
270,1,951.4000000000162,950.8700000000163,15431.338547706604
270,4,951.2000000000163,951.0200000000162,15433.209576368332
270,5,950.4000000000165,950.8700000000163,15444.709495067596
280,2,950.5000000000164,950.9000000000163,15880.746489048004
280,6,950.6000000000163,950.8900000000164,15924.139491319656
280,7,950.9000000000161,950.8800000000163,15934.986515760422
280,3,950.8000000000162,950.7600000000164,15935.46249461174
280,0,951.200000000016,950.9700000000163,15936.61649608612
280,1,951.2000000000164,950.9100000000165,15941.888497591019
280,4,950.7000000000166,950.9500000000164,15946.896560668945
280,5,950.6000000000164,951.0100000000164,15957.107498884201
290,2,951.0000000000165,950.8750000000164,16389.237494707108
290,6,950.6000000000166,950.8500000000164,16433.927490234375
290,7,951.2000000000162,950.9200000000164,16443.551496505737
290,0,950.5000000000166,950.9900000000164,16445.099568128586
290,3,950.7000000000166,950.8400000000165,16448.742498397827
290,1,950.9000000000166,950.8700000000165,16452.348693847656
290,4,950.7000000000165,950.8400000000165,16460.97149705887
290,5,950.9000000000166,950.8300000000163,16472.04151034355
300,2,950.3000000000168,950.7600000000166,16905.75449514389
300,6,950.7000000000165,950.8600000000164,16950.981484413147
300,7,950.8000000000163,950.8400000000163,16958.26749920845
300,0,950.7000000000162,950.8100000000162,16965.43861603737
300,3,950.9000000000166,950.8900000000164,16968.61548757553
300,1,950.5000000000163,950.9200000000162,16972.56048822403
300,4,950.8000000000163,950.7100000000162,16977.458529233932
300,5,950.8000000000163,950.8500000000164,16985.62252020836
310,2,950.8000000000164,951.1000000000162,17417.810475349426
310,6,951.2000000000163,951.0300000000163,17464.57094502449
310,7,950.9000000000162,950.7100000000164,17465.6325006485
310,0,951.2000000000161,950.9300000000163,17475.139563322067
310,1,950.2000000000168,950.7600000000164,17480.29248571396
310,3,950.8000000000164,950.9700000000163,17480.653503894806
310,4,950.8000000000164,951.0100000000162,17487.423491954803
310,5,950.9000000000163,950.9000000000162,17495.824490070343
320,2,950.6000000000163,950.8100000000162,17928.1735830307
320,6,950.8000000000164,950.8300000000165,17975.97356891632
320,7,950.9000000000167,950.9200000000164,17977.19248700142
320,0,951.0000000000163,951.0000000000164,17984.410531759262
320,1,950.9000000000165,950.8900000000164,17990.299582719803
320,3,950.7000000000164,950.8100000000164,17991.74548959732
320,4,950.8000000000164,950.8800000000163,17998.258563518524
320,5,950.9000000000163,950.7500000000164,18007.927491426468
330,2,950.9000000000161,950.9100000000165,18441.923730373383
330,7,951.0000000000164,950.9300000000163,18487.76048874855
330,6,950.4000000000166,950.7400000000164,18490.649497509003
330,0,951.1000000000164,950.9000000000163,18495.073494672775
330,1,950.5000000000165,950.7900000000163,18504.890501499176
330,3,950.7000000000165,950.8700000000165,18505.192503213882
330,4,950.4000000000166,950.9100000000166,18507.29348707199
330,5,950.9000000000165,950.7700000000162,18515.764486789703
340,2,951.1000000000164,950.7500000000164,18952.62049150467
340,7,951.1000000000163,950.8300000000165,18996.116602659225
340,6,950.8000000000163,950.9100000000162,18999.001494169235
340,0,950.8000000000163,950.8100000000164,18999.66850066185
340,4,950.6000000000164,950.8000000000163,19014.43248605728
340,3,950.3000000000166,950.7300000000163,19015.395483493805
340,1,951.1000000000163,950.8700000000165,19016.6765832901
340,5,951.5000000000163,950.9000000000162,19024.834528923035
350,2,949.6000000000164,950.7900000000163,19461.7214884758
350,7,950.6000000000165,950.8100000000165,19506.57452607155
350,0,951.3000000000162,950.9200000000162,19514.274537801743
350,6,950.7000000000166,950.7900000000166,19517.92953658104
350,1,951.1000000000162,950.9600000000164,19526.466487407684
350,4,950.7000000000166,950.8400000000165,19528.234543561935
350,3,950.7000000000164,950.9300000000164,19532.210494041443
350,5,950.6000000000163,950.9500000000164,19539.10867667198
360,2,951.3000000000164,950.9200000000162,19977.503669977188
360,7,951.7000000000163,951.0300000000163,20019.858498096466
360,0,950.9000000000163,950.8100000000164,20026.157507658005
360,6,950.8000000000166,950.7500000000164,20030.834500789642
360,1,951.6000000000158,951.0900000000165,20039.290576696396
360,4,950.7000000000164,950.9500000000165,20040.568494796753
360,3,950.8000000000166,950.9100000000166,20041.336657762527
360,5,950.7000000000164,950.8500000000164,20050.620353221893
370,2,950.6000000000166,950.8200000000163,20600.862499952316
370,7,950.8000000000163,950.7700000000162,20665.35050034523
370,0,950.9000000000162,950.8100000000162,20672.344485759735
370,6,950.5000000000164,950.9100000000165,20675.891497850418
370,3,951.2000000000163,950.8500000000165,20685.774497509003
370,1,951.0000000000163,951.0000000000164,20687.535579681396
370,4,950.9000000000165,950.8700000000163,20693.785497188568
370,5,950.4000000000166,950.9400000000163,20707.719484567642
380,2,951.3000000000163,950.9500000000164,21251.05963087082
380,7,950.5000000000165,950.7200000000164,21330.907514810562
380,0,951.1000000000164,951.0700000000164,21336.16352391243
380,6,950.7000000000164,950.5900000000163,21341.29350423813
380,3,951.1000000000162,951.0400000000163,21347.970570087433
380,4,950.9000000000162,950.8400000000163,21353.224491119385
380,1,951.000000000016,950.9100000000165,21355.414487838745
380,5,950.6000000000165,951.0400000000161,21378.97749376297
390,2,951.0000000000164,950.7900000000163,21909.97165632248
390,7,951.0000000000163,950.9100000000165,21982.315582036972
390,0,950.6000000000166,950.8300000000165,21994.67250728607
390,6,950.3000000000167,950.9800000000163,21999.664494991302
390,3,950.9000000000162,950.9500000000162,22014.25250029564
390,4,950.8000000000164,950.9200000000162,22015.06051850319
390,1,950.9000000000163,951.1000000000162,22017.602596521378
390,5,950.6000000000165,951.0200000000165,22036.667573928833
400,2,951.200000000016,950.9800000000162,22564.066501379013
400,7,950.8000000000163,950.9000000000163,22632.009499788284
400,0,951.0000000000164,950.8300000000163,22642.460523366928
400,6,951.3000000000163,950.9000000000163,22650.523499250412
400,4,951.0000000000163,950.9100000000165,22670.521483659744
400,3,951.3000000000163,950.8300000000163,22670.886512041092
400,1,950.6000000000166,950.8700000000165,22672.96653985977
400,5,951.3000000000162,950.8900000000164,22689.949493169785
410,2,951.000000000016,950.9200000000162,23226.833545207977
410,7,950.9000000000166,950.9600000000164,23294.70449590683
410,0,950.5000000000165,950.6900000000163,23304.927499771118
410,6,951.3000000000161,950.9100000000165,23309.97851586342
410,4,951.2000000000165,951.0700000000163,23324.422571897507
410,1,950.5000000000166,950.8700000000165,23325.125539779663
410,3,950.9000000000163,950.9400000000162,23337.916503429413
410,5,951.4000000000159,950.7900000000163,23349.453486919403
420,2,951.0000000000161,950.9000000000163,23879.304505586624
420,7,951.1000000000165,950.9700000000164,23946.52176475525
420,0,950.5000000000166,950.7600000000164,23954.60652422905
420,6,950.9000000000166,951.0600000000162,23964.049510478973
420,1,950.7000000000163,950.9600000000164,23982.60306096077
420,4,950.6000000000166,950.8800000000165,23984.80749797821
420,3,951.100000000016,950.8700000000165,23995.10549211502
420,5,950.4000000000166,950.7700000000165,23999.72794175148
430,2,951.1000000000162,951.0200000000162,24523.02386045456
430,7,951.500000000016,950.9100000000165,24584.681460380554
430,6,951.0000000000161,951.0000000000164,24589.29552268982
430,0,950.7000000000164,951.0000000000166,24593.42349910736
430,4,950.5000000000165,950.8200000000164,24604.968483686447
430,1,950.5000000000166,950.8000000000166,24606.88449573517
430,3,951.1000000000162,950.9000000000163,24616.101492404938
430,5,951.3000000000164,950.8300000000163,24618.51850795746
440,2,950.6000000000164,950.8900000000164,25050.517488718033
440,7,950.9000000000161,950.8200000000164,25108.08048915863
440,6,950.7000000000165,951.0200000000165,25111.245500326157
440,0,951.2000000000161,951.1100000000163,25122.355488061905
440,4,951.300000000016,950.8500000000164,25130.77555656433
440,1,950.6000000000163,950.7000000000165,25131.91350722313
440,3,951.1000000000163,950.8800000000163,25139.89348912239
440,5,951.0000000000163,950.8400000000163,25144.001492261887
450,2,951.0000000000165,950.9100000000165,25562.95849299431
450,7,951.400000000016,951.0100000000162,25614.168494939804
450,6,950.8000000000163,950.7500000000164,25621.63175034523
450,0,950.8000000000166,951.0300000000163,25629.55649828911
450,1,950.4000000000166,950.8200000000164,25637.98250222206
450,4,951.0000000000165,951.0100000000162,25639.14146065712
450,3,951.300000000016,950.9200000000161,25647.147503614426
450,5,951.0000000000165,950.8000000000163,25648.75575518608
460,2,950.9000000000165,950.8900000000164,26068.894488811493
460,7,950.9000000000166,950.9700000000163,26123.410492897034
460,6,951.200000000016,950.8700000000163,26133.839504480362
460,0,950.8000000000168,950.7800000000165,26141.86849117279
460,1,951.1000000000164,950.9800000000165,26151.257484912872
460,4,950.4000000000163,950.7300000000165,26151.69248366356
460,3,950.7000000000165,950.9400000000165,26156.47749400139
460,5,950.5000000000164,950.8100000000162,26159.92855000496
470,2,951.2000000000163,951.1400000000164,26578.403497219086
470,7,951.4000000000163,950.9900000000164,26632.69549179077
470,6,951.2000000000163,950.9500000000164,26646.613491535187
470,0,951.1000000000162,950.9700000000164,26650.23650288582
470,1,950.5000000000163,950.8400000000165,26660.509477853775
470,4,950.3000000000166,950.7800000000163,26662.037466287613
470,5,951.2000000000164,950.8100000000164,26667.089751958847
470,3,951.3000000000162,950.9000000000162,26667.810487031937
480,2,950.7000000000163,950.8900000000164,27088.797481775284
480,7,950.8000000000162,950.8500000000164,27140.48849129677
480,6,950.4000000000166,950.7600000000162,27153.180518865585
480,0,950.7000000000163,950.9800000000165,27159.349492311478
480,4,950.5000000000164,950.7100000000164,27168.574498653412
480,1,951.6000000000164,951.0000000000164,27169.642590522766
480,3,951.2000000000165,950.7600000000166,27172.52947616577
480,5,950.6000000000164,950.8200000000164,27178.303506612778
490,2,950.7000000000164,950.8400000000163,27593.472490787506
490,7,950.5000000000164,950.9000000000163,27641.11652803421
490,6,950.9000000000163,950.8400000000163,27657.8995885849
490,0,950.9000000000167,950.8700000000165,27667.216487646103
490,4,950.5000000000166,950.8800000000165,27676.349585294724
490,1,951.4000000000161,950.9100000000162,27677.901504039764
490,3,950.6000000000165,950.8500000000164,27678.821486473083
490,5,951.2000000000161,950.8400000000162,27684.1739423275
